# Blender 3.3.1
# www.blender.org
mtllib apartment_block8.mtl
o apartment_block8
v -2.501956 -1.248611 -0.000000
v -0.326213 -1.248611 -0.000000
v -2.501956 1.250040 0.000000
v -0.326213 1.250040 0.000000
v -2.418732 1.209484 0.009888
v -1.832697 1.209484 0.009888
v -1.832697 1.209484 -0.000634
v -2.418732 1.209484 -0.000634
v -1.832697 0.858557 0.009888
v -2.418732 0.858557 0.009888
v -1.832697 0.858557 -0.000634
v -2.418732 0.858557 -0.000634
v -1.820690 0.836058 -0.000634
v -1.832697 0.836058 -0.000634
v -1.832697 0.836058 0.009888
v -1.820690 0.836058 0.009888
v -2.430501 0.836058 0.009888
v -2.418732 0.836058 0.009888
v -2.418732 0.836058 -0.000634
v -2.430501 0.836058 -0.000634
v -1.820690 0.858557 0.009888
v -2.430501 0.858557 -0.000634
v -1.820690 1.209484 0.009888
v -1.820690 1.209484 -0.000634
v -1.820690 0.858557 -0.000634
v -2.430501 0.858557 0.009888
v -2.430501 1.209484 -0.000634
v -2.430501 1.209484 0.009888
v -1.832697 1.209484 0.020643
v -2.418732 1.209484 0.020643
v -1.820690 1.209484 0.020643
v -2.430501 1.209484 0.020643
v -2.430501 1.229422 0.009888
v -2.430501 1.229422 -0.000634
v -1.820690 1.229422 -0.000634
v -1.820690 1.229422 0.009888
v -2.430501 1.229422 0.020644
v -1.820690 1.229422 0.020644
v -2.418732 0.858557 0.003004
v -2.418732 1.209484 0.003004
v -1.832697 1.209484 0.003004
v -1.832697 0.858557 0.003004
v -2.402178 0.934570 0.003638
v -2.144492 0.934570 0.003638
v -2.402178 1.182189 0.003638
v -2.144492 1.182189 0.003638
v -2.102117 0.934570 0.003638
v -1.844431 0.934570 0.003638
v -2.102117 1.182189 0.003638
v -1.844431 1.182189 0.003638
v -2.402178 0.858923 0.003638
v -2.131532 0.858923 0.003638
v -2.402178 0.916903 0.003638
v -2.131532 0.916903 0.003638
v -2.113083 0.858923 0.003638
v -1.844431 0.858923 0.003638
v -2.113083 0.916903 0.003638
v -1.844431 0.916903 0.003638
v -1.844431 0.297755 0.003638
v -2.113083 0.297755 0.003638
v -1.844431 0.239775 0.003638
v -2.113083 0.239775 0.003638
v -2.131532 0.297755 0.003638
v -2.402178 0.297755 0.003638
v -2.131532 0.239775 0.003638
v -2.402178 0.239775 0.003638
v -1.844431 0.563041 0.003638
v -2.102117 0.563041 0.003638
v -1.844431 0.315422 0.003638
v -2.102117 0.315422 0.003638
v -2.144492 0.563041 0.003638
v -2.402178 0.563041 0.003638
v -2.144492 0.315422 0.003638
v -2.402178 0.315422 0.003638
v -1.832697 0.239409 0.003003
v -1.832697 0.590336 0.003003
v -2.418732 0.590336 0.003003
v -2.418732 0.239409 0.003003
v -1.820690 0.610274 0.020644
v -2.430501 0.610274 0.020644
v -1.820690 0.610274 0.009888
v -1.820690 0.610274 -0.000634
v -2.430501 0.610274 -0.000634
v -2.430501 0.610274 0.009888
v -2.430501 0.590336 0.020643
v -1.820690 0.590336 0.020643
v -2.418732 0.590336 0.020643
v -1.832697 0.590336 0.020643
v -2.430501 0.590336 0.009888
v -2.430501 0.590336 -0.000634
v -2.430501 0.239409 0.009888
v -1.820690 0.239409 -0.000634
v -1.820690 0.590336 -0.000634
v -1.820690 0.590336 0.009888
v -2.430501 0.239409 -0.000634
v -1.820690 0.239409 0.009888
v -2.430501 0.216910 -0.000634
v -2.418732 0.216910 -0.000634
v -2.418732 0.216910 0.009888
v -2.430501 0.216910 0.009888
v -1.820690 0.216910 0.009888
v -1.832697 0.216910 0.009888
v -1.832697 0.216910 -0.000634
v -1.820690 0.216910 -0.000634
v -2.418732 0.239409 -0.000634
v -1.832697 0.239409 -0.000634
v -2.418732 0.239409 0.009888
v -1.832697 0.239409 0.009888
v -2.418732 0.590336 -0.000634
v -1.832697 0.590336 -0.000634
v -1.832697 0.590336 0.009888
v -2.418732 0.590336 0.009888
v -1.844431 -0.325119 0.003638
v -2.113083 -0.325119 0.003638
v -1.844431 -0.383099 0.003638
v -2.113083 -0.383099 0.003638
v -2.131532 -0.325119 0.003638
v -2.402178 -0.325119 0.003638
v -2.131532 -0.383099 0.003638
v -2.402178 -0.383099 0.003638
v -1.844431 -0.059833 0.003638
v -2.102117 -0.059833 0.003638
v -1.844431 -0.307452 0.003638
v -2.102117 -0.307452 0.003638
v -2.144492 -0.059833 0.003638
v -2.402178 -0.059833 0.003638
v -2.144492 -0.307452 0.003638
v -2.402178 -0.307452 0.003638
v -1.832697 -0.383466 0.003003
v -1.832697 -0.032538 0.003003
v -2.418732 -0.032538 0.003003
v -2.418732 -0.383466 0.003003
v -1.820690 -0.012600 0.020643
v -2.430501 -0.012600 0.020643
v -1.820690 -0.012600 0.009888
v -1.820690 -0.012600 -0.000634
v -2.430501 -0.012600 -0.000634
v -2.430501 -0.012600 0.009888
v -2.430501 -0.032538 0.020643
v -1.820690 -0.032538 0.020643
v -2.418732 -0.032538 0.020643
v -1.832697 -0.032538 0.020643
v -2.430501 -0.032538 0.009888
v -2.430501 -0.032538 -0.000634
v -2.430501 -0.383466 0.009888
v -1.820690 -0.383466 -0.000634
v -1.820690 -0.032538 -0.000634
v -1.820690 -0.032538 0.009888
v -2.430501 -0.383466 -0.000634
v -1.820690 -0.383466 0.009888
v -2.430501 -0.405965 -0.000634
v -2.418732 -0.405965 -0.000634
v -2.418732 -0.405965 0.009888
v -2.430501 -0.405965 0.009888
v -1.820690 -0.405965 0.009888
v -1.832697 -0.405965 0.009888
v -1.832697 -0.405965 -0.000634
v -1.820690 -0.405965 -0.000634
v -2.418732 -0.383466 -0.000634
v -1.832697 -0.383466 -0.000634
v -2.418732 -0.383466 0.009888
v -1.832697 -0.383466 0.009888
v -2.418732 -0.032538 -0.000634
v -1.832697 -0.032538 -0.000634
v -1.832697 -0.032538 0.009888
v -2.418732 -0.032538 0.009888
v -1.844431 -0.954316 0.003638
v -2.113083 -0.954316 0.003638
v -1.844431 -1.012296 0.003638
v -2.113083 -1.012296 0.003638
v -2.131532 -0.954316 0.003638
v -2.402178 -0.954316 0.003638
v -2.131532 -1.012296 0.003638
v -2.402178 -1.012296 0.003638
v -1.844431 -0.689030 0.003638
v -2.102117 -0.689030 0.003638
v -1.844431 -0.936649 0.003638
v -2.102117 -0.936649 0.003638
v -2.144492 -0.689030 0.003638
v -2.402178 -0.689030 0.003638
v -2.144492 -0.936649 0.003638
v -2.402178 -0.936649 0.003638
v -1.832697 -1.012662 0.003003
v -1.832697 -0.661734 0.003003
v -2.418732 -0.661734 0.003003
v -2.418732 -1.012662 0.003003
v -1.820690 -0.641797 0.020643
v -2.430501 -0.641797 0.020643
v -1.820690 -0.641797 0.009888
v -1.820690 -0.641797 -0.000634
v -2.430501 -0.641797 -0.000634
v -2.430501 -0.641797 0.009888
v -2.430501 -0.661734 0.020643
v -1.820690 -0.661734 0.020643
v -2.418732 -0.661734 0.020643
v -1.832697 -0.661734 0.020643
v -2.430501 -0.661734 0.009888
v -2.430501 -0.661734 -0.000634
v -2.430501 -1.012662 0.009888
v -1.820690 -1.012662 -0.000634
v -1.820690 -0.661734 -0.000634
v -1.820690 -0.661734 0.009888
v -2.430501 -1.012662 -0.000634
v -1.820690 -1.012662 0.009888
v -2.430501 -1.035161 -0.000634
v -2.418732 -1.035161 -0.000634
v -2.418732 -1.035161 0.009888
v -2.430501 -1.035161 0.009888
v -1.820690 -1.035161 0.009888
v -1.832697 -1.035161 0.009888
v -1.832697 -1.035161 -0.000634
v -1.820690 -1.035161 -0.000634
v -2.418732 -1.012662 -0.000634
v -1.832697 -1.012662 -0.000634
v -2.418732 -1.012662 0.009888
v -1.832697 -1.012662 0.009888
v -2.418732 -0.661734 -0.000634
v -1.832697 -0.661734 -0.000634
v -1.832697 -0.661734 0.009888
v -2.418732 -0.661734 0.009888
v -1.518974 1.208971 -0.000786
v -1.518974 1.208971 0.009901
v -1.518974 0.922252 -0.000786
v -1.518974 0.922252 0.009901
v -1.234639 1.208971 -0.000786
v -1.234639 1.208971 0.009901
v -1.234639 0.922252 -0.000786
v -1.234639 0.922252 0.009901
v -1.532662 0.922252 -0.000786
v -1.532662 1.208971 -0.000786
v -1.532662 1.208971 0.009901
v -1.532662 0.922252 0.009901
v -1.222420 0.922252 0.009901
v -1.222420 0.922252 -0.000786
v -1.222420 1.208971 -0.000786
v -1.222420 1.208971 0.009901
v -1.222420 1.224894 0.020107
v -1.532662 1.224894 0.020107
v -1.518974 1.208971 0.020107
v -1.238485 1.208971 0.020107
v -1.532662 0.902176 0.009901
v -1.532662 0.902176 -0.000786
v -1.222420 0.902176 0.009901
v -1.222420 0.902176 -0.000786
v -1.532662 1.224894 -0.000786
v -1.532662 1.224894 0.009901
v -1.222420 1.224894 0.009901
v -1.222420 1.224894 -0.000786
v -1.532662 1.208971 0.020107
v -1.222420 1.208971 0.020107
v -1.518974 1.208971 0.000125
v -1.518974 0.922252 0.000125
v -1.234639 0.922252 0.000125
v -1.234639 1.208971 0.000125
v -1.503502 1.002823 0.000464
v -1.251452 1.002823 0.000464
v -1.503502 1.182184 0.000464
v -1.251452 1.182184 0.000464
v -1.516771 0.925880 0.000464
v -1.236645 0.925880 0.000464
v -1.516771 0.986830 0.000464
v -1.236645 0.986830 0.000464
v -1.518974 0.588884 -0.000786
v -1.518974 0.588884 0.009901
v -1.518974 0.302164 -0.000786
v -1.518974 0.302164 0.009901
v -1.234639 0.588884 -0.000786
v -1.234639 0.588884 0.009901
v -1.234639 0.302164 -0.000786
v -1.234639 0.302164 0.009901
v -1.532662 0.302164 -0.000786
v -1.532662 0.588884 -0.000786
v -1.532662 0.588884 0.009901
v -1.532662 0.302164 0.009901
v -1.222420 0.302164 0.009901
v -1.222420 0.302164 -0.000786
v -1.222420 0.588884 -0.000786
v -1.222420 0.588884 0.009901
v -1.222420 0.604806 0.020107
v -1.532662 0.604806 0.020107
v -1.518974 0.588884 0.020107
v -1.238485 0.588884 0.020107
v -1.532662 0.282088 0.009901
v -1.532662 0.282088 -0.000786
v -1.222420 0.282088 0.009901
v -1.222420 0.282088 -0.000786
v -1.532662 0.604806 -0.000786
v -1.532662 0.604806 0.009901
v -1.222420 0.604806 0.009901
v -1.222420 0.604806 -0.000786
v -1.532662 0.588884 0.020107
v -1.222420 0.588884 0.020107
v -1.518974 0.588884 0.000125
v -1.518974 0.302164 0.000125
v -1.234639 0.302164 0.000125
v -1.234639 0.588884 0.000125
v -1.503502 0.382735 0.000464
v -1.251452 0.382735 0.000464
v -1.503502 0.562096 0.000464
v -1.251452 0.562096 0.000464
v -1.516771 0.305792 0.000464
v -1.236645 0.305792 0.000464
v -1.516771 0.366742 0.000464
v -1.236645 0.366742 0.000464
v -1.523542 -0.032134 -0.000786
v -1.523542 -0.032134 0.009901
v -1.523542 -0.318854 -0.000786
v -1.523542 -0.318854 0.009901
v -1.239208 -0.032134 -0.000786
v -1.239208 -0.032134 0.009901
v -1.239208 -0.318854 -0.000786
v -1.239208 -0.318854 0.009901
v -1.537230 -0.318854 -0.000786
v -1.537230 -0.032134 -0.000786
v -1.537230 -0.032134 0.009901
v -1.537230 -0.318854 0.009901
v -1.226988 -0.318854 0.009901
v -1.226988 -0.318854 -0.000786
v -1.226988 -0.032134 -0.000786
v -1.226988 -0.032134 0.009901
v -1.226988 -0.016212 0.020107
v -1.537230 -0.016212 0.020107
v -1.523542 -0.032134 0.020107
v -1.243054 -0.032134 0.020107
v -1.537230 -0.338930 0.009901
v -1.537230 -0.338930 -0.000786
v -1.226988 -0.338930 0.009901
v -1.226988 -0.338930 -0.000786
v -1.537230 -0.016212 -0.000786
v -1.537230 -0.016212 0.009901
v -1.226988 -0.016212 0.009901
v -1.226988 -0.016212 -0.000786
v -1.537230 -0.032134 0.020107
v -1.226988 -0.032134 0.020107
v -1.523542 -0.032134 0.000125
v -1.523542 -0.318854 0.000125
v -1.239208 -0.318854 0.000125
v -1.239208 -0.032134 0.000125
v -1.508071 -0.238283 0.000464
v -1.256020 -0.238283 0.000464
v -1.508071 -0.058922 0.000464
v -1.256020 -0.058922 0.000464
v -1.521339 -0.315226 0.000464
v -1.241213 -0.315226 0.000464
v -1.521339 -0.254276 0.000464
v -1.241213 -0.254276 0.000464
v -1.520081 -0.658643 -0.000786
v -1.520081 -0.658643 0.009901
v -1.520081 -0.945362 -0.000787
v -1.520081 -0.945362 0.009901
v -1.235747 -0.658643 -0.000786
v -1.235747 -0.658643 0.009901
v -1.235747 -0.945362 -0.000787
v -1.235747 -0.945362 0.009901
v -1.533769 -0.945362 -0.000787
v -1.533769 -0.658643 -0.000786
v -1.533769 -0.658643 0.009901
v -1.533769 -0.945362 0.009901
v -1.223527 -0.945362 0.009901
v -1.223527 -0.945362 -0.000787
v -1.223527 -0.658643 -0.000786
v -1.223527 -0.658643 0.009901
v -1.223527 -0.642721 0.020107
v -1.533769 -0.642721 0.020107
v -1.520081 -0.658643 0.020107
v -1.239593 -0.658643 0.020107
v -1.533769 -0.965438 0.009901
v -1.533769 -0.965438 -0.000787
v -1.223527 -0.965438 0.009901
v -1.223527 -0.965438 -0.000787
v -1.533769 -0.642721 -0.000786
v -1.533769 -0.642721 0.009901
v -1.223527 -0.642721 0.009901
v -1.223527 -0.642721 -0.000786
v -1.533769 -0.658643 0.020107
v -1.223527 -0.658643 0.020107
v -1.520081 -0.658643 0.000125
v -1.520081 -0.945362 0.000125
v -1.235747 -0.945362 0.000125
v -1.235747 -0.658643 0.000125
v -1.504609 -0.864792 0.000464
v -1.252559 -0.864792 0.000464
v -1.504609 -0.685431 0.000464
v -1.252559 -0.685431 0.000464
v -1.517878 -0.941735 0.000464
v -1.237752 -0.941735 0.000464
v -1.517878 -0.880785 0.000464
v -1.237752 -0.880785 0.000464
v -0.912747 1.208971 -0.000786
v -0.912747 1.208971 0.009901
v -0.912747 0.922252 -0.000786
v -0.912747 0.922252 0.009901
v -0.628412 1.208971 -0.000786
v -0.628412 1.208971 0.009901
v -0.628412 0.922252 -0.000786
v -0.628412 0.922252 0.009901
v -0.926435 0.922252 -0.000786
v -0.926435 1.208971 -0.000786
v -0.926435 1.208971 0.009901
v -0.926435 0.922252 0.009901
v -0.616193 0.922252 0.009901
v -0.616193 0.922252 -0.000786
v -0.616193 1.208971 -0.000786
v -0.616193 1.208971 0.009901
v -0.616193 1.224894 0.020107
v -0.926435 1.224894 0.020107
v -0.912747 1.208971 0.020107
v -0.632258 1.208971 0.020107
v -0.926435 0.902176 0.009901
v -0.926435 0.902176 -0.000786
v -0.616193 0.902176 0.009901
v -0.616193 0.902176 -0.000786
v -0.926435 1.224894 -0.000786
v -0.926435 1.224894 0.009901
v -0.616193 1.224894 0.009901
v -0.616193 1.224894 -0.000786
v -0.926435 1.208971 0.020107
v -0.616193 1.208971 0.020107
v -0.912747 1.208971 0.000125
v -0.912747 0.922252 0.000125
v -0.628412 0.922252 0.000125
v -0.628412 1.208971 0.000125
v -0.897275 1.002823 0.000464
v -0.645225 1.002823 0.000464
v -0.897275 1.182184 0.000464
v -0.645225 1.182184 0.000464
v -0.910544 0.925880 0.000464
v -0.630418 0.925880 0.000464
v -0.910544 0.986830 0.000464
v -0.630418 0.986830 0.000464
v -0.912747 0.588884 -0.000786
v -0.912747 0.588884 0.009901
v -0.912747 0.302164 -0.000786
v -0.912747 0.302164 0.009901
v -0.628412 0.588884 -0.000786
v -0.628412 0.588884 0.009901
v -0.628412 0.302164 -0.000786
v -0.628412 0.302164 0.009901
v -0.926435 0.302164 -0.000786
v -0.926435 0.588884 -0.000786
v -0.926435 0.588884 0.009901
v -0.926435 0.302164 0.009901
v -0.616193 0.302164 0.009901
v -0.616193 0.302164 -0.000786
v -0.616193 0.588884 -0.000786
v -0.616193 0.588884 0.009901
v -0.616193 0.604806 0.020107
v -0.926435 0.604806 0.020107
v -0.912747 0.588884 0.020107
v -0.632258 0.588884 0.020107
v -0.926435 0.282088 0.009901
v -0.926435 0.282088 -0.000786
v -0.616193 0.282088 0.009901
v -0.616193 0.282088 -0.000786
v -0.926435 0.604806 -0.000786
v -0.926435 0.604806 0.009901
v -0.616193 0.604806 0.009901
v -0.616193 0.604806 -0.000786
v -0.926435 0.588884 0.020107
v -0.616193 0.588884 0.020107
v -0.912747 0.588884 0.000125
v -0.912747 0.302164 0.000125
v -0.628412 0.302164 0.000125
v -0.628412 0.588884 0.000125
v -0.897275 0.382735 0.000464
v -0.645225 0.382735 0.000464
v -0.897275 0.562096 0.000464
v -0.645225 0.562096 0.000464
v -0.910544 0.305792 0.000464
v -0.630418 0.305792 0.000464
v -0.910544 0.366742 0.000464
v -0.630418 0.366742 0.000464
v -0.917316 -0.032134 -0.000786
v -0.917316 -0.032134 0.009901
v -0.917316 -0.318854 -0.000786
v -0.917316 -0.318854 0.009901
v -0.632981 -0.032134 -0.000786
v -0.632981 -0.032134 0.009901
v -0.632981 -0.318854 -0.000786
v -0.632981 -0.318854 0.009901
v -0.931004 -0.318854 -0.000786
v -0.931004 -0.032134 -0.000786
v -0.931004 -0.032134 0.009901
v -0.931004 -0.318854 0.009901
v -0.620762 -0.318854 0.009901
v -0.620762 -0.318854 -0.000786
v -0.620762 -0.032134 -0.000786
v -0.620762 -0.032134 0.009901
v -0.620762 -0.016212 0.020107
v -0.931004 -0.016212 0.020107
v -0.917316 -0.032134 0.020107
v -0.636827 -0.032134 0.020107
v -0.931004 -0.338930 0.009901
v -0.931004 -0.338930 -0.000786
v -0.620762 -0.338930 0.009901
v -0.620762 -0.338930 -0.000786
v -0.931004 -0.016212 -0.000786
v -0.931004 -0.016212 0.009901
v -0.620762 -0.016212 0.009901
v -0.620762 -0.016212 -0.000786
v -0.931004 -0.032134 0.020107
v -0.620762 -0.032134 0.020107
v -0.917316 -0.032134 0.000125
v -0.917316 -0.318854 0.000125
v -0.632981 -0.318854 0.000125
v -0.632981 -0.032134 0.000125
v -0.901844 -0.238283 0.000464
v -0.649794 -0.238283 0.000464
v -0.901844 -0.058922 0.000464
v -0.649794 -0.058922 0.000464
v -0.915113 -0.315226 0.000464
v -0.634986 -0.315226 0.000464
v -0.915113 -0.254276 0.000464
v -0.634986 -0.254276 0.000464
v -0.913854 -0.658643 -0.000786
v -0.913854 -0.658643 0.009901
v -0.913854 -0.945362 -0.000787
v -0.913854 -0.945362 0.009901
v -0.629520 -0.658643 -0.000786
v -0.629520 -0.658643 0.009901
v -0.629520 -0.945362 -0.000787
v -0.629520 -0.945362 0.009901
v -0.927542 -0.945362 -0.000787
v -0.927542 -0.658643 -0.000786
v -0.927542 -0.658643 0.009901
v -0.927542 -0.945362 0.009901
v -0.617300 -0.945362 0.009901
v -0.617300 -0.945362 -0.000787
v -0.617300 -0.658643 -0.000786
v -0.617300 -0.658643 0.009901
v -0.617300 -0.642721 0.020107
v -0.927542 -0.642721 0.020107
v -0.913854 -0.658643 0.020107
v -0.633366 -0.658643 0.020107
v -0.927542 -0.965438 0.009901
v -0.927542 -0.965438 -0.000787
v -0.617300 -0.965438 0.009901
v -0.617300 -0.965438 -0.000787
v -0.927542 -0.642721 -0.000786
v -0.927542 -0.642721 0.009901
v -0.617300 -0.642721 0.009901
v -0.617300 -0.642721 -0.000786
v -0.927542 -0.658643 0.020107
v -0.617300 -0.658643 0.020107
v -0.913854 -0.658643 0.000125
v -0.913854 -0.945362 0.000125
v -0.629520 -0.945362 0.000125
v -0.629520 -0.658643 0.000125
v -0.898382 -0.864792 0.000464
v -0.646332 -0.864792 0.000464
v -0.898382 -0.685431 0.000464
v -0.646332 -0.685431 0.000464
v -0.911651 -0.941735 0.000464
v -0.631525 -0.941735 0.000464
v -0.911651 -0.880785 0.000464
v -0.631525 -0.880785 0.000464
v -0.327156 -1.248611 -0.604671
v -0.327156 1.250040 -0.604671
v 1.489400 -0.880785 0.000464
v 1.209274 -0.880785 0.000464
v 1.489400 -0.941735 0.000464
v 1.209274 -0.941735 0.000464
v 1.474593 -0.685431 0.000464
v 1.222543 -0.685431 0.000464
v 1.474593 -0.864792 0.000464
v 1.222543 -0.864792 0.000464
v 1.491406 -0.658643 0.000125
v 1.491406 -0.945362 0.000125
v 1.207071 -0.945362 0.000125
v 1.207071 -0.658643 0.000125
v 1.503625 -0.658643 0.020107
v 1.193383 -0.658643 0.020107
v 1.503625 -0.642721 -0.000786
v 1.503625 -0.642721 0.009901
v 1.193383 -0.642721 0.009901
v 1.193383 -0.642721 -0.000786
v 1.503625 -0.965438 -0.000787
v 1.503625 -0.965438 0.009901
v 1.193383 -0.965438 -0.000787
v 1.193383 -0.965438 0.009901
v 1.487560 -0.658643 0.020107
v 1.207071 -0.658643 0.020107
v 1.193383 -0.642721 0.020107
v 1.503625 -0.642721 0.020107
v 1.503625 -0.658643 0.009901
v 1.503625 -0.658643 -0.000786
v 1.503625 -0.945362 -0.000787
v 1.503625 -0.945362 0.009901
v 1.193383 -0.945362 0.009901
v 1.193383 -0.658643 0.009901
v 1.193383 -0.658643 -0.000786
v 1.193383 -0.945362 -0.000787
v 1.491406 -0.945362 0.009901
v 1.491406 -0.945362 -0.000787
v 1.491406 -0.658643 0.009901
v 1.491406 -0.658643 -0.000786
v 1.207071 -0.945362 0.009901
v 1.207071 -0.945362 -0.000787
v 1.207071 -0.658643 0.009901
v 1.207071 -0.658643 -0.000786
v 1.485939 -0.254276 0.000464
v 1.205813 -0.254276 0.000464
v 1.485939 -0.315226 0.000464
v 1.205813 -0.315226 0.000464
v 1.471132 -0.058922 0.000464
v 1.219082 -0.058922 0.000464
v 1.471132 -0.238283 0.000464
v 1.219082 -0.238283 0.000464
v 1.487944 -0.032134 0.000125
v 1.487944 -0.318854 0.000125
v 1.203610 -0.318854 0.000125
v 1.203610 -0.032134 0.000125
v 1.500164 -0.032134 0.020107
v 1.189922 -0.032134 0.020107
v 1.500164 -0.016212 -0.000786
v 1.500164 -0.016212 0.009901
v 1.189922 -0.016212 0.009901
v 1.189922 -0.016212 -0.000786
v 1.500164 -0.338930 -0.000786
v 1.500164 -0.338930 0.009901
v 1.189922 -0.338930 -0.000786
v 1.189922 -0.338930 0.009901
v 1.484098 -0.032134 0.020107
v 1.203610 -0.032134 0.020107
v 1.189922 -0.016212 0.020107
v 1.500164 -0.016212 0.020107
v 1.500164 -0.032134 0.009901
v 1.500164 -0.032134 -0.000786
v 1.500164 -0.318854 -0.000786
v 1.500164 -0.318854 0.009901
v 1.189922 -0.318854 0.009901
v 1.189922 -0.032134 0.009901
v 1.189922 -0.032134 -0.000786
v 1.189922 -0.318854 -0.000786
v 1.487944 -0.318854 0.009901
v 1.487944 -0.318854 -0.000786
v 1.487944 -0.032134 0.009901
v 1.487944 -0.032134 -0.000786
v 1.203610 -0.318854 0.009901
v 1.203610 -0.318854 -0.000786
v 1.203610 -0.032134 0.009901
v 1.203610 -0.032134 -0.000786
v 1.490508 0.366742 0.000464
v 1.210382 0.366742 0.000464
v 1.490508 0.305792 0.000464
v 1.210382 0.305792 0.000464
v 1.475701 0.562096 0.000464
v 1.223650 0.562096 0.000464
v 1.475701 0.382735 0.000464
v 1.223650 0.382735 0.000464
v 1.492513 0.588884 0.000125
v 1.492513 0.302164 0.000125
v 1.208179 0.302164 0.000125
v 1.208179 0.588884 0.000125
v 1.504733 0.588884 0.020107
v 1.194490 0.588884 0.020107
v 1.504733 0.604806 -0.000786
v 1.504733 0.604806 0.009901
v 1.194490 0.604806 0.009901
v 1.194490 0.604806 -0.000786
v 1.504733 0.282088 -0.000786
v 1.504733 0.282088 0.009901
v 1.194490 0.282088 -0.000786
v 1.194490 0.282088 0.009901
v 1.488667 0.588884 0.020107
v 1.208179 0.588884 0.020107
v 1.194490 0.604806 0.020107
v 1.504733 0.604806 0.020107
v 1.504733 0.588884 0.009901
v 1.504733 0.588884 -0.000786
v 1.504733 0.302164 -0.000786
v 1.504733 0.302164 0.009901
v 1.194490 0.302164 0.009901
v 1.194490 0.588884 0.009901
v 1.194490 0.588884 -0.000786
v 1.194490 0.302164 -0.000786
v 1.492513 0.302164 0.009901
v 1.492513 0.302164 -0.000786
v 1.492513 0.588884 0.009901
v 1.492513 0.588884 -0.000786
v 1.208179 0.302164 0.009901
v 1.208179 0.302164 -0.000786
v 1.208179 0.588884 0.009901
v 1.208179 0.588884 -0.000786
v 1.490508 0.986830 0.000464
v 1.210382 0.986830 0.000464
v 1.490508 0.925880 0.000464
v 1.210382 0.925880 0.000464
v 1.488120 1.186171 0.000464
v 1.223650 1.186171 0.000464
v 1.488120 1.003624 0.000464
v 1.223650 1.003624 0.000464
v 1.502529 1.208971 0.000125
v 1.502529 0.922252 0.000125
v 1.208179 0.922252 0.000125
v 1.208179 1.208971 0.000125
v 1.514748 1.208971 0.020107
v 1.194490 1.208971 0.020107
v 1.514748 1.224894 -0.000786
v 1.514748 1.224894 0.009901
v 1.194490 1.224894 0.009901
v 1.194490 1.224894 -0.000786
v 1.514748 0.902176 -0.000786
v 1.514748 0.902176 0.009901
v 1.194490 0.902176 -0.000786
v 1.194490 0.902176 0.009901
v 1.488667 1.208971 0.020107
v 1.208179 1.208971 0.020107
v 1.194490 1.224894 0.020107
v 1.514748 1.224894 0.020107
v 1.514748 1.208971 0.009901
v 1.514748 1.208971 -0.000786
v 1.514748 0.922252 -0.000786
v 1.514748 0.922252 0.009901
v 1.194490 0.922252 0.009901
v 1.194490 1.208971 0.009901
v 1.194490 1.208971 -0.000786
v 1.194490 0.922252 -0.000786
v 1.502529 0.922252 0.009901
v 1.502529 0.922252 -0.000786
v 1.502529 1.208971 0.009901
v 1.502529 1.208971 -0.000786
v 1.208179 0.922252 0.009901
v 1.208179 0.922252 -0.000786
v 1.208179 1.208971 0.009901
v 1.208179 1.208971 -0.000786
v 0.883174 -0.880785 0.000464
v 0.603047 -0.880785 0.000464
v 0.883174 -0.941735 0.000464
v 0.603047 -0.941735 0.000464
v 0.868366 -0.685431 0.000464
v 0.616316 -0.685431 0.000464
v 0.868366 -0.864792 0.000464
v 0.616316 -0.864792 0.000464
v 0.885179 -0.658643 0.000125
v 0.885179 -0.945362 0.000125
v 0.600844 -0.945362 0.000125
v 0.600844 -0.658643 0.000125
v 0.897398 -0.658643 0.020107
v 0.587156 -0.658643 0.020107
v 0.897398 -0.642721 -0.000786
v 0.897398 -0.642721 0.009901
v 0.587156 -0.642721 0.009901
v 0.587156 -0.642721 -0.000786
v 0.897398 -0.965438 -0.000787
v 0.897398 -0.965438 0.009901
v 0.587156 -0.965438 -0.000787
v 0.587156 -0.965438 0.009901
v 0.881333 -0.658643 0.020107
v 0.600844 -0.658643 0.020107
v 0.587156 -0.642721 0.020107
v 0.897398 -0.642721 0.020107
v 0.897398 -0.658643 0.009901
v 0.897398 -0.658643 -0.000786
v 0.897398 -0.945362 -0.000787
v 0.897398 -0.945362 0.009901
v 0.587156 -0.945362 0.009901
v 0.587156 -0.658643 0.009901
v 0.587156 -0.658643 -0.000786
v 0.587156 -0.945362 -0.000787
v 0.885179 -0.945362 0.009901
v 0.885179 -0.945362 -0.000787
v 0.885179 -0.658643 0.009901
v 0.885179 -0.658643 -0.000786
v 0.600844 -0.945362 0.009901
v 0.600844 -0.945362 -0.000787
v 0.600844 -0.658643 0.009901
v 0.600844 -0.658643 -0.000786
v 0.879712 -0.254276 0.000464
v 0.599586 -0.254276 0.000464
v 0.879712 -0.315226 0.000464
v 0.599586 -0.315226 0.000464
v 0.864905 -0.058922 0.000464
v 0.612855 -0.058922 0.000464
v 0.864905 -0.238283 0.000464
v 0.612855 -0.238283 0.000464
v 0.881718 -0.032134 0.000125
v 0.881718 -0.318854 0.000125
v 0.597383 -0.318854 0.000125
v 0.597383 -0.032134 0.000125
v 0.893937 -0.032134 0.020107
v 0.583695 -0.032134 0.020107
v 0.893937 -0.016212 -0.000786
v 0.893937 -0.016212 0.009901
v 0.583695 -0.016212 0.009901
v 0.583695 -0.016212 -0.000786
v 0.893937 -0.338930 -0.000786
v 0.893937 -0.338930 0.009901
v 0.583695 -0.338930 -0.000786
v 0.583695 -0.338930 0.009901
v 0.877872 -0.032134 0.020107
v 0.597383 -0.032134 0.020107
v 0.583695 -0.016212 0.020107
v 0.893937 -0.016212 0.020107
v 0.893937 -0.032134 0.009901
v 0.893937 -0.032134 -0.000786
v 0.893937 -0.318854 -0.000786
v 0.893937 -0.318854 0.009901
v 0.583695 -0.318854 0.009901
v 0.583695 -0.032134 0.009901
v 0.583695 -0.032134 -0.000786
v 0.583695 -0.318854 -0.000786
v 0.881718 -0.318854 0.009901
v 0.881718 -0.318854 -0.000786
v 0.881718 -0.032134 0.009901
v 0.881718 -0.032134 -0.000786
v 0.597383 -0.318854 0.009901
v 0.597383 -0.318854 -0.000786
v 0.597383 -0.032134 0.009901
v 0.597383 -0.032134 -0.000786
v 0.884281 0.366742 0.000464
v 0.604155 0.366742 0.000464
v 0.884281 0.305792 0.000464
v 0.604155 0.305792 0.000464
v 0.869474 0.562096 0.000464
v 0.617424 0.562096 0.000464
v 0.869474 0.382735 0.000464
v 0.617424 0.382735 0.000464
v 0.886286 0.588884 0.000125
v 0.886286 0.302164 0.000125
v 0.601952 0.302164 0.000125
v 0.601952 0.588884 0.000125
v 0.898506 0.588884 0.020107
v 0.588264 0.588884 0.020107
v 0.898506 0.604806 -0.000786
v 0.898506 0.604806 0.009901
v 0.588264 0.604806 0.009901
v 0.588264 0.604806 -0.000786
v 0.898506 0.282088 -0.000786
v 0.898506 0.282088 0.009901
v 0.588264 0.282088 -0.000786
v 0.588264 0.282088 0.009901
v 0.882440 0.588884 0.020107
v 0.601952 0.588884 0.020107
v 0.588264 0.604806 0.020107
v 0.898506 0.604806 0.020107
v 0.898506 0.588884 0.009901
v 0.898506 0.588884 -0.000786
v 0.898506 0.302164 -0.000786
v 0.898506 0.302164 0.009901
v 0.588264 0.302164 0.009901
v 0.588264 0.588884 0.009901
v 0.588264 0.588884 -0.000786
v 0.588264 0.302164 -0.000786
v 0.886286 0.302164 0.009901
v 0.886286 0.302164 -0.000786
v 0.886286 0.588884 0.009901
v 0.886286 0.588884 -0.000786
v 0.601952 0.302164 0.009901
v 0.601952 0.302164 -0.000786
v 0.601952 0.588884 0.009901
v 0.601952 0.588884 -0.000786
v 0.884281 0.986830 0.000464
v 0.604155 0.986830 0.000464
v 0.884281 0.925880 0.000464
v 0.604155 0.925880 0.000464
v 0.869474 1.182184 0.000464
v 0.617424 1.182184 0.000464
v 0.869474 1.002823 0.000464
v 0.617424 1.002823 0.000464
v 0.886286 1.208971 0.000125
v 0.886286 0.922252 0.000125
v 0.601952 0.922252 0.000125
v 0.601952 1.208971 0.000125
v 0.898506 1.208971 0.020107
v 0.588264 1.208971 0.020107
v 0.898506 1.224894 -0.000786
v 0.898506 1.224894 0.009901
v 0.588264 1.224894 0.009901
v 0.588264 1.224894 -0.000786
v 0.898506 0.902176 -0.000786
v 0.898506 0.902176 0.009901
v 0.588264 0.902176 -0.000786
v 0.588264 0.902176 0.009901
v 0.882440 1.208971 0.020107
v 0.601952 1.208971 0.020107
v 0.588264 1.224894 0.020107
v 0.898506 1.224894 0.020107
v 0.898506 1.208971 0.009901
v 0.898506 1.208971 -0.000786
v 0.898506 0.922252 -0.000786
v 0.898506 0.922252 0.009901
v 0.588264 0.922252 0.009901
v 0.588264 1.208971 0.009901
v 0.588264 1.208971 -0.000786
v 0.588264 0.922252 -0.000786
v 0.886286 0.922252 0.009901
v 0.886286 0.922252 -0.000786
v 0.886286 1.208971 0.009901
v 0.886286 1.208971 -0.000786
v 0.601952 0.922252 0.009901
v 0.601952 0.922252 -0.000786
v 0.601952 1.208971 0.009901
v 0.601952 1.208971 -0.000786
v 1.818120 -0.661734 0.009888
v 2.404155 -0.661734 0.009888
v 2.404155 -0.661734 -0.000634
v 1.818120 -0.661734 -0.000634
v 2.404155 -1.012662 0.009888
v 1.818120 -1.012662 0.009888
v 2.404155 -1.012662 -0.000634
v 1.818120 -1.012662 -0.000634
v 2.416162 -1.035161 -0.000634
v 2.404155 -1.035161 -0.000634
v 2.404155 -1.035161 0.009888
v 2.416162 -1.035161 0.009888
v 1.806352 -1.035161 0.009888
v 1.818120 -1.035161 0.009888
v 1.818120 -1.035161 -0.000634
v 1.806352 -1.035161 -0.000634
v 2.416162 -1.012662 0.009888
v 1.806352 -1.012662 -0.000634
v 2.416162 -0.661734 0.009888
v 2.416162 -0.661734 -0.000634
v 2.416162 -1.012662 -0.000634
v 1.806352 -1.012662 0.009888
v 1.806352 -0.661734 -0.000634
v 1.806352 -0.661734 0.009888
v 2.404155 -0.661734 0.020643
v 1.818120 -0.661734 0.020643
v 2.416162 -0.661734 0.020643
v 1.806352 -0.661734 0.020643
v 1.806352 -0.641797 0.009888
v 1.806352 -0.641797 -0.000634
v 2.416162 -0.641797 -0.000634
v 2.416162 -0.641797 0.009888
v 1.806352 -0.641797 0.020643
v 2.416162 -0.641797 0.020643
v 1.818120 -1.012662 0.003003
v 1.818120 -0.661734 0.003003
v 2.404155 -0.661734 0.003003
v 2.404155 -1.012662 0.003003
v 1.834674 -0.936649 0.003638
v 2.092360 -0.936649 0.003638
v 1.834674 -0.689030 0.003638
v 2.092360 -0.689030 0.003638
v 2.134735 -0.936649 0.003638
v 2.392422 -0.936649 0.003638
v 2.134735 -0.689030 0.003638
v 2.392422 -0.689030 0.003638
v 1.834674 -1.012296 0.003638
v 2.105320 -1.012296 0.003638
v 1.834674 -0.954316 0.003638
v 2.105320 -0.954316 0.003638
v 2.123770 -1.012296 0.003638
v 2.392422 -1.012296 0.003638
v 2.123770 -0.954316 0.003638
v 2.392422 -0.954316 0.003638
v 1.818120 -0.032538 0.009888
v 2.404155 -0.032538 0.009888
v 2.404155 -0.032538 -0.000634
v 1.818120 -0.032538 -0.000634
v 2.404155 -0.383466 0.009888
v 1.818120 -0.383466 0.009888
v 2.404155 -0.383466 -0.000634
v 1.818120 -0.383466 -0.000634
v 2.416162 -0.405965 -0.000634
v 2.404155 -0.405965 -0.000634
v 2.404155 -0.405965 0.009888
v 2.416162 -0.405965 0.009888
v 1.806352 -0.405965 0.009888
v 1.818120 -0.405965 0.009888
v 1.818120 -0.405965 -0.000634
v 1.806352 -0.405965 -0.000634
v 2.416162 -0.383466 0.009888
v 1.806352 -0.383466 -0.000634
v 2.416162 -0.032538 0.009888
v 2.416162 -0.032538 -0.000634
v 2.416162 -0.383466 -0.000634
v 1.806352 -0.383466 0.009888
v 1.806352 -0.032538 -0.000634
v 1.806352 -0.032538 0.009888
v 2.404155 -0.032538 0.020643
v 1.818120 -0.032538 0.020643
v 2.416162 -0.032538 0.020643
v 1.806352 -0.032538 0.020643
v 1.806352 -0.012600 0.009888
v 1.806352 -0.012600 -0.000634
v 2.416162 -0.012600 -0.000634
v 2.416162 -0.012600 0.009888
v 1.806352 -0.012600 0.020643
v 2.416162 -0.012600 0.020643
v 1.818120 -0.383466 0.003003
v 1.818120 -0.032538 0.003003
v 2.404155 -0.032538 0.003003
v 2.404155 -0.383466 0.003003
v 1.834674 -0.307452 0.003638
v 2.092360 -0.307452 0.003638
v 1.834674 -0.059833 0.003638
v 2.092360 -0.059833 0.003638
v 2.134735 -0.307452 0.003638
v 2.392422 -0.307452 0.003638
v 2.134735 -0.059833 0.003638
v 2.392422 -0.059833 0.003638
v 1.834674 -0.383099 0.003638
v 2.105320 -0.383099 0.003638
v 1.834674 -0.325119 0.003638
v 2.105320 -0.325119 0.003638
v 2.123770 -0.383099 0.003638
v 2.392422 -0.383099 0.003638
v 2.123770 -0.325119 0.003638
v 2.392422 -0.325119 0.003638
v 1.818120 0.590336 0.009888
v 2.404155 0.590336 0.009888
v 2.404155 0.590336 -0.000634
v 1.818120 0.590336 -0.000634
v 2.404155 0.239409 0.009888
v 1.818120 0.239409 0.009888
v 2.404155 0.239409 -0.000634
v 1.818120 0.239409 -0.000634
v 2.416162 0.216910 -0.000634
v 2.404155 0.216910 -0.000634
v 2.404155 0.216910 0.009888
v 2.416162 0.216910 0.009888
v 1.806352 0.216910 0.009888
v 1.818120 0.216910 0.009888
v 1.818120 0.216910 -0.000634
v 1.806352 0.216910 -0.000634
v 2.416162 0.239409 0.009888
v 1.806352 0.239409 -0.000634
v 2.416162 0.590336 0.009888
v 2.416162 0.590336 -0.000634
v 2.416162 0.239409 -0.000634
v 1.806352 0.239409 0.009888
v 1.806352 0.590336 -0.000634
v 1.806352 0.590336 0.009888
v 2.404155 0.590336 0.020643
v 1.818120 0.590336 0.020643
v 2.416162 0.590336 0.020643
v 1.806352 0.590336 0.020643
v 1.806352 0.610274 0.009888
v 1.806352 0.610274 -0.000634
v 2.416162 0.610274 -0.000634
v 2.416162 0.610274 0.009888
v 1.806352 0.610274 0.020644
v 2.416162 0.610274 0.020644
v 1.818120 0.239409 0.003003
v 1.818120 0.590336 0.003003
v 2.404155 0.590336 0.003003
v 2.404155 0.239409 0.003003
v 1.834674 0.315422 0.003638
v 2.092360 0.315422 0.003638
v 1.834674 0.563041 0.003638
v 2.092360 0.563041 0.003638
v 2.134735 0.315422 0.003638
v 2.392422 0.315422 0.003638
v 2.134735 0.563041 0.003638
v 2.392422 0.563041 0.003638
v 1.834674 0.239775 0.003638
v 2.105320 0.239775 0.003638
v 1.834674 0.297755 0.003638
v 2.105320 0.297755 0.003638
v 2.123770 0.239775 0.003638
v 2.392422 0.239775 0.003638
v 2.123770 0.297755 0.003638
v 2.392422 0.297755 0.003638
v 2.392422 0.916903 0.003638
v 2.123770 0.916903 0.003638
v 2.392422 0.858923 0.003638
v 2.123770 0.858923 0.003638
v 2.105320 0.916903 0.003638
v 1.834674 0.916903 0.003638
v 2.105320 0.858923 0.003638
v 1.834674 0.858923 0.003638
v 2.392422 1.182189 0.003638
v 2.134735 1.182189 0.003638
v 2.392422 0.934570 0.003638
v 2.134735 0.934570 0.003638
v 2.092360 1.182189 0.003638
v 1.834674 1.182189 0.003638
v 2.092360 0.934570 0.003638
v 1.834674 0.934570 0.003638
v 2.404155 0.858557 0.003004
v 2.404155 1.209484 0.003004
v 1.818120 1.209484 0.003004
v 1.818120 0.858557 0.003004
v 2.416162 1.229422 0.020644
v 1.806352 1.229422 0.020644
v 2.416162 1.229422 0.009888
v 2.416162 1.229422 -0.000634
v 1.806352 1.229422 -0.000634
v 1.806352 1.229422 0.009888
v 1.806352 1.209484 0.020643
v 2.416162 1.209484 0.020643
v 1.818120 1.209484 0.020643
v 2.404155 1.209484 0.020643
v 1.806352 1.209484 0.009888
v 1.806352 1.209484 -0.000634
v 1.806352 0.858557 0.009888
v 2.416162 0.858557 -0.000634
v 2.416162 1.209484 -0.000634
v 2.416162 1.209484 0.009888
v 1.806352 0.858557 -0.000634
v 2.416162 0.858557 0.009888
v 1.806352 0.836058 -0.000634
v 1.818120 0.836058 -0.000634
v 1.818120 0.836058 0.009888
v 1.806352 0.836058 0.009888
v 2.416162 0.836058 0.009888
v 2.404155 0.836058 0.009888
v 2.404155 0.836058 -0.000634
v 2.416162 0.836058 -0.000634
v 1.818120 0.858557 -0.000634
v 2.404155 0.858557 -0.000634
v 1.818120 0.858557 0.009888
v 2.404155 0.858557 0.009888
v 1.818120 1.209484 -0.000634
v 2.404155 1.209484 -0.000634
v 2.404155 1.209484 0.009888
v 1.818120 1.209484 0.009888
v 0.290702 1.250040 -0.604671
v 0.290702 -1.248611 -0.604671
v 0.290702 1.250040 0.000000
v 2.499519 1.250040 0.000000
v 0.290702 -1.248611 -0.000000
v 2.499519 -1.248611 -0.000000
v -0.327745 -0.660571 -0.613171
v -0.327745 -0.660571 -0.009235
v -0.327745 -0.589078 -0.613171
v -0.327745 -0.589078 -0.009235
v 0.293984 -0.660571 -0.613171
v 0.293984 -0.660571 -0.009235
v 0.293984 -0.589078 -0.613171
v 0.293984 -0.589078 -0.009235
v -0.311389 -0.565949 -0.026947
v -0.311389 -0.565949 -0.018463
v -0.311389 -0.365689 -0.026947
v -0.311389 -0.365689 -0.018463
v 0.270151 -0.565949 -0.026947
v 0.270151 -0.565949 -0.018463
v 0.270151 -0.365689 -0.026947
v 0.270151 -0.365689 -0.018463
v -0.300285 -0.365689 -0.018463
v -0.300285 -0.365689 -0.026947
v 0.259877 -0.365689 -0.018463
v 0.259877 -0.365689 -0.026947
v 0.259981 -0.565949 -0.018463
v 0.259981 -0.565949 -0.026947
v -0.300146 -0.565949 -0.026947
v -0.300146 -0.565949 -0.018463
v -0.110355 -0.565949 -0.026947
v -0.110356 -0.565949 -0.018463
v -0.120037 -0.565949 -0.018463
v -0.120037 -0.565949 -0.026947
v 0.079636 -0.565949 -0.026947
v 0.079636 -0.565949 -0.018463
v 0.070204 -0.565949 -0.018463
v 0.070204 -0.565949 -0.026947
v 0.070204 -0.365689 -0.018463
v 0.070204 -0.365689 -0.026947
v 0.079107 -0.365689 -0.018463
v 0.079107 -0.365689 -0.026947
v -0.120332 -0.365689 -0.018463
v -0.120332 -0.365689 -0.026947
v -0.110479 -0.365689 -0.026947
v -0.110479 -0.365689 -0.018463
v -0.311389 -0.590178 -0.026947
v -0.311389 -0.590178 -0.018463
v 0.270151 -0.590178 -0.018463
v 0.270151 -0.590178 -0.026947
v 0.259981 -0.590178 -0.026947
v -0.300146 -0.590178 -0.018463
v 0.259981 -0.590178 -0.018463
v -0.300146 -0.590178 -0.026947
v -0.120037 -0.590178 -0.026947
v -0.110355 -0.590178 -0.026947
v -0.110356 -0.590178 -0.018463
v -0.120037 -0.590178 -0.018463
v 0.070204 -0.590178 -0.026947
v 0.079636 -0.590178 -0.026947
v 0.079636 -0.590178 -0.018463
v 0.070204 -0.590178 -0.018463
v -0.311389 -0.342613 -0.018463
v -0.311389 -0.342613 -0.026947
v -0.300285 -0.342613 -0.026947
v 0.259877 -0.342613 -0.018463
v 0.270151 -0.342613 -0.018463
v 0.270151 -0.342613 -0.026947
v -0.300285 -0.342613 -0.018463
v 0.259877 -0.342613 -0.026947
v 0.079107 -0.342613 -0.026947
v 0.070204 -0.342613 -0.026947
v 0.070204 -0.342613 -0.018463
v 0.079107 -0.342613 -0.018463
v -0.110479 -0.342613 -0.026947
v -0.120332 -0.342613 -0.026947
v -0.120332 -0.342613 -0.018463
v -0.110479 -0.342613 -0.018463
v -0.311389 -0.342613 -0.016473
v -0.311389 -0.342613 -0.028937
v -0.300285 -0.342613 -0.028937
v -0.300285 -0.342613 -0.016473
v -0.311389 -0.330557 -0.016473
v -0.311389 -0.330557 -0.028937
v -0.300285 -0.330557 -0.028937
v -0.300285 -0.330557 -0.016473
v 0.293857 -0.342613 -0.016476
v 0.293857 -0.342613 -0.028939
v 0.293857 -0.330557 -0.016476
v 0.293857 -0.330557 -0.028939
v -0.329417 -0.342613 -0.016473
v -0.329417 -0.342613 -0.028937
v -0.329417 -0.330557 -0.016473
v -0.329417 -0.330557 -0.028937
v -0.330482 -1.249699 -0.009235
v -0.330482 -1.219649 -0.613171
v -0.330482 -1.219649 -0.009235
v 0.296721 -1.249699 -0.009235
v 0.296721 -1.219649 -0.613171
v 0.296721 -1.219649 -0.009235
v -0.311389 -1.196520 -0.026947
v -0.311389 -1.196520 -0.018463
v -0.311389 -0.996261 -0.026947
v -0.311389 -0.996261 -0.018463
v 0.270151 -1.196520 -0.026947
v 0.270151 -1.196520 -0.018463
v 0.270151 -0.996261 -0.026947
v 0.270151 -0.996261 -0.018463
v -0.300285 -0.996261 -0.018463
v -0.300285 -0.996261 -0.026947
v 0.259877 -0.996261 -0.018463
v 0.259877 -0.996261 -0.026947
v 0.259981 -1.196520 -0.018463
v 0.259981 -1.196520 -0.026947
v -0.300146 -1.196520 -0.026947
v -0.300146 -1.196520 -0.018463
v -0.110355 -1.196520 -0.026947
v -0.110356 -1.196520 -0.018463
v -0.120037 -1.196520 -0.018463
v -0.120037 -1.196520 -0.026947
v 0.079636 -1.196520 -0.026947
v 0.079636 -1.196520 -0.018463
v 0.070204 -1.196520 -0.018463
v 0.070204 -1.196520 -0.026947
v 0.070204 -0.996261 -0.018463
v 0.070204 -0.996261 -0.026947
v 0.079107 -0.996261 -0.018463
v 0.079107 -0.996261 -0.026947
v -0.120332 -0.996261 -0.018463
v -0.120332 -0.996261 -0.026947
v -0.110479 -0.996261 -0.026947
v -0.110479 -0.996261 -0.018463
v -0.311389 -1.220750 -0.026947
v -0.311389 -1.220750 -0.018463
v 0.270151 -1.220750 -0.018463
v 0.270151 -1.220750 -0.026947
v 0.259981 -1.220750 -0.026947
v -0.300146 -1.220750 -0.018463
v 0.259981 -1.220750 -0.018463
v -0.300146 -1.220750 -0.026947
v -0.120037 -1.220750 -0.026947
v -0.110355 -1.220750 -0.026947
v -0.110356 -1.220750 -0.018463
v -0.120037 -1.220750 -0.018463
v 0.070204 -1.220750 -0.026947
v 0.079636 -1.220750 -0.026947
v 0.079636 -1.220750 -0.018463
v 0.070204 -1.220750 -0.018463
v -0.311389 -0.973185 -0.018463
v -0.311389 -0.973185 -0.026947
v -0.300285 -0.973185 -0.026947
v 0.259877 -0.973185 -0.018463
v 0.270151 -0.973185 -0.018463
v 0.270151 -0.973185 -0.026947
v -0.300285 -0.973185 -0.018463
v 0.259877 -0.973185 -0.026947
v 0.079107 -0.973185 -0.026947
v 0.070204 -0.973185 -0.026947
v 0.070204 -0.973185 -0.018463
v 0.079107 -0.973185 -0.018463
v -0.110479 -0.973185 -0.026947
v -0.120332 -0.973185 -0.026947
v -0.120332 -0.973185 -0.018463
v -0.110479 -0.973185 -0.018463
v -0.311389 -0.973185 -0.016473
v -0.311389 -0.973185 -0.028937
v -0.300285 -0.973185 -0.028937
v -0.300285 -0.973185 -0.016473
v -0.311389 -0.961129 -0.016473
v -0.311389 -0.961129 -0.028937
v -0.300285 -0.961129 -0.028937
v -0.300285 -0.961129 -0.016473
v 0.293857 -0.973185 -0.016476
v 0.293857 -0.973185 -0.028939
v 0.293857 -0.961129 -0.016476
v 0.293857 -0.961129 -0.028939
v -0.329417 -0.973185 -0.016473
v -0.329417 -0.973185 -0.028937
v -0.329417 -0.961129 -0.016473
v -0.329417 -0.961129 -0.028937
v -0.327745 -0.032929 -0.613171
v -0.327745 -0.032929 -0.009235
v -0.327745 0.038565 -0.613171
v -0.327745 0.038565 -0.009235
v 0.293984 -0.032929 -0.613171
v 0.293984 -0.032929 -0.009235
v 0.293984 0.038565 -0.613171
v 0.293984 0.038565 -0.009235
v -0.311389 0.061694 -0.026947
v -0.311389 0.061694 -0.018463
v -0.311389 0.261953 -0.026947
v -0.311389 0.261953 -0.018463
v 0.270151 0.061694 -0.026947
v 0.270151 0.061694 -0.018463
v 0.270151 0.261953 -0.026947
v 0.270151 0.261953 -0.018463
v -0.300285 0.261953 -0.018463
v -0.300285 0.261953 -0.026947
v 0.259877 0.261953 -0.018463
v 0.259877 0.261953 -0.026947
v 0.259981 0.061694 -0.018463
v 0.259981 0.061694 -0.026947
v -0.300146 0.061694 -0.026947
v -0.300146 0.061694 -0.018463
v -0.110355 0.061694 -0.026947
v -0.110356 0.061694 -0.018463
v -0.120037 0.061694 -0.018463
v -0.120037 0.061694 -0.026947
v 0.079636 0.061694 -0.026947
v 0.079636 0.061694 -0.018463
v 0.070204 0.061694 -0.018463
v 0.070204 0.061694 -0.026947
v 0.070204 0.261953 -0.018463
v 0.070204 0.261953 -0.026947
v 0.079107 0.261953 -0.018463
v 0.079107 0.261953 -0.026947
v -0.120332 0.261953 -0.018463
v -0.120332 0.261953 -0.026947
v -0.110479 0.261953 -0.026947
v -0.110479 0.261953 -0.018463
v -0.311389 0.037464 -0.026947
v -0.311389 0.037464 -0.018463
v 0.270151 0.037464 -0.018463
v 0.270151 0.037464 -0.026947
v 0.259981 0.037464 -0.026947
v -0.300146 0.037464 -0.018463
v 0.259981 0.037464 -0.018463
v -0.300146 0.037464 -0.026947
v -0.120037 0.037464 -0.026947
v -0.110355 0.037464 -0.026947
v -0.110356 0.037464 -0.018463
v -0.120037 0.037464 -0.018463
v 0.070204 0.037464 -0.026947
v 0.079636 0.037464 -0.026947
v 0.079636 0.037464 -0.018463
v 0.070204 0.037464 -0.018463
v -0.311389 0.285029 -0.018463
v -0.311389 0.285029 -0.026947
v -0.300285 0.285029 -0.026947
v 0.259877 0.285029 -0.018463
v 0.270151 0.285029 -0.018463
v 0.270151 0.285029 -0.026947
v -0.300285 0.285029 -0.018463
v 0.259877 0.285029 -0.026947
v 0.079107 0.285029 -0.026947
v 0.070204 0.285029 -0.026947
v 0.070204 0.285029 -0.018463
v 0.079107 0.285029 -0.018463
v -0.110479 0.285029 -0.026947
v -0.120332 0.285029 -0.026947
v -0.120332 0.285029 -0.018463
v -0.110479 0.285029 -0.018463
v -0.311389 0.285029 -0.016473
v -0.311389 0.285029 -0.028937
v -0.300285 0.285029 -0.028937
v -0.300285 0.285029 -0.016473
v -0.311389 0.297085 -0.016473
v -0.311389 0.297085 -0.028937
v -0.300285 0.297085 -0.028937
v -0.300285 0.297085 -0.016473
v 0.293857 0.285029 -0.016476
v 0.293857 0.285029 -0.028939
v 0.293857 0.297085 -0.016476
v 0.293857 0.297085 -0.028939
v -0.329417 0.285029 -0.016473
v -0.329417 0.285029 -0.028937
v -0.329417 0.297085 -0.016473
v -0.329417 0.297085 -0.028937
v -0.327745 0.587213 -0.613171
v -0.327745 0.587213 -0.009235
v -0.327745 0.658706 -0.613171
v -0.327745 0.658706 -0.009235
v 0.293984 0.587213 -0.613171
v 0.293984 0.587213 -0.009235
v 0.293984 0.658706 -0.613171
v 0.293984 0.658706 -0.009235
v -0.311389 0.681835 -0.026947
v -0.311389 0.681835 -0.018463
v -0.311389 0.882095 -0.026947
v -0.311389 0.882095 -0.018463
v 0.270151 0.681835 -0.026947
v 0.270151 0.681835 -0.018463
v 0.270151 0.882095 -0.026947
v 0.270151 0.882095 -0.018463
v -0.300285 0.882095 -0.018463
v -0.300285 0.882095 -0.026947
v 0.259877 0.882095 -0.018463
v 0.259877 0.882095 -0.026947
v 0.259981 0.681835 -0.018463
v 0.259981 0.681835 -0.026947
v -0.300146 0.681835 -0.026947
v -0.300146 0.681835 -0.018463
v -0.110355 0.681835 -0.026947
v -0.110356 0.681835 -0.018463
v -0.120037 0.681835 -0.018463
v -0.120037 0.681835 -0.026947
v 0.079636 0.681835 -0.026947
v 0.079636 0.681835 -0.018463
v 0.070204 0.681835 -0.018463
v 0.070204 0.681835 -0.026947
v 0.070204 0.882095 -0.018463
v 0.070204 0.882095 -0.026947
v 0.079107 0.882095 -0.018463
v 0.079107 0.882095 -0.026947
v -0.120332 0.882095 -0.018463
v -0.120332 0.882095 -0.026947
v -0.110479 0.882095 -0.026947
v -0.110479 0.882095 -0.018463
v -0.311389 0.657605 -0.026947
v -0.311389 0.657605 -0.018463
v 0.270151 0.657605 -0.018463
v 0.270151 0.657605 -0.026947
v 0.259981 0.657605 -0.026947
v -0.300146 0.657605 -0.018463
v 0.259981 0.657605 -0.018463
v -0.300146 0.657605 -0.026947
v -0.120037 0.657605 -0.026947
v -0.110355 0.657605 -0.026947
v -0.110356 0.657605 -0.018463
v -0.120037 0.657605 -0.018463
v 0.070204 0.657605 -0.026947
v 0.079636 0.657605 -0.026947
v 0.079636 0.657605 -0.018463
v 0.070204 0.657605 -0.018463
v -0.311389 0.905171 -0.018463
v -0.311389 0.905171 -0.026947
v -0.300285 0.905171 -0.026947
v 0.259877 0.905171 -0.018463
v 0.270151 0.905171 -0.018463
v 0.270151 0.905171 -0.026947
v -0.300285 0.905171 -0.018463
v 0.259877 0.905171 -0.026947
v 0.079107 0.905171 -0.026947
v 0.070204 0.905171 -0.026947
v 0.070204 0.905171 -0.018463
v 0.079107 0.905171 -0.018463
v -0.110479 0.905171 -0.026947
v -0.120332 0.905171 -0.026947
v -0.120332 0.905171 -0.018463
v -0.110479 0.905171 -0.018463
v -0.311389 0.905171 -0.016473
v -0.311389 0.905171 -0.028937
v -0.300285 0.905171 -0.028937
v -0.300285 0.905171 -0.016473
v -0.311389 0.917226 -0.016473
v -0.311389 0.917226 -0.028937
v -0.300285 0.917226 -0.028937
v -0.300285 0.917226 -0.016473
v 0.293857 0.905171 -0.016476
v 0.293857 0.905171 -0.028939
v 0.293857 0.917226 -0.016476
v 0.293857 0.917226 -0.028939
v -0.329417 0.905171 -0.016473
v -0.329417 0.905171 -0.028937
v -0.329417 0.917226 -0.016473
v -0.329417 0.917226 -0.028937
v -0.326075 1.205288 -0.613171
v -0.326075 1.205288 -0.009235
v -0.326075 1.250025 -0.009235
v 0.292314 1.205288 -0.613171
v 0.292314 1.205288 -0.009235
v 0.292314 1.250025 -0.009235
v -0.001770 1.242168 -0.152521
v -0.001770 -1.237581 -0.152521
v 0.020824 1.242168 -0.156100
v 0.020824 -1.237581 -0.156100
v 0.041205 1.242168 -0.166485
v 0.041205 -1.237581 -0.166485
v 0.057380 1.242168 -0.182660
v 0.057380 -1.237581 -0.182660
v 0.067765 1.242168 -0.203041
v 0.067765 -1.237581 -0.203041
v 0.071344 1.242168 -0.225634
v 0.071344 -1.237581 -0.225634
v 0.067765 1.242168 -0.248228
v 0.067765 -1.237581 -0.248228
v 0.057380 1.242168 -0.268609
v 0.057380 -1.237581 -0.268609
v 0.041205 1.242168 -0.284784
v 0.041205 -1.237581 -0.284784
v 0.020824 1.242168 -0.295169
v 0.020824 -1.237581 -0.295169
v -0.001770 1.242168 -0.298747
v -0.001770 -1.237581 -0.298748
v -0.024363 1.242168 -0.295169
v -0.024363 -1.237581 -0.295169
v -0.044744 1.242168 -0.284784
v -0.044744 -1.237581 -0.284784
v -0.060919 1.242168 -0.268609
v -0.060919 -1.237581 -0.268609
v -0.071304 1.242168 -0.248228
v -0.071304 -1.237581 -0.248228
v -0.074883 1.242168 -0.225634
v -0.074883 -1.237581 -0.225634
v -0.071304 1.242168 -0.203041
v -0.071304 -1.237581 -0.203041
v -0.060919 1.242168 -0.182660
v -0.060919 -1.237581 -0.182660
v -0.044744 1.242168 -0.166485
v -0.044744 -1.237581 -0.166485
v -0.024363 1.242168 -0.156100
v -0.024363 -1.237581 -0.156100
vn -0.7071 -0.0000 -0.7071
vn -0.7071 -0.0000 0.7071
vn -0.9045 -0.3015 0.3015
vn -0.0000 -0.7071 0.7071
vn -0.5774 -0.5774 0.5774
vn -0.5774 -0.5774 -0.5774
vn -0.0000 -0.7071 -0.7071
vn 0.5774 -0.5774 -0.5774
vn 0.5774 -0.5774 0.5774
vn -0.3015 -0.9045 0.3015
vn -0.3015 0.3015 0.9045
vn 0.7071 -0.0000 0.7071
vn 0.9045 -0.3015 0.3015
vn 0.3015 0.3015 0.9045
vn -0.5774 0.5774 0.5774
vn 0.5774 0.5774 0.5774
vn 0.3015 -0.9045 0.3015
vn -0.0000 -0.0000 -1.0000
vn 0.7071 -0.0000 -0.7071
vn 0.7071 0.7071 -0.0000
vn 0.5774 0.5774 -0.5773
vn -0.5774 0.5774 -0.5773
vn -0.7071 0.7071 -0.0000
vn -0.5774 -0.5774 0.5773
vn 0.5773 -0.5774 0.5773
vn 0.5774 0.5773 0.5774
vn -0.5773 0.5774 0.5774
vn 0.7077 -0.0000 0.7066
vn -0.0000 -0.0000 1.0000
vn -0.5774 0.5774 -0.5774
vn 0.5774 0.5774 -0.5774
vn 0.5773 -0.5773 0.5774
vn 0.5774 -0.5774 0.5773
vn -0.5774 -0.5773 0.5774
vn -0.5773 0.5774 0.5773
vn -0.0000 1.0000 -0.0000
vn -0.0000 0.7071 0.7071
vn -0.0000 -1.0000 -0.0000
vn -0.3015 0.3015 -0.9045
vn -0.5774 0.5773 -0.5773
vn 0.3015 -0.3015 -0.9045
vn 0.3015 -0.3015 0.9045
vn 0.5773 -0.5774 0.5774
vn 0.5774 -0.5773 -0.5773
vn 0.3015 0.3015 -0.9045
vn -0.3015 -0.3015 -0.9045
vn -0.3015 -0.3015 0.9045
vn -0.5774 -0.5773 -0.5774
vn -0.5773 -0.5774 -0.5774
vn -0.5774 -0.5773 0.5773
vn 0.5774 0.5773 -0.5774
vn 0.5774 -0.5774 -0.5773
vn -0.5773 -0.5774 0.5774
vn -0.5773 0.5774 -0.5774
vn -0.5774 0.5773 0.5773
vn 0.5773 0.5774 0.5774
vn -0.0000 0.7071 -0.7071
vn 0.5773 -0.5774 -0.5774
vn 0.5773 0.5774 -0.5774
vn 0.5774 0.5774 0.5773
vn -0.5774 -0.5774 -0.5773
vn -0.5773 -0.5773 -0.5774
vn -0.5773 0.5773 0.5774
vn -0.5773 -0.5773 0.5774
vn 0.5773 0.5773 0.5774
vn 0.5774 -0.5773 -0.5774
vn -0.5773 -0.5774 0.5773
vn 0.3090 -0.0000 0.9511
vn 0.5878 -0.0000 0.8090
vn 0.8090 -0.0000 0.5878
vn 0.9511 -0.0000 0.3090
vn 1.0000 -0.0000 -0.0000
vn 0.9511 -0.0000 -0.3090
vn 0.8090 -0.0000 -0.5878
vn 0.5878 -0.0000 -0.8090
vn 0.3090 -0.0000 -0.9511
vn -0.3090 -0.0000 -0.9511
vn -0.5878 -0.0000 -0.8090
vn -0.8090 -0.0000 -0.5878
vn -0.9511 -0.0000 -0.3090
vn -1.0000 -0.0000 -0.0000
vn -0.9511 -0.0000 0.3090
vn -0.8090 -0.0000 0.5878
vn -0.5878 -0.0000 0.8090
vn -0.3090 -0.0000 0.9511
vt 0.000000 0.000435
vt 0.435020 0.000435
vt 0.000000 1.000000
vt 0.435020 1.000000
vt 0.016640 0.983776
vt 0.133812 0.983776
vt 0.133812 0.983776
vt 0.016640 0.983776
vt 0.133812 0.843390
vt 0.016640 0.843390
vt 0.133812 0.843390
vt 0.016640 0.843390
vt 0.136213 0.834390
vt 0.133812 0.834390
vt 0.133812 0.834390
vt 0.136213 0.834390
vt 0.014287 0.834390
vt 0.016640 0.834390
vt 0.016640 0.834390
vt 0.014287 0.834390
vt 0.136213 0.843390
vt 0.014287 0.843390
vt 0.136213 0.983776
vt 0.136213 0.983776
vt 0.136213 0.843390
vt 0.014287 0.843390
vt 0.014287 0.983776
vt 0.014287 0.983776
vt 0.133812 0.983776
vt 0.016640 0.983776
vt 0.136213 0.983776
vt 0.014287 0.983776
vt 0.014287 0.991752
vt 0.014287 0.991752
vt 0.136213 0.991752
vt 0.136213 0.991752
vt 0.014287 0.991752
vt 0.136213 0.991752
vt 0.016640 0.843390
vt 0.016640 0.983776
vt 0.133812 0.983776
vt 0.133812 0.843390
vt 0.019973 0.875667
vt 0.071046 0.875667
vt 0.019973 0.972935
vt 0.071046 0.972935
vt 0.079445 0.875667
vt 0.130518 0.875667
vt 0.079445 0.972935
vt 0.130518 0.972935
vt 0.019973 0.841504
vt 0.073615 0.841504
vt 0.019973 0.866565
vt 0.073615 0.866565
vt 0.077272 0.841504
vt 0.130518 0.841504
vt 0.077272 0.866565
vt 0.130518 0.866565
vt 0.132960 0.616991
vt 0.077272 0.616991
vt 0.132960 0.595347
vt 0.077272 0.595347
vt 0.073615 0.616991
vt 0.019973 0.616991
vt 0.073615 0.595347
vt 0.019973 0.595347
vt 0.130518 0.724685
vt 0.079445 0.724685
vt 0.130518 0.624628
vt 0.079445 0.624628
vt 0.071046 0.724685
vt 0.019973 0.724685
vt 0.071046 0.624628
vt 0.019973 0.624628
vt 0.133812 0.595705
vt 0.133812 0.736091
vt 0.016640 0.736091
vt 0.016640 0.595705
vt 0.136213 0.744067
vt 0.014287 0.744067
vt 0.136213 0.744067
vt 0.136213 0.744067
vt 0.014287 0.744067
vt 0.014287 0.744067
vt 0.014287 0.736091
vt 0.136213 0.736091
vt 0.016640 0.736091
vt 0.133812 0.736091
vt 0.014287 0.736091
vt 0.014287 0.736091
vt 0.014287 0.595705
vt 0.136213 0.595705
vt 0.136213 0.736091
vt 0.136213 0.736091
vt 0.014287 0.595705
vt 0.136213 0.595705
vt 0.014287 0.586705
vt 0.016640 0.586705
vt 0.016640 0.586705
vt 0.014287 0.586705
vt 0.136213 0.586705
vt 0.133812 0.586705
vt 0.133812 0.586705
vt 0.136213 0.586705
vt 0.016640 0.595705
vt 0.133812 0.595705
vt 0.016640 0.595705
vt 0.133812 0.595705
vt 0.016640 0.736091
vt 0.133812 0.736091
vt 0.133812 0.736091
vt 0.016640 0.736091
vt 0.133448 0.368275
vt 0.077272 0.368275
vt 0.133448 0.343213
vt 0.077272 0.343213
vt 0.073615 0.368275
vt 0.019973 0.368275
vt 0.073615 0.343213
vt 0.019973 0.343213
vt 0.130518 0.476109
vt 0.079445 0.476109
vt 0.130518 0.378841
vt 0.079445 0.378841
vt 0.071046 0.476109
vt 0.019973 0.476109
vt 0.071046 0.378841
vt 0.019973 0.378841
vt 0.133812 0.346530
vt 0.133812 0.486915
vt 0.016640 0.486915
vt 0.016640 0.346530
vt 0.136213 0.494891
vt 0.014287 0.494891
vt 0.136213 0.494891
vt 0.136213 0.494891
vt 0.014287 0.494891
vt 0.014287 0.494891
vt 0.014287 0.486915
vt 0.136213 0.486915
vt 0.016640 0.486915
vt 0.133812 0.486915
vt 0.014287 0.486915
vt 0.014287 0.486915
vt 0.014287 0.346530
vt 0.136213 0.346530
vt 0.136213 0.486915
vt 0.136213 0.486915
vt 0.014287 0.346530
vt 0.136213 0.346530
vt 0.014287 0.337529
vt 0.016640 0.337529
vt 0.016640 0.337529
vt 0.014287 0.337529
vt 0.136213 0.337529
vt 0.133812 0.337529
vt 0.133812 0.337529
vt 0.136213 0.337529
vt 0.016640 0.346530
vt 0.133812 0.346530
vt 0.016640 0.346530
vt 0.133812 0.346530
vt 0.016640 0.486915
vt 0.133812 0.486915
vt 0.133812 0.486915
vt 0.016640 0.486915
vt 0.131983 0.118765
vt 0.078736 0.118765
vt 0.131983 0.093703
vt 0.078736 0.093703
vt 0.075080 0.118765
vt 0.021438 0.118765
vt 0.075080 0.093703
vt 0.021438 0.093703
vt 0.131983 0.226599
vt 0.080910 0.226599
vt 0.131983 0.126402
vt 0.080910 0.126402
vt 0.072511 0.226599
vt 0.021438 0.226599
vt 0.072511 0.126402
vt 0.021438 0.126402
vt 0.133812 0.094825
vt 0.133812 0.235211
vt 0.016640 0.235211
vt 0.016640 0.094825
vt 0.136213 0.243186
vt 0.014287 0.243186
vt 0.136213 0.243186
vt 0.136213 0.243186
vt 0.014287 0.243186
vt 0.014287 0.243186
vt 0.014287 0.235211
vt 0.136213 0.235211
vt 0.016640 0.235211
vt 0.133812 0.235211
vt 0.014287 0.235211
vt 0.014287 0.235211
vt 0.014287 0.094825
vt 0.136213 0.094825
vt 0.136213 0.235211
vt 0.136213 0.235211
vt 0.014287 0.094825
vt 0.136213 0.094825
vt 0.014287 0.085824
vt 0.016640 0.085824
vt 0.016640 0.085824
vt 0.014287 0.085824
vt 0.136213 0.085824
vt 0.133812 0.085824
vt 0.133812 0.085824
vt 0.136213 0.085824
vt 0.016640 0.094825
vt 0.133812 0.094825
vt 0.016640 0.094825
vt 0.133812 0.094825
vt 0.016640 0.235211
vt 0.133812 0.235211
vt 0.133812 0.235211
vt 0.016640 0.235211
vt 0.196538 0.983571
vt 0.196538 0.983571
vt 0.196538 0.868871
vt 0.196538 0.868871
vt 0.253388 0.983571
vt 0.253388 0.983571
vt 0.253388 0.868871
vt 0.253388 0.868871
vt 0.193802 0.868871
vt 0.193802 0.983571
vt 0.193802 0.983571
vt 0.193802 0.868871
vt 0.255832 0.868871
vt 0.255832 0.868871
vt 0.255832 0.983571
vt 0.255832 0.983571
vt 0.255832 0.989940
vt 0.193802 0.989940
vt 0.196538 0.983571
vt 0.252620 0.983571
vt 0.193802 0.860840
vt 0.193802 0.860840
vt 0.255832 0.860840
vt 0.255832 0.860840
vt 0.193802 0.989940
vt 0.193802 0.989940
vt 0.255832 0.989940
vt 0.255832 0.989940
vt 0.193802 0.983571
vt 0.255832 0.983571
vt 0.196538 0.983571
vt 0.196538 0.868871
vt 0.253388 0.868871
vt 0.253388 0.983571
vt 0.200803 0.901217
vt 0.250759 0.901217
vt 0.200803 0.971382
vt 0.250759 0.971382
vt 0.198173 0.867958
vt 0.253694 0.867958
vt 0.198173 0.894304
vt 0.253694 0.894304
vt 0.196538 0.735510
vt 0.196538 0.735510
vt 0.196538 0.620810
vt 0.196538 0.620810
vt 0.253388 0.735510
vt 0.253388 0.735510
vt 0.253388 0.620810
vt 0.253388 0.620810
vt 0.193802 0.620810
vt 0.193802 0.735510
vt 0.193802 0.735510
vt 0.193802 0.620810
vt 0.255832 0.620810
vt 0.255832 0.620810
vt 0.255832 0.735510
vt 0.255832 0.735510
vt 0.255832 0.741880
vt 0.193802 0.741880
vt 0.196538 0.735510
vt 0.252620 0.735510
vt 0.193802 0.612779
vt 0.193802 0.612779
vt 0.255832 0.612779
vt 0.255832 0.612779
vt 0.193802 0.741880
vt 0.193802 0.741880
vt 0.255832 0.741880
vt 0.255832 0.741880
vt 0.193802 0.735510
vt 0.255832 0.735510
vt 0.196538 0.735510
vt 0.196538 0.620810
vt 0.253388 0.620810
vt 0.253388 0.735510
vt 0.199555 0.654714
vt 0.249511 0.654714
vt 0.199555 0.725476
vt 0.249511 0.725476
vt 0.196925 0.621455
vt 0.252446 0.621455
vt 0.196925 0.647801
vt 0.252446 0.647801
vt 0.195625 0.487077
vt 0.195625 0.487077
vt 0.195625 0.372377
vt 0.195625 0.372377
vt 0.252475 0.487077
vt 0.252475 0.487077
vt 0.252475 0.372377
vt 0.252475 0.372377
vt 0.192888 0.372377
vt 0.192888 0.487077
vt 0.192888 0.487077
vt 0.192888 0.372377
vt 0.254918 0.372377
vt 0.254918 0.372377
vt 0.254918 0.487077
vt 0.254918 0.487077
vt 0.254918 0.493446
vt 0.192888 0.493446
vt 0.195625 0.487077
vt 0.251706 0.487077
vt 0.192888 0.364346
vt 0.192888 0.364346
vt 0.254918 0.364346
vt 0.254918 0.364346
vt 0.192888 0.493446
vt 0.192888 0.493446
vt 0.254918 0.493446
vt 0.254918 0.493446
vt 0.192888 0.487077
vt 0.254918 0.487077
vt 0.195625 0.487077
vt 0.195625 0.372377
vt 0.252475 0.372377
vt 0.252475 0.487077
vt 0.198723 0.404459
vt 0.248679 0.404459
vt 0.198723 0.475836
vt 0.248679 0.475836
vt 0.196093 0.371201
vt 0.251614 0.371201
vt 0.196093 0.397546
vt 0.251614 0.397546
vt 0.196317 0.236447
vt 0.196317 0.236447
vt 0.196317 0.121748
vt 0.196317 0.121748
vt 0.253167 0.236447
vt 0.253167 0.236447
vt 0.253167 0.121748
vt 0.253167 0.121748
vt 0.193580 0.121748
vt 0.193580 0.236447
vt 0.193580 0.236447
vt 0.193580 0.121748
vt 0.255610 0.121748
vt 0.255610 0.121748
vt 0.255610 0.236447
vt 0.255610 0.236447
vt 0.255610 0.242817
vt 0.193580 0.242817
vt 0.196317 0.236447
vt 0.252398 0.236447
vt 0.193580 0.113716
vt 0.193580 0.113716
vt 0.255610 0.113716
vt 0.255610 0.113716
vt 0.193580 0.242817
vt 0.193580 0.242817
vt 0.255610 0.242817
vt 0.255610 0.242817
vt 0.193580 0.236447
vt 0.255610 0.236447
vt 0.196317 0.236447
vt 0.196317 0.121748
vt 0.253167 0.121748
vt 0.253167 0.236447
vt 0.198474 0.152494
vt 0.248430 0.152494
vt 0.198474 0.224597
vt 0.248430 0.224597
vt 0.195844 0.119235
vt 0.251365 0.119235
vt 0.195844 0.145581
vt 0.251365 0.145581
vt 0.317748 0.983571
vt 0.317748 0.983571
vt 0.317748 0.868871
vt 0.317748 0.868871
vt 0.374598 0.983571
vt 0.374598 0.983571
vt 0.374598 0.868871
vt 0.374598 0.868871
vt 0.315011 0.868871
vt 0.315011 0.983571
vt 0.315011 0.983571
vt 0.315011 0.868871
vt 0.377041 0.868871
vt 0.377041 0.868871
vt 0.377041 0.983571
vt 0.377041 0.983571
vt 0.377041 0.989940
vt 0.315011 0.989940
vt 0.317748 0.983571
vt 0.373829 0.983571
vt 0.315011 0.860840
vt 0.315011 0.860840
vt 0.377041 0.860840
vt 0.377041 0.860840
vt 0.315011 0.989940
vt 0.315011 0.989940
vt 0.377041 0.989940
vt 0.377041 0.989940
vt 0.315011 0.983571
vt 0.377041 0.983571
vt 0.317748 0.983571
vt 0.317748 0.868871
vt 0.374598 0.868871
vt 0.374598 0.983571
vt 0.320957 0.901217
vt 0.370914 0.901217
vt 0.320957 0.971382
vt 0.370914 0.971382
vt 0.318327 0.867958
vt 0.373848 0.867958
vt 0.318327 0.894304
vt 0.373848 0.894304
vt 0.317748 0.735510
vt 0.317748 0.735510
vt 0.317748 0.620810
vt 0.317748 0.620810
vt 0.374598 0.735510
vt 0.374598 0.735510
vt 0.374598 0.620810
vt 0.374598 0.620810
vt 0.315011 0.620810
vt 0.315011 0.735510
vt 0.315011 0.735510
vt 0.315011 0.620810
vt 0.377041 0.620810
vt 0.377041 0.620810
vt 0.377041 0.735510
vt 0.377041 0.735510
vt 0.377041 0.741880
vt 0.315011 0.741880
vt 0.317748 0.735510
vt 0.373829 0.735510
vt 0.315011 0.612779
vt 0.315011 0.612779
vt 0.377041 0.612779
vt 0.377041 0.612779
vt 0.315011 0.741880
vt 0.315011 0.741880
vt 0.377041 0.741880
vt 0.377041 0.741880
vt 0.315011 0.735510
vt 0.377041 0.735510
vt 0.317748 0.735510
vt 0.317748 0.620810
vt 0.374598 0.620810
vt 0.374598 0.735510
vt 0.319709 0.654714
vt 0.371819 0.654714
vt 0.319709 0.725476
vt 0.371819 0.725476
vt 0.318078 0.621455
vt 0.373755 0.621455
vt 0.318078 0.647801
vt 0.373755 0.647801
vt 0.316835 0.487077
vt 0.316835 0.487077
vt 0.316835 0.372377
vt 0.316835 0.372377
vt 0.373685 0.487077
vt 0.373685 0.487077
vt 0.373685 0.372377
vt 0.373685 0.372377
vt 0.314098 0.372377
vt 0.314098 0.487077
vt 0.314098 0.487077
vt 0.314098 0.372377
vt 0.376128 0.372377
vt 0.376128 0.372377
vt 0.376128 0.487077
vt 0.376128 0.487077
vt 0.376128 0.493446
vt 0.314098 0.493446
vt 0.316835 0.487077
vt 0.372916 0.487077
vt 0.314098 0.364346
vt 0.314098 0.364346
vt 0.376128 0.364346
vt 0.376128 0.364346
vt 0.314098 0.493446
vt 0.314098 0.493446
vt 0.376128 0.493446
vt 0.376128 0.493446
vt 0.314098 0.487077
vt 0.376128 0.487077
vt 0.316835 0.487077
vt 0.316835 0.372377
vt 0.373685 0.372377
vt 0.373685 0.487077
vt 0.320830 0.404459
vt 0.370786 0.404459
vt 0.320830 0.475836
vt 0.370786 0.475836
vt 0.318200 0.371201
vt 0.373721 0.371201
vt 0.318200 0.397546
vt 0.373721 0.397546
vt 0.317527 0.236447
vt 0.317527 0.236447
vt 0.317527 0.121748
vt 0.317527 0.121748
vt 0.374377 0.236447
vt 0.374377 0.236447
vt 0.374377 0.121748
vt 0.374377 0.121748
vt 0.314790 0.121748
vt 0.314790 0.236447
vt 0.314790 0.236447
vt 0.314790 0.121748
vt 0.376820 0.121748
vt 0.376820 0.121748
vt 0.376820 0.236447
vt 0.376820 0.236447
vt 0.376820 0.242817
vt 0.314790 0.242817
vt 0.317527 0.236447
vt 0.373608 0.236447
vt 0.314790 0.113716
vt 0.314790 0.113716
vt 0.376820 0.113716
vt 0.376820 0.113716
vt 0.314790 0.242817
vt 0.314790 0.242817
vt 0.376820 0.242817
vt 0.376820 0.242817
vt 0.314790 0.236447
vt 0.376820 0.236447
vt 0.317527 0.236447
vt 0.317527 0.121748
vt 0.374377 0.121748
vt 0.374377 0.236447
vt 0.320710 0.153556
vt 0.370667 0.153556
vt 0.320710 0.225713
vt 0.370667 0.225713
vt 0.318081 0.120297
vt 0.373601 0.120297
vt 0.318081 0.146643
vt 0.373601 0.146643
vt 0.381310 0.000435
vt 0.435969 0.519724
vt 0.381310 1.000000
vt 0.435969 0.734172
vt 0.798206 0.144605
vt 0.741308 0.144605
vt 0.798206 0.121646
vt 0.741308 0.121646
vt 0.795199 0.222500
vt 0.744003 0.222500
vt 0.795199 0.154936
vt 0.744003 0.154936
vt 0.798437 0.236447
vt 0.798437 0.121748
vt 0.741587 0.121748
vt 0.741587 0.236447
vt 0.800880 0.236447
vt 0.738850 0.236447
vt 0.800880 0.242817
vt 0.800880 0.242817
vt 0.738850 0.242817
vt 0.738850 0.242817
vt 0.800880 0.113716
vt 0.800880 0.113716
vt 0.738850 0.113716
vt 0.738850 0.113716
vt 0.797668 0.236447
vt 0.741587 0.236447
vt 0.738850 0.242817
vt 0.800880 0.242817
vt 0.800880 0.236447
vt 0.800880 0.236447
vt 0.800880 0.121748
vt 0.800880 0.121748
vt 0.738850 0.121748
vt 0.738850 0.236447
vt 0.738850 0.236447
vt 0.738850 0.121748
vt 0.798437 0.121748
vt 0.798437 0.121748
vt 0.798437 0.236447
vt 0.798437 0.236447
vt 0.741587 0.121748
vt 0.741587 0.121748
vt 0.741587 0.236447
vt 0.741587 0.236447
vt 0.798133 0.397239
vt 0.741843 0.397239
vt 0.798133 0.373046
vt 0.741843 0.373046
vt 0.795660 0.476243
vt 0.744319 0.476243
vt 0.795660 0.406305
vt 0.744319 0.406305
vt 0.797745 0.487077
vt 0.797745 0.372377
vt 0.740894 0.372377
vt 0.740894 0.487077
vt 0.800188 0.487077
vt 0.738158 0.487077
vt 0.800188 0.493446
vt 0.800188 0.493446
vt 0.738158 0.493446
vt 0.738158 0.493446
vt 0.800188 0.364346
vt 0.800188 0.364346
vt 0.738158 0.364346
vt 0.738158 0.364346
vt 0.796976 0.487077
vt 0.740894 0.487077
vt 0.738158 0.493446
vt 0.800188 0.493446
vt 0.800188 0.487077
vt 0.800188 0.487077
vt 0.800188 0.372377
vt 0.800188 0.372377
vt 0.738158 0.372377
vt 0.738158 0.487077
vt 0.738158 0.487077
vt 0.738158 0.372377
vt 0.797745 0.372377
vt 0.797745 0.372377
vt 0.797745 0.487077
vt 0.797745 0.487077
vt 0.740894 0.372377
vt 0.740894 0.372377
vt 0.740894 0.487077
vt 0.740894 0.487077
vt 0.798423 0.647834
vt 0.742902 0.647834
vt 0.798423 0.621488
vt 0.742902 0.621488
vt 0.796709 0.725195
vt 0.745532 0.725195
vt 0.796709 0.654746
vt 0.745532 0.654746
vt 0.798658 0.735510
vt 0.798658 0.620810
vt 0.741808 0.620810
vt 0.741808 0.735510
vt 0.801101 0.735510
vt 0.739071 0.735510
vt 0.801101 0.741880
vt 0.801101 0.741880
vt 0.739071 0.741880
vt 0.739071 0.741880
vt 0.801101 0.612779
vt 0.801101 0.612779
vt 0.739071 0.612779
vt 0.739071 0.612779
vt 0.797889 0.735510
vt 0.741808 0.735510
vt 0.739071 0.741880
vt 0.801101 0.741880
vt 0.801101 0.735510
vt 0.801101 0.735510
vt 0.801101 0.620810
vt 0.801101 0.620810
vt 0.739071 0.620810
vt 0.739071 0.735510
vt 0.739071 0.735510
vt 0.739071 0.620810
vt 0.798658 0.620810
vt 0.798658 0.620810
vt 0.798658 0.735510
vt 0.798658 0.735510
vt 0.741808 0.620810
vt 0.741808 0.620810
vt 0.741808 0.735510
vt 0.741808 0.735510
vt 0.799115 0.897017
vt 0.743594 0.897017
vt 0.799115 0.870671
vt 0.743594 0.870671
vt 0.798642 0.971556
vt 0.746224 0.971556
vt 0.798642 0.904276
vt 0.746224 0.904276
vt 0.800660 0.983571
vt 0.800660 0.868871
vt 0.741808 0.868871
vt 0.741808 0.983571
vt 0.803104 0.983571
vt 0.739071 0.983571
vt 0.803104 0.989940
vt 0.803104 0.989940
vt 0.739071 0.989940
vt 0.739071 0.989940
vt 0.803104 0.860840
vt 0.803104 0.860840
vt 0.739071 0.860840
vt 0.739071 0.860840
vt 0.797889 0.983571
vt 0.741808 0.983571
vt 0.739071 0.989940
vt 0.803104 0.989940
vt 0.803104 0.983571
vt 0.803104 0.983571
vt 0.803104 0.868871
vt 0.803104 0.868871
vt 0.739071 0.868871
vt 0.739071 0.983571
vt 0.739071 0.983571
vt 0.739071 0.868871
vt 0.800660 0.868871
vt 0.800660 0.868871
vt 0.800660 0.983571
vt 0.800660 0.983571
vt 0.741808 0.868871
vt 0.741808 0.868871
vt 0.741808 0.983571
vt 0.741808 0.983571
vt 0.676185 0.148596
vt 0.621520 0.148596
vt 0.676185 0.125351
vt 0.621520 0.125351
vt 0.673295 0.223101
vt 0.624109 0.223101
vt 0.673295 0.154696
vt 0.624109 0.154696
vt 0.677227 0.236447
vt 0.677227 0.121748
vt 0.620377 0.121748
vt 0.620377 0.236447
vt 0.679670 0.236447
vt 0.617640 0.236447
vt 0.679670 0.242817
vt 0.679670 0.242817
vt 0.617640 0.242817
vt 0.617640 0.242817
vt 0.679670 0.113716
vt 0.679670 0.113716
vt 0.617640 0.113716
vt 0.617640 0.113716
vt 0.676458 0.236447
vt 0.620377 0.236447
vt 0.617640 0.242817
vt 0.679670 0.242817
vt 0.679670 0.236447
vt 0.679670 0.236447
vt 0.679670 0.121748
vt 0.679670 0.121748
vt 0.617640 0.121748
vt 0.617640 0.236447
vt 0.617640 0.236447
vt 0.617640 0.121748
vt 0.677227 0.121748
vt 0.677227 0.121748
vt 0.677227 0.236447
vt 0.677227 0.236447
vt 0.620377 0.121748
vt 0.620377 0.121748
vt 0.620377 0.236447
vt 0.620377 0.236447
vt 0.676133 0.399392
vt 0.620613 0.399392
vt 0.676133 0.373046
vt 0.620613 0.373046
vt 0.673199 0.476858
vt 0.623242 0.476858
vt 0.673199 0.406305
vt 0.623242 0.406305
vt 0.676535 0.487077
vt 0.676535 0.372377
vt 0.619685 0.372377
vt 0.619685 0.487077
vt 0.678978 0.487077
vt 0.616948 0.487077
vt 0.678978 0.493446
vt 0.678978 0.493446
vt 0.616948 0.493446
vt 0.616948 0.493446
vt 0.678978 0.364346
vt 0.678978 0.364346
vt 0.616948 0.364346
vt 0.616948 0.364346
vt 0.675766 0.487077
vt 0.619685 0.487077
vt 0.616948 0.493446
vt 0.678978 0.493446
vt 0.678978 0.487077
vt 0.678978 0.487077
vt 0.678978 0.372377
vt 0.678978 0.372377
vt 0.616948 0.372377
vt 0.616948 0.487077
vt 0.616948 0.487077
vt 0.616948 0.372377
vt 0.676535 0.372377
vt 0.676535 0.372377
vt 0.676535 0.487077
vt 0.676535 0.487077
vt 0.619685 0.372377
vt 0.619685 0.372377
vt 0.619685 0.487077
vt 0.619685 0.487077
vt 0.678269 0.647834
vt 0.622748 0.647834
vt 0.678269 0.621488
vt 0.622748 0.621488
vt 0.675334 0.724912
vt 0.623791 0.724912
vt 0.675334 0.654746
vt 0.623791 0.654746
vt 0.677448 0.735510
vt 0.677448 0.620810
vt 0.620598 0.620810
vt 0.620598 0.735510
vt 0.679892 0.735510
vt 0.617862 0.735510
vt 0.679892 0.741880
vt 0.679892 0.741880
vt 0.617862 0.741880
vt 0.617862 0.741880
vt 0.679892 0.612779
vt 0.679892 0.612779
vt 0.617862 0.612779
vt 0.617862 0.612779
vt 0.676680 0.735510
vt 0.620598 0.735510
vt 0.617862 0.741880
vt 0.679892 0.741880
vt 0.679892 0.735510
vt 0.679892 0.735510
vt 0.679892 0.620810
vt 0.679892 0.620810
vt 0.617862 0.620810
vt 0.617862 0.735510
vt 0.617862 0.735510
vt 0.617862 0.620810
vt 0.677448 0.620810
vt 0.677448 0.620810
vt 0.677448 0.735510
vt 0.677448 0.735510
vt 0.620598 0.620810
vt 0.620598 0.620810
vt 0.620598 0.735510
vt 0.620598 0.735510
vt 0.676193 0.897017
vt 0.620672 0.897017
vt 0.676193 0.870671
vt 0.620672 0.870671
vt 0.674488 0.972932
vt 0.623302 0.972932
vt 0.674488 0.903930
vt 0.623302 0.903930
vt 0.677448 0.983571
vt 0.677448 0.868871
vt 0.620598 0.868871
vt 0.620598 0.983571
vt 0.679892 0.983571
vt 0.617862 0.983571
vt 0.679892 0.989940
vt 0.679892 0.989940
vt 0.617862 0.989940
vt 0.617862 0.989940
vt 0.679892 0.860840
vt 0.679892 0.860840
vt 0.617862 0.860840
vt 0.617862 0.860840
vt 0.676680 0.983571
vt 0.620598 0.983571
vt 0.617862 0.989940
vt 0.679892 0.989940
vt 0.679892 0.983571
vt 0.679892 0.983571
vt 0.679892 0.868871
vt 0.679892 0.868871
vt 0.617862 0.868871
vt 0.617862 0.983571
vt 0.617862 0.983571
vt 0.617862 0.868871
vt 0.677448 0.868871
vt 0.677448 0.868871
vt 0.677448 0.983571
vt 0.677448 0.983571
vt 0.620598 0.868871
vt 0.620598 0.868871
vt 0.620598 0.983571
vt 0.620598 0.983571
vt 0.863760 0.235211
vt 0.980933 0.235211
vt 0.980933 0.235211
vt 0.863760 0.235211
vt 0.980933 0.094825
vt 0.863760 0.094825
vt 0.980933 0.094825
vt 0.863760 0.094825
vt 0.983333 0.085824
vt 0.980933 0.085824
vt 0.980933 0.085824
vt 0.983333 0.085824
vt 0.861407 0.085824
vt 0.863760 0.085824
vt 0.863760 0.085824
vt 0.861407 0.085824
vt 0.983333 0.094825
vt 0.861407 0.094825
vt 0.983333 0.235211
vt 0.983333 0.235211
vt 0.983333 0.094825
vt 0.861407 0.094825
vt 0.861407 0.235211
vt 0.861407 0.235211
vt 0.980933 0.235211
vt 0.863760 0.235211
vt 0.983333 0.235211
vt 0.861407 0.235211
vt 0.861407 0.243186
vt 0.861407 0.243186
vt 0.983333 0.243186
vt 0.983333 0.243186
vt 0.861407 0.243186
vt 0.983333 0.243186
vt 0.863760 0.094825
vt 0.863760 0.235211
vt 0.980933 0.235211
vt 0.980933 0.094825
vt 0.865413 0.123507
vt 0.917255 0.123507
vt 0.865413 0.224681
vt 0.917255 0.224681
vt 0.927038 0.123507
vt 0.978111 0.123507
vt 0.927038 0.224681
vt 0.978111 0.224681
vt 0.865413 0.090808
vt 0.920131 0.090808
vt 0.865413 0.115870
vt 0.920131 0.115870
vt 0.924249 0.090808
vt 0.981187 0.090808
vt 0.924249 0.115870
vt 0.981187 0.115870
vt 0.863760 0.486915
vt 0.980933 0.486915
vt 0.980933 0.486915
vt 0.863760 0.486915
vt 0.980933 0.346530
vt 0.863760 0.346530
vt 0.980933 0.346530
vt 0.863760 0.346530
vt 0.983333 0.337529
vt 0.980933 0.337529
vt 0.980933 0.337529
vt 0.983333 0.337529
vt 0.861407 0.337529
vt 0.863760 0.337529
vt 0.863760 0.337529
vt 0.861407 0.337529
vt 0.983333 0.346530
vt 0.861407 0.346530
vt 0.983333 0.486915
vt 0.983333 0.486915
vt 0.983333 0.346530
vt 0.861407 0.346530
vt 0.861407 0.486915
vt 0.861407 0.486915
vt 0.980933 0.486915
vt 0.863760 0.486915
vt 0.983333 0.486915
vt 0.861407 0.486915
vt 0.861407 0.494891
vt 0.861407 0.494891
vt 0.983333 0.494891
vt 0.983333 0.494891
vt 0.861407 0.494891
vt 0.983333 0.494891
vt 0.863760 0.346530
vt 0.863760 0.486915
vt 0.980933 0.486915
vt 0.980933 0.346530
vt 0.866111 0.376317
vt 0.917184 0.376317
vt 0.866111 0.475212
vt 0.917184 0.475212
vt 0.926745 0.376317
vt 0.977819 0.376317
vt 0.926745 0.475212
vt 0.977819 0.475212
vt 0.862817 0.343619
vt 0.919753 0.343619
vt 0.862817 0.368681
vt 0.919753 0.368681
vt 0.923409 0.343619
vt 0.981307 0.343619
vt 0.923409 0.368681
vt 0.981307 0.368681
vt 0.863760 0.736091
vt 0.980933 0.736091
vt 0.980933 0.736091
vt 0.863760 0.736091
vt 0.980933 0.595705
vt 0.863760 0.595705
vt 0.980933 0.595705
vt 0.863760 0.595705
vt 0.983333 0.586705
vt 0.980933 0.586705
vt 0.980933 0.586705
vt 0.983333 0.586705
vt 0.861407 0.586705
vt 0.863760 0.586705
vt 0.863760 0.586705
vt 0.861407 0.586705
vt 0.983333 0.595705
vt 0.861407 0.595705
vt 0.983333 0.736091
vt 0.983333 0.736091
vt 0.983333 0.595705
vt 0.861407 0.595705
vt 0.861407 0.736091
vt 0.861407 0.736091
vt 0.980933 0.736091
vt 0.863760 0.736091
vt 0.983333 0.736091
vt 0.861407 0.736091
vt 0.861407 0.744067
vt 0.861407 0.744067
vt 0.983333 0.744067
vt 0.983333 0.744067
vt 0.861407 0.744067
vt 0.983333 0.744067
vt 0.863760 0.595705
vt 0.863760 0.736091
vt 0.980933 0.736091
vt 0.980933 0.595705
vt 0.866791 0.624925
vt 0.917864 0.624925
vt 0.866791 0.723046
vt 0.917864 0.723046
vt 0.926263 0.624925
vt 0.977336 0.624925
vt 0.926263 0.723046
vt 0.977336 0.723046
vt 0.863082 0.596214
vt 0.920323 0.596214
vt 0.863082 0.616660
vt 0.920323 0.616660
vt 0.924226 0.596214
vt 0.981046 0.596214
vt 0.924226 0.616660
vt 0.981046 0.616660
vt 0.981402 0.864001
vt 0.926236 0.864001
vt 0.981402 0.845045
vt 0.926236 0.845045
vt 0.920272 0.864001
vt 0.864689 0.864001
vt 0.920272 0.845045
vt 0.864689 0.845045
vt 0.978318 0.972935
vt 0.927245 0.972935
vt 0.978318 0.874690
vt 0.927245 0.874690
vt 0.918846 0.972935
vt 0.867773 0.972935
vt 0.918846 0.874690
vt 0.867773 0.874690
vt 0.980933 0.843390
vt 0.980933 0.983776
vt 0.863760 0.983776
vt 0.863760 0.843390
vt 0.983333 0.991752
vt 0.861407 0.991752
vt 0.983333 0.991752
vt 0.983333 0.991752
vt 0.861407 0.991752
vt 0.861407 0.991752
vt 0.861407 0.983776
vt 0.983333 0.983776
vt 0.863760 0.983776
vt 0.980933 0.983776
vt 0.861407 0.983776
vt 0.861407 0.983776
vt 0.861407 0.843390
vt 0.983333 0.843390
vt 0.983333 0.983776
vt 0.983333 0.983776
vt 0.861407 0.843390
vt 0.983333 0.843390
vt 0.861407 0.834390
vt 0.863760 0.834390
vt 0.863760 0.834390
vt 0.861407 0.834390
vt 0.983333 0.834390
vt 0.980933 0.834390
vt 0.980933 0.834390
vt 0.983333 0.834390
vt 0.863760 0.843390
vt 0.980933 0.843390
vt 0.863760 0.843390
vt 0.980933 0.843390
vt 0.863760 0.983776
vt 0.980933 0.983776
vt 0.980933 0.983776
vt 0.863760 0.983776
vt 0.614965 1.000000
vt 0.557229 0.734172
vt 0.614965 0.000435
vt 0.557229 0.519724
vt 0.558367 1.000000
vt 1.000000 1.000000
vt 0.558367 0.000435
vt 1.000000 0.000435
vt 0.434714 0.235676
vt 0.434714 0.263580
vt 0.434714 0.235676
vt 0.434714 0.264276
vt 0.434714 0.236373
vt 0.434714 0.264276
vt 0.559023 0.235676
vt 0.559023 0.263580
vt 0.559023 0.235676
vt 0.559023 0.264276
vt 0.559023 0.236373
vt 0.559023 0.264276
vt 0.437984 0.024505
vt 0.437984 0.273746
vt 0.437984 0.024505
vt 0.437984 0.102028
vt 0.437984 0.354343
vt 0.437984 0.102028
vt 0.554258 0.024505
vt 0.554258 0.273746
vt 0.554258 0.024505
vt 0.554258 0.102028
vt 0.554258 0.354343
vt 0.554258 0.102028
vt 0.440204 0.354343
vt 0.440204 0.102028
vt 0.440204 0.102028
vt 0.552204 0.354343
vt 0.552204 0.102028
vt 0.552204 0.102028
vt 0.552225 0.273746
vt 0.552225 0.024505
vt 0.552225 0.024505
vt 0.440232 0.024505
vt 0.440232 0.273746
vt 0.440232 0.024505
vt 0.478179 0.024505
vt 0.478179 0.273746
vt 0.478179 0.024505
vt 0.476243 0.273746
vt 0.476243 0.024505
vt 0.476243 0.024505
vt 0.516166 0.024505
vt 0.516166 0.273746
vt 0.516166 0.024505
vt 0.514280 0.273746
vt 0.514280 0.024505
vt 0.514280 0.024505
vt 0.514280 0.354343
vt 0.514280 0.102028
vt 0.514280 0.102028
vt 0.516060 0.354343
vt 0.516060 0.102028
vt 0.516060 0.102028
vt 0.476184 0.354343
vt 0.476184 0.102028
vt 0.476184 0.102028
vt 0.478154 0.102028
vt 0.478154 0.354343
vt 0.478154 0.102028
vt 0.437984 0.015125
vt 0.437984 0.015125
vt 0.554258 0.015125
vt 0.554258 0.015125
vt 0.552225 0.015125
vt 0.440232 0.015125
vt 0.552225 0.015125
vt 0.440232 0.015125
vt 0.476243 0.015125
vt 0.478179 0.015125
vt 0.478179 0.015125
vt 0.476243 0.015125
vt 0.514280 0.015125
vt 0.516166 0.015125
vt 0.516166 0.015125
vt 0.514280 0.015125
vt 0.437984 0.110960
vt 0.437984 0.110960
vt 0.440204 0.110960
vt 0.552204 0.110960
vt 0.554258 0.110960
vt 0.554258 0.110960
vt 0.440204 0.110960
vt 0.552204 0.110960
vt 0.516060 0.110960
vt 0.514280 0.110960
vt 0.514280 0.110960
vt 0.516060 0.110960
vt 0.478154 0.110960
vt 0.476184 0.110960
vt 0.476184 0.110960
vt 0.478154 0.110960
vt 0.437984 0.110960
vt 0.437984 0.110960
vt 0.440204 0.110960
vt 0.440204 0.110960
vt 0.437984 0.113552
vt 0.437984 0.113552
vt 0.440204 0.113552
vt 0.440204 0.113552
vt 0.558998 0.110960
vt 0.558998 0.110960
vt 0.558998 0.113552
vt 0.558998 0.113552
vt 0.434380 0.110960
vt 0.434380 0.110960
vt 0.434380 0.113552
vt 0.434380 0.113552
vt 0.434167 0.000000
vt 0.434167 0.012021
vt 0.434167 -0.000380
vt 0.434167 0.012021
vt 0.559570 0.000000
vt 0.559570 0.012021
vt 0.559570 -0.000380
vt 0.559570 0.012021
vt 0.437984 0.024481
vt 0.437984 0.024481
vt 0.437984 0.102004
vt 0.437984 0.102004
vt 0.554258 0.024481
vt 0.554258 0.024481
vt 0.554258 0.102004
vt 0.554258 0.102004
vt 0.440204 0.102004
vt 0.440204 0.102004
vt 0.552204 0.102004
vt 0.552204 0.102004
vt 0.552225 0.024481
vt 0.552225 0.024481
vt 0.440232 0.024481
vt 0.440232 0.024481
vt 0.478179 0.024481
vt 0.478179 0.024481
vt 0.476243 0.024481
vt 0.476243 0.024481
vt 0.516166 0.024481
vt 0.516166 0.024481
vt 0.514280 0.024481
vt 0.514280 0.024481
vt 0.514280 0.102004
vt 0.514280 0.102004
vt 0.516060 0.102004
vt 0.516060 0.102004
vt 0.476184 0.102004
vt 0.476184 0.102004
vt 0.478154 0.102004
vt 0.478154 0.102004
vt 0.437984 0.015101
vt 0.437984 0.015101
vt 0.554258 0.015101
vt 0.554258 0.015101
vt 0.552225 0.015101
vt 0.440232 0.015101
vt 0.552225 0.015101
vt 0.440232 0.015101
vt 0.476243 0.015101
vt 0.478179 0.015101
vt 0.478179 0.015101
vt 0.476243 0.015101
vt 0.514280 0.015101
vt 0.516166 0.015101
vt 0.516166 0.015101
vt 0.514280 0.015101
vt 0.437984 0.110937
vt 0.437984 0.110937
vt 0.440204 0.110937
vt 0.552204 0.110937
vt 0.554258 0.110937
vt 0.554258 0.110937
vt 0.440204 0.110937
vt 0.552204 0.110937
vt 0.516060 0.110937
vt 0.514280 0.110937
vt 0.514280 0.110937
vt 0.516060 0.110937
vt 0.478154 0.110937
vt 0.476184 0.110937
vt 0.476184 0.110937
vt 0.478154 0.110937
vt 0.437984 0.110937
vt 0.437984 0.110937
vt 0.440204 0.110937
vt 0.440204 0.110937
vt 0.437984 0.113528
vt 0.437984 0.113528
vt 0.440204 0.113528
vt 0.440204 0.113528
vt 0.558998 0.110937
vt 0.558998 0.110937
vt 0.558998 0.113528
vt 0.558998 0.113528
vt 0.434380 0.110937
vt 0.434380 0.110937
vt 0.434380 0.113528
vt 0.434380 0.113528
vt 0.436016 0.486759
vt 0.436016 0.514103
vt 0.434714 0.486759
vt 0.434714 0.515359
vt 0.434714 0.488231
vt 0.434714 0.515359
vt 0.557721 0.486759
vt 0.557721 0.514103
vt 0.559023 0.486759
vt 0.559023 0.515359
vt 0.559023 0.488231
vt 0.559023 0.515359
vt 0.437984 0.024233
vt 0.437984 0.273463
vt 0.437984 0.024233
vt 0.437984 0.101755
vt 0.437984 0.354060
vt 0.437984 0.101755
vt 0.554258 0.024233
vt 0.554258 0.273463
vt 0.554258 0.024233
vt 0.554258 0.101755
vt 0.554258 0.354060
vt 0.554258 0.101755
vt 0.440204 0.354060
vt 0.440204 0.101755
vt 0.440204 0.101755
vt 0.552204 0.354060
vt 0.552204 0.101755
vt 0.552204 0.101755
vt 0.552225 0.273463
vt 0.552225 0.024233
vt 0.552225 0.024233
vt 0.440232 0.024233
vt 0.440232 0.273463
vt 0.440232 0.024233
vt 0.478179 0.024233
vt 0.478179 0.273463
vt 0.478179 0.024233
vt 0.476243 0.273463
vt 0.476243 0.024233
vt 0.476243 0.024233
vt 0.516166 0.024233
vt 0.516166 0.273463
vt 0.516166 0.024233
vt 0.514280 0.273463
vt 0.514280 0.024233
vt 0.514280 0.024233
vt 0.514280 0.354060
vt 0.514280 0.101755
vt 0.514280 0.101755
vt 0.516060 0.354060
vt 0.516060 0.101755
vt 0.516060 0.101755
vt 0.476184 0.354060
vt 0.476184 0.101755
vt 0.476184 0.101755
vt 0.478154 0.101755
vt 0.478154 0.354060
vt 0.478154 0.101755
vt 0.437984 0.014853
vt 0.437984 0.014853
vt 0.554258 0.014853
vt 0.554258 0.014853
vt 0.552225 0.014853
vt 0.440232 0.014853
vt 0.552225 0.014853
vt 0.440232 0.014853
vt 0.476243 0.014853
vt 0.478179 0.014853
vt 0.478179 0.014853
vt 0.476243 0.014853
vt 0.514280 0.014853
vt 0.516166 0.014853
vt 0.516166 0.014853
vt 0.514280 0.014853
vt 0.437984 0.110688
vt 0.437984 0.110688
vt 0.440204 0.110688
vt 0.552204 0.110688
vt 0.554258 0.110688
vt 0.554258 0.110688
vt 0.440204 0.110688
vt 0.552204 0.110688
vt 0.516060 0.110688
vt 0.514280 0.110688
vt 0.514280 0.110688
vt 0.516060 0.110688
vt 0.478154 0.110688
vt 0.476184 0.110688
vt 0.476184 0.110688
vt 0.478154 0.110688
vt 0.437984 0.110688
vt 0.437984 0.110688
vt 0.440204 0.110688
vt 0.440204 0.110688
vt 0.437984 0.113280
vt 0.437984 0.113280
vt 0.440204 0.113280
vt 0.440204 0.113280
vt 0.558998 0.110688
vt 0.558998 0.110688
vt 0.558998 0.113280
vt 0.558998 0.113280
vt 0.434380 0.110688
vt 0.434380 0.110688
vt 0.434380 0.113280
vt 0.434380 0.113280
vt 0.434714 0.734842
vt 0.434714 0.763650
vt 0.434714 0.736987
vt 0.434714 0.763442
vt 0.434714 0.736586
vt 0.434714 0.763249
vt 0.559023 0.734842
vt 0.559023 0.763650
vt 0.559023 0.736987
vt 0.559023 0.763442
vt 0.559023 0.736586
vt 0.559023 0.763249
vt 0.437984 0.024433
vt 0.437984 0.024433
vt 0.437984 0.101955
vt 0.437984 0.101955
vt 0.554258 0.024433
vt 0.554258 0.024433
vt 0.554258 0.101955
vt 0.554258 0.101955
vt 0.440204 0.101955
vt 0.440204 0.101955
vt 0.552204 0.101955
vt 0.552204 0.101955
vt 0.552225 0.024433
vt 0.552225 0.024433
vt 0.440232 0.024433
vt 0.440232 0.024433
vt 0.478179 0.024433
vt 0.478179 0.024433
vt 0.476243 0.024433
vt 0.476243 0.024433
vt 0.516166 0.024433
vt 0.516166 0.024433
vt 0.514280 0.024433
vt 0.514280 0.024433
vt 0.514280 0.101955
vt 0.514280 0.101955
vt 0.516060 0.101955
vt 0.516060 0.101955
vt 0.476184 0.101955
vt 0.476184 0.101955
vt 0.478154 0.101955
vt 0.478154 0.101955
vt 0.437984 0.015053
vt 0.437984 0.015053
vt 0.554258 0.015053
vt 0.554258 0.015053
vt 0.552225 0.015053
vt 0.440232 0.015053
vt 0.552225 0.015053
vt 0.440232 0.015053
vt 0.476243 0.015053
vt 0.478179 0.015053
vt 0.478179 0.015053
vt 0.476243 0.015053
vt 0.514280 0.015053
vt 0.516166 0.015053
vt 0.516166 0.015053
vt 0.514280 0.015053
vt 0.437984 0.110888
vt 0.437984 0.110888
vt 0.440204 0.110888
vt 0.552204 0.110888
vt 0.554258 0.110888
vt 0.554258 0.110888
vt 0.440204 0.110888
vt 0.552204 0.110888
vt 0.516060 0.110888
vt 0.514280 0.110888
vt 0.514280 0.110888
vt 0.516060 0.110888
vt 0.478154 0.110888
vt 0.476184 0.110888
vt 0.476184 0.110888
vt 0.478154 0.110888
vt 0.437984 0.110888
vt 0.437984 0.110888
vt 0.440204 0.110888
vt 0.440204 0.110888
vt 0.437984 0.113480
vt 0.437984 0.113480
vt 0.440204 0.113480
vt 0.440204 0.113480
vt 0.558998 0.110888
vt 0.558998 0.110888
vt 0.558998 0.113480
vt 0.558998 0.113480
vt 0.434380 0.110888
vt 0.434380 0.110888
vt 0.434380 0.113480
vt 0.434380 0.113480
vt 0.436272 0.986980
vt 0.436272 0.999675
vt 0.436073 0.983943
vt 0.436073 0.999994
vt 0.559532 0.986980
vt 0.559532 0.999675
vt 0.557290 0.983943
vt 0.557290 0.999994
vt 0.499890 0.948596
vt 0.499890 0.767315
vt 0.504195 0.948596
vt 0.504195 0.767315
vt 0.508079 0.948596
vt 0.508079 0.767315
vt 0.511161 0.948596
vt 0.511161 0.767315
vt 0.513140 0.948596
vt 0.513140 0.767315
vt 0.513821 0.948596
vt 0.513821 0.767315
vt 0.513140 0.948596
vt 0.513140 0.767315
vt 0.511161 0.948596
vt 0.511161 0.767315
vt 0.508079 0.948596
vt 0.508079 0.767315
vt 0.504195 0.948596
vt 0.504195 0.767315
vt 0.499890 0.948596
vt 0.499890 0.767315
vt 0.495585 0.948596
vt 0.495585 0.767315
vt 0.491701 0.948596
vt 0.491701 0.767315
vt 0.488619 0.948596
vt 0.488619 0.767315
vt 0.486640 0.948596
vt 0.486640 0.767315
vt 0.485958 0.948596
vt 0.485958 0.767315
vt 0.486640 0.948596
vt 0.486640 0.767315
vt 0.488619 0.948596
vt 0.488619 0.767315
vt 0.491701 0.948596
vt 0.491701 0.767315
vt 0.495585 0.948596
vt 0.495585 0.767315
s 1
usemtl apartment_block8
f 22/22/1 26/26/2 28/28/3 27/27/1
f 18/18/4 17/17/5 20/20/6 19/19/7 14/14/7 13/13/8 16/16/9 15/15/4
f 6/6/10 9/9/11 21/21/12 23/23/13
f 10/10/14 9/9/11 42/42/15 39/39/16
f 5/5/17 6/6/10 29/29/4 30/30/4
f 8/8/18 12/12/18 22/22/1 27/27/1
f 25/25/19 21/21/12 16/16/9 13/13/8
f 11/11/18 7/7/18 24/24/19 25/25/19
f 36/36/20 35/35/21 34/34/22 33/33/23
f 24/24/19 23/23/13 21/21/12 25/25/19
f 26/26/2 22/22/1 20/20/6 17/17/5
f 32/32/24 30/30/4 29/29/4 31/31/25 38/38/26 37/37/27
f 2/2/28 4/4/28 3/3/29 1/1/29
f 10/10/14 5/5/17 28/28/3 26/26/2
f 22/22/1 12/12/18 19/19/7 20/20/6
f 9/9/11 10/10/14 18/18/4 15/15/4
f 11/11/18 25/25/19 13/13/8 14/14/7
f 10/10/14 26/26/2 17/17/5 18/18/4
f 12/12/18 11/11/18 14/14/7 19/19/7
f 21/21/12 9/9/11 15/15/4 16/16/9
f 24/24/19 7/7/18 8/8/18 27/27/1 34/34/22 35/35/21
f 23/23/13 24/24/19 35/35/21 36/36/20
f 6/6/10 23/23/13 31/31/25 29/29/4
f 23/23/13 36/36/20 38/38/26 31/31/25
f 27/27/1 28/28/3 33/33/23 34/34/22
f 36/36/20 33/33/23 37/37/27 38/38/26
f 33/33/23 28/28/3 32/32/24 37/37/27
f 28/28/3 5/5/17 30/30/4 32/32/24
f 41/41/5 40/40/9 39/39/16 42/42/15
f 6/6/10 5/5/17 40/40/9 41/41/5
f 9/9/11 6/6/10 41/41/5 42/42/15
f 5/5/17 10/10/14 39/39/16 40/40/9
f 107/107/14 112/112/17 89/89/3 91/91/2
f 106/106/18 92/92/19 104/104/8 103/103/7
f 111/111/10 112/112/17 77/77/9 76/76/5
f 111/111/10 94/94/13 86/86/25 88/88/4
f 81/81/20 84/84/23 80/80/27 79/79/26
f 107/107/14 91/91/2 100/100/5 99/99/4
f 84/84/23 89/89/3 85/85/24 80/80/27
f 109/109/18 105/105/18 95/95/1 90/90/1
f 95/95/1 105/105/18 98/98/7 97/97/6
f 108/108/11 107/107/14 99/99/4 102/102/4
f 106/106/18 110/110/18 93/93/19 92/92/19
f 105/105/18 106/106/18 103/103/7 98/98/7
f 94/94/13 81/81/20 79/79/26 86/86/25
f 93/93/19 110/110/18 109/109/18 90/90/1 83/83/22 82/82/21
f 94/94/13 93/93/19 82/82/21 81/81/20
f 96/96/12 108/108/11 102/102/4 101/101/9
f 90/90/1 89/89/3 84/84/23 83/83/22
f 89/89/3 112/112/17 87/87/4 85/85/24
f 91/91/2 95/95/1 97/97/6 100/100/5
f 108/108/11 111/111/10 76/76/5 75/75/15
f 85/85/24 87/87/4 88/88/4 86/86/25 79/79/26 80/80/27
f 93/93/19 94/94/13 96/96/12 92/92/19
f 92/92/19 96/96/12 101/101/9 104/104/8
f 81/81/20 82/82/21 83/83/22 84/84/23
f 112/112/17 107/107/14 78/78/16 77/77/9
f 112/112/17 111/111/10 88/88/4 87/87/4
f 76/76/5 77/77/9 78/78/16 75/75/15
f 107/107/14 108/108/11 75/75/15 78/78/16
f 111/111/10 108/108/11 96/96/12 94/94/13
f 99/99/4 100/100/5 97/97/6 98/98/7 103/103/7 104/104/8 101/101/9 102/102/4
f 95/95/1 91/91/2 89/89/3 90/90/1
f 161/161/14 166/166/17 143/143/3 145/145/2
f 160/160/18 146/146/19 158/158/8 157/157/7
f 165/165/10 166/166/17 131/131/9 130/130/5
f 165/165/10 148/148/13 140/140/25 142/142/4
f 135/135/20 138/138/23 134/134/27 133/133/26
f 161/161/14 145/145/2 154/154/5 153/153/4
f 138/138/23 143/143/3 139/139/24 134/134/27
f 163/163/18 159/159/18 149/149/1 144/144/1
f 149/149/1 159/159/18 152/152/7 151/151/6
f 162/162/11 161/161/14 153/153/4 156/156/4
f 160/160/18 164/164/18 147/147/19 146/146/19
f 159/159/18 160/160/18 157/157/7 152/152/7
f 148/148/13 135/135/20 133/133/26 140/140/25
f 147/147/19 164/164/18 163/163/18 144/144/1 137/137/22 136/136/21
f 148/148/13 147/147/19 136/136/21 135/135/20
f 150/150/12 162/162/11 156/156/4 155/155/9
f 144/144/1 143/143/3 138/138/23 137/137/22
f 143/143/3 166/166/17 141/141/4 139/139/24
f 145/145/2 149/149/1 151/151/6 154/154/5
f 162/162/11 165/165/10 130/130/5 129/129/15
f 139/139/24 141/141/4 142/142/4 140/140/25 133/133/26 134/134/27
f 147/147/19 148/148/13 150/150/12 146/146/19
f 146/146/19 150/150/12 155/155/9 158/158/8
f 135/135/20 136/136/21 137/137/22 138/138/23
f 166/166/17 161/161/14 132/132/16 131/131/9
f 166/166/17 165/165/10 142/142/4 141/141/4
f 130/130/5 131/131/9 132/132/16 129/129/15
f 161/161/14 162/162/11 129/129/15 132/132/16
f 165/165/10 162/162/11 150/150/12 148/148/13
f 153/153/4 154/154/5 151/151/6 152/152/7 157/157/7 158/158/8 155/155/9 156/156/4
f 149/149/1 145/145/2 143/143/3 144/144/1
f 215/215/14 220/220/17 197/197/3 199/199/2
f 214/214/18 200/200/19 212/212/8 211/211/7
f 219/219/10 220/220/17 185/185/9 184/184/5
f 219/219/10 202/202/13 194/194/25 196/196/4
f 189/189/20 192/192/23 188/188/27 187/187/26
f 215/215/14 199/199/2 208/208/5 207/207/4
f 192/192/23 197/197/3 193/193/24 188/188/27
f 217/217/18 213/213/18 203/203/1 198/198/1
f 203/203/1 213/213/18 206/206/7 205/205/6
f 216/216/11 215/215/14 207/207/4 210/210/4
f 214/214/18 218/218/18 201/201/19 200/200/19
f 213/213/18 214/214/18 211/211/7 206/206/7
f 202/202/13 189/189/20 187/187/26 194/194/25
f 201/201/19 218/218/18 217/217/18 198/198/1 191/191/22 190/190/21
f 202/202/13 201/201/19 190/190/21 189/189/20
f 204/204/12 216/216/11 210/210/4 209/209/9
f 198/198/1 197/197/3 192/192/23 191/191/22
f 197/197/3 220/220/17 195/195/4 193/193/24
f 199/199/2 203/203/1 205/205/6 208/208/5
f 216/216/11 219/219/10 184/184/5 183/183/15
f 193/193/24 195/195/4 196/196/4 194/194/25 187/187/26 188/188/27
f 201/201/19 202/202/13 204/204/12 200/200/19
f 200/200/19 204/204/12 209/209/9 212/212/8
f 189/189/20 190/190/21 191/191/22 192/192/23
f 220/220/17 215/215/14 186/186/16 185/185/9
f 220/220/17 219/219/10 196/196/4 195/195/4
f 184/184/5 185/185/9 186/186/16 183/183/15
f 215/215/14 216/216/11 183/183/15 186/186/16
f 219/219/10 216/216/11 204/204/12 202/202/13
f 207/207/4 208/208/5 205/205/6 206/206/7 211/211/7 212/212/8 209/209/9 210/210/4
f 203/203/1 199/199/2 197/197/3 198/198/1
f 222/222/17 231/231/3 232/232/2 224/224/14
f 234/234/19 244/244/8 242/242/6 229/229/1 223/223/18 227/227/18
f 242/242/6 244/244/8 243/243/9 241/241/5
f 236/236/13 250/250/9 240/240/4 226/226/10
f 230/230/1 229/229/1 232/232/2 231/231/3
f 228/228/11 253/253/15 252/252/16 224/224/14
f 234/234/19 235/235/19 236/236/13 233/233/12
f 223/223/18 229/229/1 230/230/1 221/221/18
f 225/225/18 221/221/18 230/230/1 245/245/30 248/248/31 235/235/19
f 225/225/18 235/235/19 234/234/19 227/227/18
f 224/224/14 232/232/2 241/241/5 243/243/9 233/233/12 228/228/11
f 245/245/30 246/246/23 247/247/20 248/248/31
f 228/228/11 233/233/12 236/236/13 226/226/10
f 229/229/1 242/242/6 241/241/5 232/232/2
f 235/235/19 248/248/31 247/247/20 236/236/13
f 231/231/3 246/246/23 245/245/30 230/230/1
f 233/233/12 243/243/9 244/244/8 234/234/19
f 247/247/20 237/237/16 250/250/9 236/236/13
f 222/222/17 239/239/4 249/249/5 231/231/3
f 240/240/4 250/250/9 237/237/16 238/238/15 249/249/5 239/239/4
f 226/226/10 240/240/4 239/239/4 222/222/17
f 246/246/23 238/238/15 237/237/16 247/247/20
f 231/231/3 249/249/5 238/238/15 246/246/23
f 253/253/15 254/254/5 251/251/9 252/252/16
f 226/226/10 254/254/5 253/253/15 228/228/11
f 224/224/14 252/252/16 251/251/9 222/222/17
f 222/222/17 251/251/9 254/254/5 226/226/10
f 264/264/17 273/273/3 274/274/2 266/266/14
f 276/276/19 286/286/8 284/284/6 271/271/1 265/265/18 269/269/18
f 284/284/6 286/286/8 285/285/9 283/283/5
f 278/278/13 292/292/32 282/282/4 268/268/10
f 272/272/1 271/271/1 274/274/2 273/273/3
f 270/270/11 295/295/15 294/294/16 266/266/14
f 276/276/19 277/277/19 278/278/13 275/275/12
f 265/265/18 271/271/1 272/272/1 263/263/18
f 267/267/18 263/263/18 272/272/1 287/287/30 290/290/31 277/277/19
f 267/267/18 277/277/19 276/276/19 269/269/18
f 266/266/14 274/274/2 283/283/5 285/285/9 275/275/12 270/270/11
f 287/287/30 288/288/23 289/289/20 290/290/31
f 270/270/11 275/275/12 278/278/13 268/268/10
f 271/271/1 284/284/6 283/283/5 274/274/2
f 277/277/19 290/290/31 289/289/20 278/278/13
f 273/273/3 288/288/23 287/287/30 272/272/1
f 275/275/12 285/285/9 286/286/8 276/276/19
f 289/289/20 279/279/16 292/292/32 278/278/13
f 264/264/17 281/281/4 291/291/5 273/273/3
f 282/282/4 292/292/32 279/279/16 280/280/15 291/291/5 281/281/4
f 268/268/10 282/282/4 281/281/4 264/264/17
f 288/288/23 280/280/15 279/279/16 289/289/20
f 273/273/3 291/291/5 280/280/15 288/288/23
f 295/295/15 296/296/5 293/293/9 294/294/16
f 268/268/10 296/296/5 295/295/15 270/270/11
f 266/266/14 294/294/16 293/293/9 264/264/17
f 264/264/17 293/293/9 296/296/5 268/268/10
f 306/306/17 315/315/3 316/316/2 308/308/14
f 318/318/19 328/328/8 326/326/6 313/313/1 307/307/18 311/311/18
f 326/326/6 328/328/8 327/327/9 325/325/5
f 320/320/13 334/334/9 324/324/4 310/310/10
f 314/314/1 313/313/1 316/316/2 315/315/3
f 312/312/11 337/337/15 336/336/16 308/308/14
f 318/318/19 319/319/19 320/320/13 317/317/12
f 307/307/18 313/313/1 314/314/1 305/305/18
f 309/309/18 305/305/18 314/314/1 329/329/30 332/332/31 319/319/19
f 309/309/18 319/319/19 318/318/19 311/311/18
f 308/308/14 316/316/2 325/325/5 327/327/9 317/317/12 312/312/11
f 329/329/30 330/330/23 331/331/20 332/332/31
f 312/312/11 317/317/12 320/320/13 310/310/10
f 313/313/1 326/326/6 325/325/5 316/316/2
f 319/319/19 332/332/31 331/331/20 320/320/13
f 315/315/3 330/330/23 329/329/30 314/314/1
f 317/317/12 327/327/9 328/328/8 318/318/19
f 331/331/20 321/321/16 334/334/9 320/320/13
f 306/306/17 323/323/4 333/333/5 315/315/3
f 324/324/4 334/334/9 321/321/16 322/322/15 333/333/5 323/323/4
f 310/310/10 324/324/4 323/323/4 306/306/17
f 330/330/23 322/322/15 321/321/16 331/331/20
f 315/315/3 333/333/5 322/322/15 330/330/23
f 337/337/15 338/338/5 335/335/9 336/336/16
f 310/310/10 338/338/5 337/337/15 312/312/11
f 308/308/14 336/336/16 335/335/9 306/306/17
f 306/306/17 335/335/9 338/338/5 310/310/10
f 348/348/17 357/357/3 358/358/2 350/350/14
f 360/360/19 370/370/8 368/368/6 355/355/1 349/349/18 353/353/18
f 368/368/6 370/370/8 369/369/9 367/367/5
f 362/362/13 376/376/32 366/366/4 352/352/10
f 356/356/1 355/355/1 358/358/2 357/357/3
f 354/354/11 379/379/15 378/378/16 350/350/14
f 360/360/19 361/361/19 362/362/13 359/359/12
f 349/349/18 355/355/1 356/356/1 347/347/18
f 351/351/18 347/347/18 356/356/1 371/371/30 374/374/31 361/361/19
f 351/351/18 361/361/19 360/360/19 353/353/18
f 350/350/14 358/358/2 367/367/5 369/369/9 359/359/12 354/354/11
f 371/371/30 372/372/23 373/373/20 374/374/31
f 354/354/11 359/359/12 362/362/13 352/352/10
f 355/355/1 368/368/6 367/367/5 358/358/2
f 361/361/19 374/374/31 373/373/20 362/362/13
f 357/357/3 372/372/23 371/371/30 356/356/1
f 359/359/12 369/369/9 370/370/8 360/360/19
f 373/373/20 363/363/16 376/376/32 362/362/13
f 348/348/17 365/365/4 375/375/5 357/357/3
f 366/366/4 376/376/32 363/363/16 364/364/15 375/375/5 365/365/4
f 352/352/10 366/366/4 365/365/4 348/348/17
f 372/372/23 364/364/15 363/363/16 373/373/20
f 357/357/3 375/375/5 364/364/15 372/372/23
f 379/379/15 380/380/5 377/377/9 378/378/16
f 352/352/10 380/380/5 379/379/15 354/354/11
f 350/350/14 378/378/16 377/377/9 348/348/17
f 348/348/17 377/377/9 380/380/5 352/352/10
f 390/390/17 399/399/3 400/400/2 392/392/14
f 402/402/19 412/412/8 410/410/6 397/397/1 391/391/18 395/395/18
f 410/410/6 412/412/8 411/411/9 409/409/5
f 404/404/13 418/418/9 408/408/4 394/394/10
f 398/398/1 397/397/1 400/400/2 399/399/3
f 396/396/11 421/421/15 420/420/16 392/392/14
f 402/402/19 403/403/19 404/404/13 401/401/12
f 391/391/18 397/397/1 398/398/1 389/389/18
f 393/393/18 389/389/18 398/398/1 413/413/30 416/416/31 403/403/19
f 393/393/18 403/403/19 402/402/19 395/395/18
f 392/392/14 400/400/2 409/409/5 411/411/9 401/401/12 396/396/11
f 413/413/30 414/414/23 415/415/20 416/416/31
f 396/396/11 401/401/12 404/404/13 394/394/10
f 397/397/1 410/410/6 409/409/5 400/400/2
f 403/403/19 416/416/31 415/415/20 404/404/13
f 399/399/3 414/414/23 413/413/30 398/398/1
f 401/401/12 411/411/9 412/412/8 402/402/19
f 415/415/20 405/405/16 418/418/9 404/404/13
f 390/390/17 407/407/4 417/417/5 399/399/3
f 408/408/4 418/418/9 405/405/16 406/406/15 417/417/5 407/407/4
f 394/394/10 408/408/4 407/407/4 390/390/17
f 414/414/23 406/406/15 405/405/16 415/415/20
f 399/399/3 417/417/5 406/406/15 414/414/23
f 421/421/15 422/422/5 419/419/9 420/420/16
f 394/394/10 422/422/5 421/421/15 396/396/11
f 392/392/14 420/420/16 419/419/9 390/390/17
f 390/390/17 419/419/9 422/422/5 394/394/10
f 432/432/17 441/441/3 442/442/2 434/434/14
f 444/444/19 454/454/8 452/452/6 439/439/1 433/433/18 437/437/18
f 452/452/6 454/454/8 453/453/9 451/451/5
f 446/446/13 460/460/32 450/450/4 436/436/10
f 440/440/1 439/439/1 442/442/2 441/441/3
f 438/438/11 463/463/15 462/462/16 434/434/14
f 444/444/19 445/445/19 446/446/13 443/443/12
f 433/433/18 439/439/1 440/440/1 431/431/18
f 435/435/18 431/431/18 440/440/1 455/455/30 458/458/31 445/445/19
f 435/435/18 445/445/19 444/444/19 437/437/18
f 434/434/14 442/442/2 451/451/5 453/453/9 443/443/12 438/438/11
f 455/455/30 456/456/23 457/457/20 458/458/31
f 438/438/11 443/443/12 446/446/13 436/436/10
f 439/439/1 452/452/6 451/451/5 442/442/2
f 445/445/19 458/458/31 457/457/20 446/446/13
f 441/441/3 456/456/23 455/455/30 440/440/1
f 443/443/12 453/453/9 454/454/8 444/444/19
f 457/457/20 447/447/16 460/460/32 446/446/13
f 432/432/17 449/449/4 459/459/5 441/441/3
f 450/450/4 460/460/32 447/447/16 448/448/15 459/459/5 449/449/4
f 436/436/10 450/450/4 449/449/4 432/432/17
f 456/456/23 448/448/15 447/447/16 457/457/20
f 441/441/3 459/459/5 448/448/15 456/456/23
f 463/463/15 464/464/5 461/461/9 462/462/16
f 436/436/10 464/464/5 463/463/15 438/438/11
f 434/434/14 462/462/16 461/461/9 432/432/17
f 432/432/17 461/461/9 464/464/5 436/436/10
f 474/474/17 483/483/3 484/484/2 476/476/14
f 486/486/19 496/496/8 494/494/6 481/481/1 475/475/18 479/479/18
f 494/494/6 496/496/8 495/495/9 493/493/5
f 488/488/13 502/502/9 492/492/4 478/478/10
f 482/482/1 481/481/1 484/484/2 483/483/3
f 480/480/11 505/505/15 504/504/16 476/476/14
f 486/486/19 487/487/19 488/488/13 485/485/12
f 475/475/18 481/481/1 482/482/1 473/473/18
f 477/477/18 473/473/18 482/482/1 497/497/30 500/500/31 487/487/19
f 477/477/18 487/487/19 486/486/19 479/479/18
f 476/476/14 484/484/2 493/493/5 495/495/9 485/485/12 480/480/11
f 497/497/30 498/498/23 499/499/20 500/500/31
f 480/480/11 485/485/12 488/488/13 478/478/10
f 481/481/1 494/494/6 493/493/5 484/484/2
f 487/487/19 500/500/31 499/499/20 488/488/13
f 483/483/3 498/498/23 497/497/30 482/482/1
f 485/485/12 495/495/9 496/496/8 486/486/19
f 499/499/20 489/489/16 502/502/9 488/488/13
f 474/474/17 491/491/4 501/501/5 483/483/3
f 492/492/4 502/502/9 489/489/16 490/490/15 501/501/5 491/491/4
f 478/478/10 492/492/4 491/491/4 474/474/17
f 498/498/23 490/490/15 489/489/16 499/499/20
f 483/483/3 501/501/5 490/490/15 498/498/23
f 505/505/15 506/506/5 503/503/9 504/504/16
f 478/478/10 506/506/5 505/505/15 480/480/11
f 476/476/14 504/504/16 503/503/9 474/474/17
f 474/474/17 503/503/9 506/506/5 478/478/10
f 516/516/17 525/525/3 526/526/2 518/518/14
f 528/528/19 538/538/8 536/536/6 523/523/1 517/517/18 521/521/18
f 536/536/6 538/538/8 537/537/9 535/535/5
f 530/530/13 544/544/32 534/534/4 520/520/10
f 524/524/1 523/523/1 526/526/2 525/525/3
f 522/522/11 547/547/15 546/546/16 518/518/14
f 528/528/19 529/529/19 530/530/13 527/527/12
f 517/517/18 523/523/1 524/524/1 515/515/18
f 519/519/18 515/515/18 524/524/1 539/539/30 542/542/31 529/529/19
f 519/519/18 529/529/19 528/528/19 521/521/18
f 518/518/14 526/526/2 535/535/5 537/537/9 527/527/12 522/522/11
f 539/539/30 540/540/23 541/541/20 542/542/31
f 522/522/11 527/527/12 530/530/13 520/520/10
f 523/523/1 536/536/6 535/535/5 526/526/2
f 529/529/19 542/542/31 541/541/20 530/530/13
f 525/525/3 540/540/23 539/539/30 524/524/1
f 527/527/12 537/537/9 538/538/8 528/528/19
f 541/541/20 531/531/16 544/544/32 530/530/13
f 516/516/17 533/533/4 543/543/5 525/525/3
f 534/534/4 544/544/32 531/531/16 532/532/15 543/543/5 533/533/4
f 520/520/10 534/534/4 533/533/4 516/516/17
f 540/540/23 532/532/15 531/531/16 541/541/20
f 525/525/3 543/543/5 532/532/15 540/540/23
f 547/547/15 548/548/5 545/545/9 546/546/16
f 520/520/10 548/548/5 547/547/15 522/522/11
f 518/518/14 546/546/16 545/545/9 516/516/17
f 516/516/17 545/545/9 548/548/5 520/520/10
f 4/4/28 2/2/28 557/557/28 558/559/28
f 591/593/1 592/594/1 589/591/2 590/592/3
f 598/600/18 592/594/1 591/593/1 600/602/18
f 595/597/10 581/583/4 582/584/4 599/601/17
f 592/594/1 579/581/6 580/582/5 589/591/2
f 568/570/15 567/569/5 570/572/9 569/571/16
f 588/590/12 578/580/9 577/579/8 587/589/19
f 596/598/18 600/602/18 591/593/1 576/578/30 573/575/31 586/588/19
f 574/576/20 584/586/16 571/573/33 585/587/13
f 641/643/17 612/614/9 609/611/5 637/639/10
f 593/595/11 568/570/15 569/571/16 597/599/14
f 587/589/19 586/588/19 585/587/13 588/590/12
f 597/599/14 569/571/16 570/572/9 599/601/17
f 596/598/18 586/588/19 587/589/19 594/596/18
f 586/588/19 573/575/31 574/576/20 585/587/13
f 576/578/30 575/577/23 574/576/20 573/575/31
f 593/595/11 588/590/12 585/587/13 595/597/10
f 597/599/14 589/591/2 580/582/5 578/580/9 588/590/12 593/595/11
f 590/592/3 575/577/23 576/578/30 591/593/1
f 599/601/17 582/584/4 572/574/5 590/592/3
f 579/581/6 577/579/8 578/580/9 580/582/5
f 575/577/23 583/585/15 584/586/16 574/576/20
f 585/587/13 571/573/33 581/583/4 595/597/10
f 587/589/19 577/579/8 579/581/6 592/594/1 598/600/18 594/596/18
f 599/601/17 590/592/3 589/591/2 597/599/14
f 590/592/3 572/574/5 583/585/15 575/577/23
f 639/641/14 611/613/16 612/614/9 641/643/17
f 595/597/10 567/569/5 568/570/15 593/595/11
f 581/583/4 571/573/33 584/586/16 583/585/15 572/574/5 582/584/4
f 599/601/17 570/572/9 567/569/5 595/597/10
f 637/639/10 609/611/5 610/612/15 635/637/11
f 610/612/15 609/611/5 612/614/9 611/613/16
f 632/634/3 614/616/5 625/627/15 617/619/23
f 617/619/23 625/627/15 626/628/16 616/618/20
f 652/654/15 651/653/5 654/656/9 653/655/16
f 634/636/1 621/623/6 622/624/5 631/633/2
f 621/623/6 619/621/8 620/622/9 622/624/5
f 616/618/20 626/628/16 613/615/9 627/629/13
f 639/641/14 631/633/2 622/624/5 620/622/9 630/632/12 635/637/11
f 681/683/14 653/655/16 654/656/9 683/685/17
f 638/640/18 642/644/18 633/635/1 618/620/30 615/617/31 628/630/19
f 665/667/4 655/657/32 668/670/16 667/669/15 656/658/5 666/668/4
f 674/676/3 659/661/23 660/662/30 675/677/1
f 659/661/23 667/669/15 668/670/16 658/660/20
f 623/625/4 613/615/9 626/628/16 625/627/15 614/616/5 624/626/4
f 672/674/12 662/664/9 661/663/8 671/673/19
f 618/620/30 617/619/23 616/618/20 615/617/31
f 635/637/11 610/612/15 611/613/16 639/641/14
f 629/631/19 628/630/19 627/629/13 630/632/12
f 683/685/17 666/668/4 656/658/5 674/676/3
f 633/635/1 634/636/1 631/633/2 632/634/3
f 627/629/13 613/615/9 623/625/4 637/639/10
f 683/685/17 654/656/9 651/653/5 679/681/10
f 628/630/19 615/617/31 616/618/20 627/629/13
f 638/640/18 628/630/19 629/631/19 636/638/18
f 674/676/3 656/658/5 667/669/15 659/661/23
f 679/681/10 651/653/5 652/654/15 677/679/11
f 640/642/18 634/636/1 633/635/1 642/644/18
f 635/637/11 630/632/12 627/629/13 637/639/10
f 629/631/19 619/621/8 621/623/6 634/636/1 640/642/18 636/638/18
f 641/643/17 624/626/4 614/616/5 632/634/3
f 632/634/3 617/619/23 618/620/30 633/635/1
f 637/639/10 623/625/4 624/626/4 641/643/17
f 630/632/12 620/622/9 619/621/8 629/631/19
f 679/681/10 665/667/4 666/668/4 683/685/17
f 658/660/20 668/670/16 655/657/32 669/671/13
f 641/643/17 632/634/3 631/633/2 639/641/14
f 716/718/3 698/700/5 709/711/15 701/703/23
f 700/702/20 710/712/16 697/699/9 711/713/13
f 682/684/18 676/678/1 675/677/1 684/686/18
f 723/725/14 695/697/16 696/698/9 725/727/17
f 660/662/30 659/661/23 658/660/20 657/659/31
f 675/677/1 676/678/1 673/675/2 674/676/3
f 707/709/4 697/699/9 710/712/16 709/711/15 698/700/5 708/710/4
f 663/665/6 661/663/8 662/664/9 664/666/5
f 701/703/23 709/711/15 710/712/16 700/702/20
f 718/720/1 705/707/6 706/708/5 715/717/2
f 722/724/18 712/714/19 713/715/19 720/722/18
f 716/718/3 701/703/23 702/704/30 717/719/1
f 676/678/1 663/665/6 664/666/5 673/675/2
f 723/725/14 715/717/2 706/708/5 704/706/9 714/716/12 719/721/11
f 677/679/11 652/654/15 653/655/16 681/683/14
f 683/685/17 674/676/3 673/675/2 681/683/14
f 719/721/11 714/716/12 711/713/13 721/723/10
f 725/727/17 696/698/9 693/695/5 721/723/10
f 721/723/10 707/709/4 708/710/4 725/727/17
f 680/682/18 684/686/18 675/677/1 660/662/30 657/659/31 670/672/19
f 669/671/13 655/657/32 665/667/4 679/681/10
f 714/716/12 704/706/9 703/705/8 713/715/19
f 725/727/17 708/710/4 698/700/5 716/718/3
f 671/673/19 661/663/8 663/665/6 676/678/1 682/684/18 678/680/18
f 671/673/19 670/672/19 669/671/13 672/674/12
f 721/723/10 693/695/5 694/696/15 719/721/11
f 677/679/11 672/674/12 669/671/13 679/681/10
f 680/682/18 670/672/19 671/673/19 678/680/18
f 670/672/19 657/659/31 658/660/20 669/671/13
f 681/683/14 673/675/2 664/666/5 662/664/9 672/674/12 677/679/11
f 712/714/19 699/701/31 700/702/20 711/713/13
f 702/704/30 701/703/23 700/702/20 699/701/31
f 694/696/15 693/695/5 696/698/9 695/697/16
f 756/758/12 746/748/9 745/747/8 755/757/19
f 744/746/30 743/745/23 742/744/20 741/743/31
f 713/715/19 703/705/8 705/707/6 718/720/1 724/726/18 720/722/18
f 749/751/4 739/741/32 752/754/16 751/753/15 740/742/5 750/752/4
f 719/721/11 694/696/15 695/697/16 723/725/14
f 760/762/1 747/749/6 748/750/5 757/759/2
f 765/767/14 737/739/16 738/740/9 767/769/17
f 758/760/3 743/745/23 744/746/30 759/761/1
f 766/768/18 760/762/1 759/761/1 768/770/18
f 753/755/13 739/741/32 749/751/4 763/765/10
f 764/766/18 754/756/19 755/757/19 762/764/18
f 724/726/18 718/720/1 717/719/1 726/728/18
f 759/761/1 760/762/1 757/759/2 758/760/3
f 758/760/3 740/742/5 751/753/15 743/745/23
f 736/738/15 735/737/5 738/740/9 737/739/16
f 755/757/19 754/756/19 753/755/13 756/758/12
f 743/745/23 751/753/15 752/754/16 742/744/20
f 763/765/10 749/751/4 750/752/4 767/769/17
f 754/756/19 741/743/31 742/744/20 753/755/13
f 705/707/6 703/705/8 704/706/9 706/708/5
f 767/769/17 738/740/9 735/737/5 763/765/10
f 765/767/14 757/759/2 748/750/5 746/748/9 756/758/12 761/763/11
f 761/763/11 756/758/12 753/755/13 763/765/10
f 763/765/10 735/737/5 736/738/15 761/763/11
f 725/727/17 716/718/3 715/717/2 723/725/14
f 767/769/17 750/752/4 740/742/5 758/760/3
f 713/715/19 712/714/19 711/713/13 714/716/12
f 711/713/13 697/699/9 707/709/4 721/723/10
f 722/724/18 726/728/18 717/719/1 702/704/30 699/701/31 712/714/19
f 717/719/1 718/720/1 715/717/2 716/718/3
f 764/766/18 768/770/18 759/761/1 744/746/30 741/743/31 754/756/19
f 761/763/11 736/738/15 737/739/16 765/767/14
f 742/744/20 752/754/16 739/741/32 753/755/13
f 805/807/10 777/779/5 778/780/15 803/805/11
f 808/810/18 802/804/1 801/803/1 810/812/18
f 809/811/17 792/794/4 782/784/5 800/802/3
f 784/786/20 794/796/16 781/783/9 795/797/13
f 800/802/3 782/784/5 793/795/15 785/787/23
f 803/805/11 798/800/12 795/797/13 805/807/10
f 747/749/6 745/747/8 746/748/9 748/750/5
f 755/757/19 745/747/8 747/749/6 760/762/1 766/768/18 762/764/18
f 785/787/23 793/795/15 794/796/16 784/786/20
f 778/780/15 777/779/5 780/782/9 779/781/16
f 797/799/19 796/798/19 795/797/13 798/800/12
f 791/793/4 781/783/9 794/796/16 793/795/15 782/784/5 792/794/4
f 798/800/12 788/790/9 787/789/8 797/799/19
f 786/788/30 785/787/23 784/786/20 783/785/31
f 800/802/3 785/787/23 786/788/30 801/803/1
f 802/804/1 789/791/6 790/792/5 799/801/2
f 807/809/14 799/801/2 790/792/5 788/790/9 798/800/12 803/805/11
f 807/809/14 779/781/16 780/782/9 809/811/17
f 806/808/18 810/812/18 801/803/1 786/788/30 783/785/31 796/798/19
f 809/811/17 780/782/9 777/779/5 805/807/10
f 806/808/18 796/798/19 797/799/19 804/806/18
f 796/798/19 783/785/31 784/786/20 795/797/13
f 803/805/11 778/780/15 779/781/16 807/809/14
f 805/807/10 791/793/4 792/794/4 809/811/17
f 767/769/17 758/760/3 757/759/2 765/767/14
f 801/803/1 802/804/1 799/801/2 800/802/3
f 795/797/13 781/783/9 791/793/4 805/807/10
f 847/849/10 819/821/5 820/822/15 845/847/11
f 850/852/18 844/846/1 843/845/1 852/854/18
f 851/853/17 834/836/4 824/826/5 842/844/3
f 826/828/20 836/838/16 823/825/32 837/839/13
f 842/844/3 824/826/5 835/837/15 827/829/23
f 845/847/11 840/842/12 837/839/13 847/849/10
f 789/791/6 787/789/8 788/790/9 790/792/5
f 797/799/19 787/789/8 789/791/6 802/804/1 808/810/18 804/806/18
f 827/829/23 835/837/15 836/838/16 826/828/20
f 820/822/15 819/821/5 822/824/9 821/823/16
f 839/841/19 838/840/19 837/839/13 840/842/12
f 833/835/4 823/825/32 836/838/16 835/837/15 824/826/5 834/836/4
f 840/842/12 830/832/9 829/831/8 839/841/19
f 828/830/30 827/829/23 826/828/20 825/827/31
f 842/844/3 827/829/23 828/830/30 843/845/1
f 844/846/1 831/833/6 832/834/5 841/843/2
f 849/851/14 841/843/2 832/834/5 830/832/9 840/842/12 845/847/11
f 849/851/14 821/823/16 822/824/9 851/853/17
f 848/850/18 852/854/18 843/845/1 828/830/30 825/827/31 838/840/19
f 851/853/17 822/824/9 819/821/5 847/849/10
f 848/850/18 838/840/19 839/841/19 846/848/18
f 838/840/19 825/827/31 826/828/20 837/839/13
f 845/847/11 820/822/15 821/823/16 849/851/14
f 847/849/10 833/835/4 834/836/4 851/853/17
f 809/811/17 800/802/3 799/801/2 807/809/14
f 843/845/1 844/846/1 841/843/2 842/844/3
f 837/839/13 823/825/32 833/835/4 847/849/10
f 889/891/10 861/863/5 862/864/15 887/889/11
f 892/894/18 886/888/1 885/887/1 894/896/18
f 893/895/17 876/878/4 866/868/5 884/886/3
f 868/870/20 878/880/16 865/867/9 879/881/13
f 884/886/3 866/868/5 877/879/15 869/871/23
f 887/889/11 882/884/12 879/881/13 889/891/10
f 831/833/6 829/831/8 830/832/9 832/834/5
f 839/841/19 829/831/8 831/833/6 844/846/1 850/852/18 846/848/18
f 869/871/23 877/879/15 878/880/16 868/870/20
f 862/864/15 861/863/5 864/866/9 863/865/16
f 881/883/19 880/882/19 879/881/13 882/884/12
f 875/877/4 865/867/9 878/880/16 877/879/15 866/868/5 876/878/4
f 882/884/12 872/874/9 871/873/8 881/883/19
f 870/872/30 869/871/23 868/870/20 867/869/31
f 884/886/3 869/871/23 870/872/30 885/887/1
f 886/888/1 873/875/6 874/876/5 883/885/2
f 891/893/14 883/885/2 874/876/5 872/874/9 882/884/12 887/889/11
f 891/893/14 863/865/16 864/866/9 893/895/17
f 890/892/18 894/896/18 885/887/1 870/872/30 867/869/31 880/882/19
f 893/895/17 864/866/9 861/863/5 889/891/10
f 890/892/18 880/882/19 881/883/19 888/890/18
f 880/882/19 867/869/31 868/870/20 879/881/13
f 887/889/11 862/864/15 863/865/16 891/893/14
f 889/891/10 875/877/4 876/878/4 893/895/17
f 851/853/17 842/844/3 841/843/2 849/851/14
f 885/887/1 886/888/1 883/885/2 884/886/3
f 879/881/13 865/867/9 875/877/4 889/891/10
f 912/914/1 916/918/2 918/920/3 917/919/1
f 902/904/18 901/903/18 904/906/7 909/911/7
f 915/917/19 911/913/12 906/908/9 903/905/8
f 914/916/19 913/915/13 911/913/12 915/917/19
f 917/919/1 918/920/3 923/925/23 924/926/22
f 873/875/6 871/873/8 872/874/9 874/876/5
f 881/883/19 871/873/8 873/875/6 886/888/1 892/894/18 888/890/18
f 895/897/17 896/898/10 919/921/4 920/922/4
f 931/933/5 930/932/9 929/931/16 932/934/15
f 926/928/20 925/927/21 924/926/22 923/925/23
f 922/924/34 920/922/4 919/921/4 921/923/33 928/930/26 927/929/35
f 911/913/12 899/901/11 905/907/4 906/908/9
f 899/901/11 896/898/10 931/933/5 932/934/15
f 918/920/3 895/897/17 920/922/4 922/924/34
f 913/915/13 914/916/19 925/927/21 926/928/20
f 900/902/14 899/901/11 932/934/15 929/931/16
f 913/915/13 926/928/20 928/930/26 921/923/33
f 896/898/10 899/901/11 911/913/12 913/915/13
f 914/916/19 897/899/18 898/900/18 917/919/1 924/926/22 925/927/21
f 916/918/2 912/914/1 910/912/6 907/909/5
f 901/903/18 897/899/18 914/916/19 915/917/19
f 895/897/17 900/902/14 929/931/16 930/932/9
f 893/895/17 884/886/3 883/885/2 891/893/14
f 908/910/4 907/909/5 910/912/6 909/911/7 904/906/7 903/905/8 906/908/9 905/907/4
f 899/901/11 900/902/14 908/910/4 905/907/4
f 912/914/1 902/904/18 909/911/7 910/912/6
f 926/928/20 923/925/23 927/929/35 928/930/26
f 901/903/18 915/917/19 903/905/8 904/906/7
f 972/974/3 949/951/17 974/976/4 976/978/34
f 985/987/5 984/986/9 983/985/16 986/988/15
f 966/968/1 970/972/2 972/974/3 971/973/1
f 969/971/19 965/967/12 960/962/9 957/959/8
f 898/900/18 902/904/18 912/914/1 917/919/1
f 923/925/23 918/920/3 922/924/34 927/929/35
f 962/964/4 961/963/5 964/966/6 963/965/7 958/960/7 957/959/8 960/962/9 959/961/4
f 900/902/14 895/897/17 918/920/3 916/918/2
f 971/973/1 972/974/3 977/979/23 978/980/22
f 954/956/14 953/955/11 986/988/15 983/985/16
f 968/970/19 967/969/13 965/967/12 969/971/19
f 949/951/17 950/952/10 973/975/4 974/976/4
f 980/982/20 979/981/21 978/980/22 977/979/23
f 976/978/34 974/976/4 973/975/4 975/977/33 982/984/26 981/983/35
f 896/898/10 895/897/17 930/932/9 931/933/5
f 970/972/2 966/968/1 964/966/6 961/963/5
f 896/898/10 913/915/13 921/923/33 919/921/4
f 953/955/11 950/952/10 985/987/5 986/988/15
f 949/951/17 954/956/14 983/985/16 984/986/9
f 965/967/12 953/955/11 959/961/4 960/962/9
f 950/952/10 953/955/11 965/967/12 967/969/13
f 900/902/14 916/918/2 907/909/5 908/910/4
f 967/969/13 968/970/19 979/981/21 980/982/20
f 968/970/19 951/953/18 952/954/18 971/973/1 978/980/22 979/981/21
f 955/957/18 951/953/18 968/970/19 969/971/19
f 977/979/23 972/974/3 976/978/34 981/983/35
f 1034/1036/20 1033/1035/21 1032/1034/22 1031/1033/23
f 955/957/18 969/971/19 957/959/8 958/960/7
f 954/956/14 949/951/17 972/974/3 970/972/2
f 980/982/20 977/979/23 981/983/35 982/984/26
f 967/969/13 980/982/20 982/984/26 975/977/33
f 956/958/18 955/957/18 958/960/7 963/965/7
f 954/956/14 970/972/2 961/963/5 962/964/4
f 1023/1025/19 1019/1021/12 1014/1016/9 1011/1013/8
f 950/952/10 949/951/17 984/986/9 985/987/5
f 1020/1022/1 1024/1026/2 1026/1028/3 1025/1027/1
f 1039/1041/5 1038/1040/9 1037/1039/16 1040/1042/15
f 1016/1018/4 1015/1017/5 1018/1020/6 1017/1019/7 1012/1014/7 1011/1013/8 1014/1016/9 1013/1015/4
f 1008/1010/14 1007/1009/11 1040/1042/15 1037/1039/16
f 952/954/18 956/958/18 966/968/1 971/973/1
f 1003/1005/17 1008/1010/14 1037/1039/16 1038/1040/9
f 966/968/1 956/958/18 963/965/7 964/966/6
f 1003/1005/17 1004/1006/10 1027/1029/4 1028/1030/4
f 1004/1006/10 1007/1009/11 1019/1021/12 1021/1023/13
f 1022/1024/19 1021/1023/13 1019/1021/12 1023/1025/19
f 950/952/10 967/969/13 975/977/33 973/975/4
f 953/955/11 954/956/14 962/964/4 959/961/4
f 1030/1032/34 1028/1030/4 1027/1029/4 1029/1031/33 1036/1038/26 1035/1037/35
f 1007/1009/11 1004/1006/10 1039/1041/5 1040/1042/15
f 1019/1021/12 1007/1009/11 1013/1015/4 1014/1016/9
f 1010/1012/18 1009/1011/18 1012/1014/7 1017/1019/7
f 1031/1033/23 1026/1028/3 1030/1032/34 1035/1037/35
f 1008/1010/14 1024/1026/2 1015/1017/5 1016/1018/4
f 1009/1011/18 1005/1007/18 1022/1024/19 1023/1025/19
f 1009/1011/18 1023/1025/19 1011/1013/8 1012/1014/7
f 1024/1026/2 1020/1022/1 1018/1020/6 1015/1017/5
f 1026/1028/3 1003/1005/17 1028/1030/4 1030/1032/34
f 1007/1009/11 1008/1010/14 1016/1018/4 1013/1015/4
f 1110/1112/17 1105/1107/14 1076/1078/16 1075/1077/9
f 1006/1008/18 1010/1012/18 1020/1022/1 1025/1027/1
f 1034/1036/20 1031/1033/23 1035/1037/35 1036/1038/26
f 1008/1010/14 1003/1005/17 1026/1028/3 1024/1026/2
f 1004/1006/10 1003/1005/17 1038/1040/9 1039/1041/5
f 1021/1023/13 1034/1036/20 1036/1038/26 1029/1031/33
f 1022/1024/19 1005/1007/18 1006/1008/18 1025/1027/1 1032/1034/22 1033/1035/21
f 1004/1006/10 1021/1023/13 1029/1031/33 1027/1029/4
f 1106/1108/11 1109/1111/10 1074/1076/5 1073/1075/15
f 1020/1022/1 1010/1012/18 1017/1019/7 1018/1020/6
f 1025/1027/1 1026/1028/3 1031/1033/23 1032/1034/22
f 1021/1023/13 1022/1024/19 1033/1035/21 1034/1036/20
f 1109/1111/10 1110/1112/17 1075/1077/9 1074/1076/5
f 1074/1076/5 1075/1077/9 1076/1078/16 1073/1075/15
f 1088/1090/1 1087/1089/3 1082/1084/23 1081/1083/22
f 1091/1093/19 1108/1110/18 1107/1109/18 1088/1090/1 1081/1083/22 1080/1082/21
f 1109/1111/10 1106/1108/11 1094/1096/12 1092/1094/13
f 1093/1095/1 1103/1105/18 1096/1098/7 1095/1097/6
f 1105/1107/14 1110/1112/17 1087/1089/3 1089/1091/2
f 1103/1105/18 1104/1106/18 1101/1103/7 1096/1098/7
f 1104/1106/18 1108/1110/18 1091/1093/19 1090/1092/19
f 1087/1089/3 1110/1112/17 1085/1087/4 1083/1085/34
f 1082/1084/23 1087/1089/3 1083/1085/34 1078/1080/35
f 1105/1107/14 1089/1091/2 1098/1100/5 1097/1099/4
f 1094/1096/12 1106/1108/11 1100/1102/4 1099/1101/9
f 1097/1099/4 1098/1100/5 1095/1097/6 1096/1098/7 1101/1103/7 1102/1104/8 1099/1101/9 1100/1102/4
f 1106/1108/11 1105/1107/14 1097/1099/4 1100/1102/4
f 1083/1085/34 1085/1087/4 1086/1088/4 1084/1086/33 1077/1079/26 1078/1080/35
f 1090/1092/19 1094/1096/12 1099/1101/9 1102/1104/8
f 1089/1091/2 1093/1095/1 1095/1097/6 1098/1100/5
f 1079/1081/20 1080/1082/21 1081/1083/22 1082/1084/23
f 1107/1109/18 1103/1105/18 1093/1095/1 1088/1090/1
f 1092/1094/13 1091/1093/19 1080/1082/21 1079/1081/20
f 1105/1107/14 1106/1108/11 1073/1075/15 1076/1078/16
f 1109/1111/10 1092/1094/13 1084/1086/33 1086/1088/4
f 1110/1112/17 1109/1111/10 1086/1088/4 1085/1087/4
f 1091/1093/19 1092/1094/13 1094/1096/12 1090/1092/19
f 1093/1095/1 1089/1091/2 1087/1089/3 1088/1090/1
f 1104/1106/18 1090/1092/19 1102/1104/8 1101/1103/7
f 1079/1081/20 1082/1084/23 1078/1080/35 1077/1079/26
f 1092/1094/13 1079/1081/20 1077/1079/26 1084/1086/33
f 1113/1117/2 1111/1113/2 1112/1115/2 1115/1119/2
f 1115/1119/2 1116/1120/29 1114/1118/29 1113/1117/2
f 1112/1116/2 1111/1114/2 558/560/28 557/558/28
f 1119/1124/36 1120/1125/37 1124/1131/37 1123/1130/36
f 1121/1127/38 1122/1128/4 1118/1122/4 1117/1121/38
f 1125/1133/1 1126/1135/2 1128/1138/2 1127/1136/1
f 1124/1132/37 1120/1126/37 1118/1123/4 1122/1129/4
f 1150/1171/39 1149/1170/11 1183/1207/27 1182/1206/40
f 1131/1142/19 1132/1144/12 1130/1141/12 1129/1139/19
f 1139/1154/41 1140/1156/42 1162/1186/43 1164/1188/44
f 1127/1136/1 1134/1147/45 1154/1177/39 1155/1178/45 1150/1171/39 1152/1174/45 1136/1150/39 1131/1142/19 1129/1139/19 1138/1153/46 1145/1163/41 1148/1168/46 1141/1157/41 1144/1162/46 1139/1154/41 1125/1133/1
f 1132/1143/12 1135/1148/11 1151/1172/14 1149/1169/11 1156/1179/14 1153/1175/11 1133/1145/14 1128/1137/2 1126/1134/2 1140/1155/42 1143/1160/47 1142/1158/42 1147/1166/47 1146/1164/42 1137/1151/47 1130/1140/12
f 1160/1184/8 1159/1183/9 1163/1187/5 1161/1185/6
f 1134/1147/45 1133/1146/14 1153/1176/11 1154/1177/39
f 1152/1174/45 1150/1171/39 1182/1206/40 1181/1205/31
f 1138/1153/46 1137/1152/47 1146/1165/42 1145/1163/41
f 1148/1168/46 1145/1163/41 1170/1194/44 1169/1193/48
f 1143/1161/47 1144/1162/46 1165/1189/49 1168/1192/50
f 1144/1162/46 1143/1161/47 1140/1156/42 1139/1154/41
f 1125/1133/1 1139/1154/41 1164/1188/44 1157/1181/6
f 1148/1168/46 1147/1167/47 1142/1159/42 1141/1157/41
f 1154/1177/39 1153/1176/11 1187/1211/27 1186/1210/40
f 1152/1174/45 1151/1173/14 1135/1149/11 1136/1150/39
f 1133/1146/14 1134/1147/45 1175/1199/51 1179/1203/26
f 1155/1178/45 1156/1180/14 1149/1170/11 1150/1171/39
f 1164/1188/44 1162/1186/43 1158/1182/5 1157/1181/6
f 1166/1190/52 1167/1191/43 1168/1192/50 1165/1189/49
f 1170/1194/44 1171/1195/43 1172/1196/53 1169/1193/48
f 1126/1135/2 1125/1133/1 1157/1181/6 1158/1182/5
f 1129/1139/19 1130/1141/12 1159/1183/9 1160/1184/8
f 1144/1162/46 1141/1157/41 1166/1190/52 1165/1189/49
f 1145/1163/41 1146/1165/42 1171/1195/43 1170/1194/44
f 1138/1153/46 1129/1139/19 1160/1184/8 1161/1185/6
f 1130/1141/12 1137/1152/47 1163/1187/5 1159/1183/9
f 1146/1165/42 1147/1167/47 1172/1196/53 1171/1195/43
f 1140/1156/42 1126/1135/2 1158/1182/5 1162/1186/43
f 1141/1157/41 1142/1159/42 1167/1191/43 1166/1190/52
f 1142/1159/42 1143/1161/47 1168/1192/50 1167/1191/43
f 1137/1152/47 1138/1153/46 1161/1185/6 1163/1187/5
f 1147/1167/47 1148/1168/46 1169/1193/48 1172/1196/53
f 1175/1199/51 1174/1198/24 1190/1214/7 1191/1215/7
f 1180/1204/54 1176/1200/55 1177/1201/16 1178/1202/31
f 1182/1206/40 1183/1207/27 1184/1208/16 1181/1205/31
f 1186/1210/40 1187/1211/27 1188/1212/56 1185/1209/21
f 1131/1142/19 1136/1150/39 1180/1204/54 1178/1202/31
f 1153/1176/11 1156/1180/14 1188/1212/56 1187/1211/27
f 1149/1170/11 1151/1173/14 1184/1208/16 1183/1207/27
f 1136/1150/39 1135/1149/11 1176/1200/55 1180/1204/54
f 1156/1180/14 1155/1178/45 1185/1209/21 1188/1212/56
f 1127/1136/1 1128/1138/2 1173/1197/47 1174/1198/24
f 1134/1147/45 1127/1136/1 1174/1198/24 1175/1199/51
f 1151/1173/14 1152/1174/45 1181/1205/31 1184/1208/16
f 1128/1138/2 1133/1146/14 1179/1203/26 1173/1197/47
f 1135/1149/11 1132/1144/12 1177/1201/16 1176/1200/55
f 1132/1144/12 1131/1142/19 1178/1202/31 1177/1201/16
f 1155/1178/45 1154/1177/39 1186/1210/40 1185/1209/21
f 1189/1213/4 1192/1216/4 1196/1220/37 1193/1217/37
f 1173/1197/47 1179/1203/26 1192/1216/4 1189/1213/4
f 1174/1198/24 1173/1197/47 1189/1213/4 1190/1214/7
f 1179/1203/26 1175/1199/51 1191/1215/7 1192/1216/4
f 1194/1218/57 1193/1217/37 1196/1220/37 1195/1219/57
f 1194/1218/57 1190/1214/7 1202/1226/6 1204/1228/30
f 1192/1216/4 1191/1215/7 1198/1222/58 1197/1221/33
f 1191/1215/7 1190/1214/7 1194/1218/57 1195/1219/57
f 1197/1221/33 1198/1222/58 1200/1224/59 1199/1223/60
f 1196/1220/37 1192/1216/4 1197/1221/33 1199/1223/60
f 1191/1215/7 1195/1219/57 1200/1224/59 1198/1222/58
f 1195/1219/57 1196/1220/37 1199/1223/60 1200/1224/59
f 1202/1226/6 1201/1225/5 1203/1227/15 1204/1228/30
f 1193/1217/37 1194/1218/57 1204/1228/30 1203/1227/15
f 1189/1213/4 1193/1217/37 1203/1227/15 1201/1225/5
f 1190/1214/7 1189/1213/4 1201/1225/5 1202/1226/6
f 1206/1230/36 1207/1231/37 1210/1235/37 1209/1234/36
f 1211/1237/1 1212/1238/2 1214/1240/2 1213/1239/1
f 1210/1236/37 1207/1232/37 1205/1229/29 1208/1233/29
f 1236/1262/39 1235/1261/11 1269/1295/27 1268/1294/40
f 1217/1243/19 1218/1244/12 1216/1242/12 1215/1241/19
f 1225/1251/41 1226/1252/42 1248/1274/43 1250/1276/44
f 1213/1239/1 1220/1246/45 1240/1266/39 1241/1267/45 1236/1262/39 1238/1264/45 1222/1248/39 1217/1243/19 1215/1241/19 1224/1250/46 1231/1257/41 1234/1260/46 1227/1253/41 1230/1256/46 1225/1251/41 1211/1237/1
f 1218/1244/12 1221/1247/11 1237/1263/14 1235/1261/11 1242/1268/14 1239/1265/11 1219/1245/14 1214/1240/2 1212/1238/2 1226/1252/42 1229/1255/47 1228/1254/42 1233/1259/47 1232/1258/42 1223/1249/47 1216/1242/12
f 1246/1272/8 1245/1271/9 1249/1275/5 1247/1273/6
f 1220/1246/45 1219/1245/14 1239/1265/11 1240/1266/39
f 1238/1264/45 1236/1262/39 1268/1294/40 1267/1293/31
f 1224/1250/46 1223/1249/47 1232/1258/42 1231/1257/41
f 1234/1260/46 1231/1257/41 1256/1282/52 1255/1281/61
f 1229/1255/47 1230/1256/46 1251/1277/62 1254/1280/24
f 1230/1256/46 1229/1255/47 1226/1252/42 1225/1251/41
f 1211/1237/1 1225/1251/41 1250/1276/44 1243/1269/6
f 1234/1260/46 1233/1259/47 1228/1254/42 1227/1253/41
f 1240/1266/39 1239/1265/11 1273/1299/63 1272/1298/22
f 1238/1264/45 1237/1263/14 1221/1247/11 1222/1248/39
f 1219/1245/14 1220/1246/45 1261/1287/51 1265/1291/26
f 1241/1267/45 1242/1268/14 1235/1261/11 1236/1262/39
f 1250/1276/44 1248/1274/43 1244/1270/5 1243/1269/6
f 1252/1278/44 1253/1279/43 1254/1280/24 1251/1277/62
f 1256/1282/52 1257/1283/43 1258/1284/64 1255/1281/61
f 1212/1238/2 1211/1237/1 1243/1269/6 1244/1270/5
f 1215/1241/19 1216/1242/12 1245/1271/9 1246/1272/8
f 1230/1256/46 1227/1253/41 1252/1278/44 1251/1277/62
f 1231/1257/41 1232/1258/42 1257/1283/43 1256/1282/52
f 1224/1250/46 1215/1241/19 1246/1272/8 1247/1273/6
f 1216/1242/12 1223/1249/47 1249/1275/5 1245/1271/9
f 1232/1258/42 1233/1259/47 1258/1284/64 1257/1283/43
f 1226/1252/42 1212/1238/2 1244/1270/5 1248/1274/43
f 1227/1253/41 1228/1254/42 1253/1279/43 1252/1278/44
f 1228/1254/42 1229/1255/47 1254/1280/24 1253/1279/43
f 1223/1249/47 1224/1250/46 1247/1273/6 1249/1275/5
f 1233/1259/47 1234/1260/46 1255/1281/61 1258/1284/64
f 1261/1287/51 1260/1286/24 1276/1302/7 1277/1303/7
f 1266/1292/54 1262/1288/55 1263/1289/16 1264/1290/31
f 1268/1294/40 1269/1295/27 1270/1296/16 1267/1293/31
f 1272/1298/22 1273/1299/63 1274/1300/65 1271/1297/21
f 1217/1243/19 1222/1248/39 1266/1292/54 1264/1290/31
f 1239/1265/11 1242/1268/14 1274/1300/65 1273/1299/63
f 1235/1261/11 1237/1263/14 1270/1296/16 1269/1295/27
f 1222/1248/39 1221/1247/11 1262/1288/55 1266/1292/54
f 1242/1268/14 1241/1267/45 1271/1297/21 1274/1300/65
f 1213/1239/1 1214/1240/2 1259/1285/47 1260/1286/24
f 1220/1246/45 1213/1239/1 1260/1286/24 1261/1287/51
f 1237/1263/14 1238/1264/45 1267/1293/31 1270/1296/16
f 1214/1240/2 1219/1245/14 1265/1291/26 1259/1285/47
f 1221/1247/11 1218/1244/12 1263/1289/16 1262/1288/55
f 1218/1244/12 1217/1243/19 1264/1290/31 1263/1289/16
f 1241/1267/45 1240/1266/39 1272/1298/22 1271/1297/21
f 1275/1301/4 1278/1304/4 1282/1308/37 1279/1305/37
f 1259/1285/47 1265/1291/26 1278/1304/4 1275/1301/4
f 1260/1286/24 1259/1285/47 1275/1301/4 1276/1302/7
f 1265/1291/26 1261/1287/51 1277/1303/7 1278/1304/4
f 1280/1306/57 1279/1305/37 1282/1308/37 1281/1307/57
f 1280/1306/57 1276/1302/7 1288/1314/6 1290/1316/30
f 1278/1304/4 1277/1303/7 1284/1310/58 1283/1309/33
f 1277/1303/7 1276/1302/7 1280/1306/57 1281/1307/57
f 1283/1309/33 1284/1310/58 1286/1312/59 1285/1311/60
f 1282/1308/37 1278/1304/4 1283/1309/33 1285/1311/60
f 1277/1303/7 1281/1307/57 1286/1312/59 1284/1310/58
f 1281/1307/57 1282/1308/37 1285/1311/60 1286/1312/59
f 1288/1314/6 1287/1313/5 1289/1315/15 1290/1316/30
f 1279/1305/37 1280/1306/57 1290/1316/30 1289/1315/15
f 1275/1301/4 1279/1305/37 1289/1315/15 1287/1313/5
f 1276/1302/7 1275/1301/4 1287/1313/5 1288/1314/6
f 1293/1320/36 1294/1321/37 1298/1327/37 1297/1326/36
f 1295/1323/38 1296/1324/4 1292/1318/4 1291/1317/38
f 1299/1329/1 1300/1331/2 1302/1334/2 1301/1332/1
f 1298/1328/37 1294/1322/37 1292/1319/4 1296/1325/4
f 1324/1367/39 1323/1366/11 1357/1403/27 1356/1402/40
f 1305/1338/19 1306/1340/12 1304/1337/12 1303/1335/19
f 1313/1350/41 1314/1352/42 1336/1382/43 1338/1384/44
f 1301/1332/1 1308/1343/45 1328/1373/39 1329/1374/45 1324/1367/39 1326/1370/45 1310/1346/39 1305/1338/19 1303/1335/19 1312/1349/46 1319/1359/41 1322/1364/46 1315/1353/41 1318/1358/46 1313/1350/41 1299/1329/1
f 1306/1339/12 1309/1344/11 1325/1368/14 1323/1365/11 1330/1375/14 1327/1371/11 1307/1341/14 1302/1333/2 1300/1330/2 1314/1351/42 1317/1356/47 1316/1354/42 1321/1362/47 1320/1360/42 1311/1347/47 1304/1336/12
f 1334/1380/8 1333/1379/9 1337/1383/5 1335/1381/6
f 1308/1343/45 1307/1342/14 1327/1372/11 1328/1373/39
f 1326/1370/45 1324/1367/39 1356/1402/40 1355/1401/31
f 1312/1349/46 1311/1348/47 1320/1361/42 1319/1359/41
f 1322/1364/46 1319/1359/41 1344/1390/44 1343/1389/61
f 1317/1357/47 1318/1358/46 1339/1385/49 1342/1388/50
f 1318/1358/46 1317/1357/47 1314/1352/42 1313/1350/41
f 1299/1329/1 1313/1350/41 1338/1384/44 1331/1377/6
f 1322/1364/46 1321/1363/47 1316/1355/42 1315/1353/41
f 1328/1373/39 1327/1372/11 1361/1407/27 1360/1406/40
f 1326/1370/45 1325/1369/14 1309/1345/11 1310/1346/39
f 1307/1342/14 1308/1343/45 1349/1395/51 1353/1399/26
f 1329/1374/45 1330/1376/14 1323/1366/11 1324/1367/39
f 1338/1384/44 1336/1382/43 1332/1378/5 1331/1377/6
f 1340/1386/44 1341/1387/43 1342/1388/50 1339/1385/49
f 1344/1390/44 1345/1391/43 1346/1392/53 1343/1389/61
f 1300/1331/2 1299/1329/1 1331/1377/6 1332/1378/5
f 1303/1335/19 1304/1337/12 1333/1379/9 1334/1380/8
f 1318/1358/46 1315/1353/41 1340/1386/44 1339/1385/49
f 1319/1359/41 1320/1361/42 1345/1391/43 1344/1390/44
f 1312/1349/46 1303/1335/19 1334/1380/8 1335/1381/6
f 1304/1337/12 1311/1348/47 1337/1383/5 1333/1379/9
f 1320/1361/42 1321/1363/47 1346/1392/53 1345/1391/43
f 1314/1352/42 1300/1331/2 1332/1378/5 1336/1382/43
f 1315/1353/41 1316/1355/42 1341/1387/43 1340/1386/44
f 1316/1355/42 1317/1357/47 1342/1388/50 1341/1387/43
f 1311/1348/47 1312/1349/46 1335/1381/6 1337/1383/5
f 1321/1363/47 1322/1364/46 1343/1389/61 1346/1392/53
f 1349/1395/51 1348/1394/24 1364/1410/7 1365/1411/7
f 1354/1400/54 1350/1396/55 1351/1397/16 1352/1398/31
f 1356/1402/40 1357/1403/27 1358/1404/16 1355/1401/31
f 1360/1406/40 1361/1407/27 1362/1408/56 1359/1405/51
f 1305/1338/19 1310/1346/39 1354/1400/54 1352/1398/31
f 1327/1372/11 1330/1376/14 1362/1408/56 1361/1407/27
f 1323/1366/11 1325/1369/14 1358/1404/16 1357/1403/27
f 1310/1346/39 1309/1345/11 1350/1396/55 1354/1400/54
f 1330/1376/14 1329/1374/45 1359/1405/51 1362/1408/56
f 1301/1332/1 1302/1334/2 1347/1393/47 1348/1394/24
f 1308/1343/45 1301/1332/1 1348/1394/24 1349/1395/51
f 1325/1369/14 1326/1370/45 1355/1401/31 1358/1404/16
f 1302/1334/2 1307/1342/14 1353/1399/26 1347/1393/47
f 1309/1345/11 1306/1340/12 1351/1397/16 1350/1396/55
f 1306/1340/12 1305/1338/19 1352/1398/31 1351/1397/16
f 1329/1374/45 1328/1373/39 1360/1406/40 1359/1405/51
f 1363/1409/4 1366/1412/4 1370/1416/37 1367/1413/37
f 1347/1393/47 1353/1399/26 1366/1412/4 1363/1409/4
f 1348/1394/24 1347/1393/47 1363/1409/4 1364/1410/7
f 1353/1399/26 1349/1395/51 1365/1411/7 1366/1412/4
f 1368/1414/57 1367/1413/37 1370/1416/37 1369/1415/57
f 1368/1414/57 1364/1410/7 1376/1422/6 1378/1424/30
f 1366/1412/4 1365/1411/7 1372/1418/58 1371/1417/33
f 1365/1411/7 1364/1410/7 1368/1414/57 1369/1415/57
f 1371/1417/33 1372/1418/58 1374/1420/59 1373/1419/60
f 1370/1416/37 1366/1412/4 1371/1417/33 1373/1419/60
f 1365/1411/7 1369/1415/57 1374/1420/59 1372/1418/58
f 1369/1415/57 1370/1416/37 1373/1419/60 1374/1420/59
f 1376/1422/6 1375/1421/5 1377/1423/15 1378/1424/30
f 1367/1413/37 1368/1414/57 1378/1424/30 1377/1423/15
f 1363/1409/4 1367/1413/37 1377/1423/15 1375/1421/5
f 1364/1410/7 1363/1409/4 1375/1421/5 1376/1422/6
f 1381/1428/36 1382/1429/37 1386/1435/37 1385/1434/36
f 1383/1431/38 1384/1432/4 1380/1426/4 1379/1425/38
f 1387/1437/1 1388/1438/2 1390/1440/2 1389/1439/1
f 1386/1436/37 1382/1430/37 1380/1427/4 1384/1433/4
f 1412/1462/39 1411/1461/11 1445/1495/27 1444/1494/40
f 1393/1443/19 1394/1444/12 1392/1442/12 1391/1441/19
f 1401/1451/41 1402/1452/42 1424/1474/43 1426/1476/66
f 1389/1439/1 1396/1446/45 1416/1466/39 1417/1467/45 1412/1462/39 1414/1464/45 1398/1448/39 1393/1443/19 1391/1441/19 1400/1450/46 1407/1457/41 1410/1460/46 1403/1453/41 1406/1456/46 1401/1451/41 1387/1437/1
f 1394/1444/12 1397/1447/11 1413/1463/14 1411/1461/11 1418/1468/14 1415/1465/11 1395/1445/14 1390/1440/2 1388/1438/2 1402/1452/42 1405/1455/47 1404/1454/42 1409/1459/47 1408/1458/42 1399/1449/47 1392/1442/12
f 1422/1472/8 1421/1471/9 1425/1475/5 1423/1473/6
f 1396/1446/45 1395/1445/14 1415/1465/11 1416/1466/39
f 1414/1464/45 1412/1462/39 1444/1494/40 1443/1493/31
f 1400/1450/46 1399/1449/47 1408/1458/42 1407/1457/41
f 1410/1460/46 1407/1457/41 1432/1482/44 1431/1481/48
f 1405/1455/47 1406/1456/46 1427/1477/49 1430/1480/24
f 1406/1456/46 1405/1455/47 1402/1452/42 1401/1451/41
f 1387/1437/1 1401/1451/41 1426/1476/66 1419/1469/62
f 1410/1460/46 1409/1459/47 1404/1454/42 1403/1453/41
f 1416/1466/39 1415/1465/11 1449/1499/63 1448/1498/22
f 1414/1464/45 1413/1463/14 1397/1447/11 1398/1448/39
f 1395/1445/14 1396/1446/45 1437/1487/51 1441/1491/26
f 1417/1467/45 1418/1468/14 1411/1461/11 1412/1462/39
f 1426/1476/66 1424/1474/43 1420/1470/24 1419/1469/62
f 1428/1478/44 1429/1479/43 1430/1480/24 1427/1477/49
f 1432/1482/44 1433/1483/43 1434/1484/67 1431/1481/48
f 1388/1438/2 1387/1437/1 1419/1469/62 1420/1470/24
f 1391/1441/19 1392/1442/12 1421/1471/9 1422/1472/8
f 1406/1456/46 1403/1453/41 1428/1478/44 1427/1477/49
f 1407/1457/41 1408/1458/42 1433/1483/43 1432/1482/44
f 1400/1450/46 1391/1441/19 1422/1472/8 1423/1473/6
f 1392/1442/12 1399/1449/47 1425/1475/5 1421/1471/9
f 1408/1458/42 1409/1459/47 1434/1484/67 1433/1483/43
f 1402/1452/42 1388/1438/2 1420/1470/24 1424/1474/43
f 1403/1453/41 1404/1454/42 1429/1479/43 1428/1478/44
f 1404/1454/42 1405/1455/47 1430/1480/24 1429/1479/43
f 1399/1449/47 1400/1450/46 1423/1473/6 1425/1475/5
f 1409/1459/47 1410/1460/46 1431/1481/48 1434/1484/67
f 1437/1487/51 1436/1486/24 1452/1502/7 1453/1503/7
f 1442/1492/54 1438/1488/55 1439/1489/65 1440/1490/21
f 1444/1494/40 1445/1495/27 1446/1496/16 1443/1493/31
f 1448/1498/22 1449/1499/63 1450/1500/65 1447/1497/21
f 1393/1443/19 1398/1448/39 1442/1492/54 1440/1490/21
f 1415/1465/11 1418/1468/14 1450/1500/65 1449/1499/63
f 1411/1461/11 1413/1463/14 1446/1496/16 1445/1495/27
f 1398/1448/39 1397/1447/11 1438/1488/55 1442/1492/54
f 1418/1468/14 1417/1467/45 1447/1497/21 1450/1500/65
f 1389/1439/1 1390/1440/2 1435/1485/47 1436/1486/24
f 1396/1446/45 1389/1439/1 1436/1486/24 1437/1487/51
f 1413/1463/14 1414/1464/45 1443/1493/31 1446/1496/16
f 1390/1440/2 1395/1445/14 1441/1491/26 1435/1485/47
f 1397/1447/11 1394/1444/12 1439/1489/65 1438/1488/55
f 1394/1444/12 1393/1443/19 1440/1490/21 1439/1489/65
f 1417/1467/45 1416/1466/39 1448/1498/22 1447/1497/21
f 1451/1501/4 1454/1504/4 1458/1508/37 1455/1505/37
f 1435/1485/47 1441/1491/26 1454/1504/4 1451/1501/4
f 1436/1486/24 1435/1485/47 1451/1501/4 1452/1502/7
f 1441/1491/26 1437/1487/51 1453/1503/7 1454/1504/4
f 1456/1506/57 1455/1505/37 1458/1508/37 1457/1507/57
f 1456/1506/57 1452/1502/7 1464/1514/6 1466/1516/30
f 1454/1504/4 1453/1503/7 1460/1510/58 1459/1509/33
f 1453/1503/7 1452/1502/7 1456/1506/57 1457/1507/57
f 1459/1509/33 1460/1510/58 1462/1512/59 1461/1511/60
f 1458/1508/37 1454/1504/4 1459/1509/33 1461/1511/60
f 1453/1503/7 1457/1507/57 1462/1512/59 1460/1510/58
f 1457/1507/57 1458/1508/37 1461/1511/60 1462/1512/59
f 1464/1514/6 1463/1513/5 1465/1515/15 1466/1516/30
f 1455/1505/37 1456/1506/57 1466/1516/30 1465/1515/15
f 1451/1501/4 1455/1505/37 1465/1515/15 1463/1513/5
f 1452/1502/7 1451/1501/4 1463/1513/5 1464/1514/6
f 1470/1521/38 1471/1522/4 1468/1518/4 1467/1517/38
f 1472/1524/29 1469/1520/29 1468/1519/4 1471/1523/4
f 1473/1525/29 1474/1526/29 1476/1528/68 1475/1527/68
f 1475/1527/68 1476/1528/68 1478/1530/69 1477/1529/69
f 1477/1529/69 1478/1530/69 1480/1532/70 1479/1531/70
f 1479/1531/70 1480/1532/70 1482/1534/71 1481/1533/71
f 1481/1533/71 1482/1534/71 1484/1536/72 1483/1535/72
f 1483/1535/72 1484/1536/72 1486/1538/73 1485/1537/73
f 1485/1537/73 1486/1538/73 1488/1540/74 1487/1539/74
f 1487/1539/74 1488/1540/74 1490/1542/75 1489/1541/75
f 1489/1541/75 1490/1542/75 1492/1544/76 1491/1543/76
f 1491/1543/76 1492/1544/76 1494/1546/18 1493/1545/18
f 1493/1545/18 1494/1546/18 1496/1548/77 1495/1547/77
f 1495/1547/77 1496/1548/77 1498/1550/78 1497/1549/78
f 1497/1549/78 1498/1550/78 1500/1552/79 1499/1551/79
f 1499/1551/79 1500/1552/79 1502/1554/80 1501/1553/80
f 1501/1553/80 1502/1554/80 1504/1556/81 1503/1555/81
f 1503/1555/81 1504/1556/81 1506/1558/82 1505/1557/82
f 1505/1557/82 1506/1558/82 1508/1560/83 1507/1559/83
f 1507/1559/83 1508/1560/83 1510/1562/84 1509/1561/84
f 1509/1561/84 1510/1562/84 1512/1564/85 1511/1563/85
f 1511/1563/85 1512/1564/85 1474/1526/29 1473/1525/29
usemtl apartment_block8_GLASS
f 43/43/29 44/44/29 46/46/29 45/45/29
f 47/47/29 48/48/29 50/50/29 49/49/29
f 51/51/29 52/52/29 54/54/29 53/53/29
f 55/55/29 56/56/29 58/58/29 57/57/29
f 74/74/29 73/73/29 71/71/29 72/72/29
f 66/66/29 65/65/29 63/63/29 64/64/29
f 70/70/29 69/69/29 67/67/29 68/68/29
f 62/62/29 61/61/29 59/59/29 60/60/29
f 128/128/29 127/127/29 125/125/29 126/126/29
f 120/120/29 119/119/29 117/117/29 118/118/29
f 124/124/29 123/123/29 121/121/29 122/122/29
f 116/116/29 115/115/29 113/113/29 114/114/29
f 182/182/29 181/181/29 179/179/29 180/180/29
f 174/174/29 173/173/29 171/171/29 172/172/29
f 178/178/29 177/177/29 175/175/29 176/176/29
f 170/170/29 169/169/29 167/167/29 168/168/29
f 255/255/29 256/256/29 258/258/29 257/257/29
f 259/259/29 260/260/29 262/262/29 261/261/29
f 297/297/29 298/298/29 300/300/29 299/299/29
f 301/301/29 302/302/29 304/304/29 303/303/29
f 339/339/29 340/340/29 342/342/29 341/341/29
f 343/343/29 344/344/29 346/346/29 345/345/29
f 381/381/29 382/382/29 384/384/29 383/383/29
f 385/385/29 386/386/29 388/388/29 387/387/29
f 423/423/29 424/424/29 426/426/29 425/425/29
f 427/427/29 428/428/29 430/430/29 429/429/29
f 465/465/29 466/466/29 468/468/29 467/467/29
f 469/469/29 470/470/29 472/472/29 471/471/29
f 507/507/29 508/508/29 510/510/29 509/509/29
f 511/511/29 512/512/29 514/514/29 513/513/29
f 549/549/29 550/550/29 552/552/29 551/551/29
f 553/553/29 554/554/29 556/556/29 555/555/29
f 604/606/29 603/605/29 601/603/29 602/604/29
f 562/564/29 561/563/29 559/561/29 560/562/29
f 608/610/29 607/609/29 605/607/29 606/608/29
f 646/648/29 645/647/29 643/645/29 644/646/29
f 650/652/29 649/651/29 647/649/29 648/650/29
f 688/690/29 687/689/29 685/687/29 686/688/29
f 692/694/29 691/693/29 689/691/29 690/692/29
f 734/736/29 733/735/29 731/733/29 732/734/29
f 730/732/29 729/731/29 727/729/29 728/730/29
f 772/774/29 771/773/29 769/771/29 770/772/29
f 776/778/29 775/777/29 773/775/29 774/776/29
f 814/816/29 813/815/29 811/813/29 812/814/29
f 818/820/29 817/819/29 815/817/29 816/818/29
f 856/858/29 855/857/29 853/855/29 854/856/29
f 860/862/29 859/861/29 857/859/29 858/860/29
f 945/947/29 946/948/29 948/950/29 947/949/29
f 937/939/29 938/940/29 940/942/29 939/941/29
f 941/943/29 942/944/29 944/946/29 943/945/29
f 999/1001/29 1000/1002/29 1002/1004/29 1001/1003/29
f 991/993/29 992/994/29 994/996/29 993/995/29
f 933/935/29 934/936/29 936/938/29 935/937/29
f 1053/1055/29 1054/1056/29 1056/1058/29 1055/1057/29
f 987/989/29 988/990/29 990/992/29 989/991/29
f 1045/1047/29 1046/1048/29 1048/1050/29 1047/1049/29
f 995/997/29 996/998/29 998/1000/29 997/999/29
f 1072/1074/29 1071/1073/29 1069/1071/29 1070/1072/29
f 1049/1051/29 1050/1052/29 1052/1054/29 1051/1053/29
f 1041/1043/29 1042/1044/29 1044/1046/29 1043/1045/29
f 1060/1062/29 1059/1061/29 1057/1059/29 1058/1060/29
f 1068/1070/29 1067/1069/29 1065/1067/29 1066/1068/29
f 1064/1066/29 1063/1065/29 1061/1063/29 1062/1064/29
f 566/568/29 565/567/29 563/565/29 564/566/29
