# Blender 3.3.1
# www.blender.org
mtllib building_dock_apartments.mtl
o building_dock_apartments
v -2.502620 1.542515 -0.005394
v -1.671784 1.542515 -0.005394
v -2.502829 2.256284 -0.004032
v -1.671789 2.256228 -0.003351
v -2.502620 1.580464 -0.005394
v -1.671784 1.580464 -0.005394
v -2.502620 1.626442 -0.005394
v -1.671784 1.626442 -0.005394
v -2.502620 2.075612 -0.005394
v -1.671784 2.075612 -0.005394
v -2.334650 1.626442 -0.005394
v -2.334650 2.075612 -0.005394
v -1.820639 1.626442 -0.005394
v -1.820639 2.075612 -0.005394
v -1.820639 1.971866 -0.005394
v -2.213220 2.075612 -0.005394
v -1.993941 2.075612 -0.005394
v -2.334650 1.968330 -0.005394
v -2.300362 2.032548 -0.005394
v -2.125489 2.047612 -0.005394
v -2.081181 2.016665 -0.005394
v -2.036382 2.052033 -0.005394
v -1.893339 2.051051 -0.005394
v -1.840419 2.011950 -0.005394
v -2.266468 1.626442 -0.004472
v -2.123033 1.626442 -0.004472
v -2.270398 1.930309 -0.004472
v -2.255662 1.972554 -0.004472
v -2.224224 2.002027 -0.004472
v -2.182961 2.003010 -0.004472
v -2.146611 1.988273 -0.004472
v -2.126962 1.956835 -0.004472
v -2.121068 1.914590 -0.004472
v -2.032649 1.626442 -0.004472
v -1.889213 1.626442 -0.004472
v -2.033631 1.904766 -0.004472
v -2.030684 1.952905 -0.004472
v -2.012017 1.986308 -0.004472
v -1.972720 2.004974 -0.004472
v -1.941282 2.003992 -0.004472
v -1.914756 1.986308 -0.004472
v -1.887248 1.949958 -0.004472
v -2.255299 1.628637 -0.022578
v -2.133041 1.628637 -0.022578
v -2.258649 1.904305 -0.022578
v -2.246088 1.942629 -0.022578
v -2.219292 1.969367 -0.022578
v -2.184122 1.970258 -0.022578
v -2.153139 1.956890 -0.022578
v -2.136391 1.928369 -0.022578
v -2.131366 1.890045 -0.022578
v -2.023140 1.628860 -0.022578
v -1.900882 1.628860 -0.022578
v -2.023977 1.881355 -0.022578
v -2.021465 1.925027 -0.022578
v -2.005555 1.955330 -0.022578
v -1.972059 1.972264 -0.022578
v -1.945263 1.971373 -0.022578
v -1.922654 1.955330 -0.022578
v -1.899207 1.922353 -0.022578
v -1.820639 1.626442 0.005946
v -1.820639 1.971866 0.005946
v -2.334650 1.626442 0.005946
v -2.334650 1.968330 0.005946
v -2.300362 2.032548 0.005946
v -2.213220 2.075612 0.005946
v -2.125489 2.047612 0.005946
v -2.081181 2.016665 0.005946
v -2.036382 2.052033 0.005946
v -1.993941 2.075612 0.005946
v -1.893339 2.051051 0.005946
v -1.840419 2.011950 0.005946
v -1.879716 1.626442 0.005946
v -2.275965 1.626442 0.005946
v -2.279915 1.931858 0.005946
v -2.263859 1.977886 0.005946
v -2.228074 2.011435 0.005946
v -2.181219 2.012550 0.005946
v -2.140190 1.995917 0.005946
v -2.117837 1.960152 0.005946
v -2.111567 1.915217 0.005946
v -2.113536 1.626442 0.005946
v -2.042145 1.626442 0.005946
v -2.043128 1.905040 0.005946
v -2.040030 1.955647 0.005946
v -2.018829 1.993586 0.005946
v -1.974720 2.014538 0.005946
v -1.938273 2.013399 0.005946
v -1.908153 1.993319 0.005946
v -1.877732 1.953121 0.005946
v -2.502620 1.626234 0.008854
v -2.502620 1.580256 0.008854
v -1.671784 1.580256 0.008854
v -1.671784 1.626234 0.008854
v -1.820639 1.626234 0.008854
v -2.334650 1.626234 0.008854
v -1.889213 1.626234 0.009776
v -2.266468 1.626234 0.009776
v -2.123033 1.626234 0.009776
v -2.032649 1.626234 0.009776
v -2.502620 0.828636 -0.005394
v -1.671784 0.828636 -0.005394
v -2.502620 1.542515 -0.005394
v -1.671784 1.542515 -0.005394
v -2.502620 0.866585 -0.005394
v -1.671784 0.866585 -0.005394
v -2.502620 0.912563 -0.005394
v -1.671784 0.912563 -0.005394
v -2.502620 1.361733 -0.005394
v -1.671784 1.361733 -0.005394
v -2.334650 0.912563 -0.005394
v -2.334650 1.361733 -0.005394
v -1.820639 0.912563 -0.005394
v -1.820639 1.361733 -0.005394
v -1.820639 1.257988 -0.005394
v -2.213220 1.361733 -0.005394
v -1.993941 1.361733 -0.005394
v -2.334650 1.254451 -0.005394
v -2.300362 1.318669 -0.005394
v -2.125489 1.333733 -0.005394
v -2.081181 1.302787 -0.005394
v -2.036382 1.338154 -0.005394
v -1.893339 1.337172 -0.005394
v -1.840419 1.298071 -0.005394
v -2.266468 0.912563 -0.004472
v -2.123033 0.912563 -0.004472
v -2.270398 1.216431 -0.004472
v -2.255662 1.258675 -0.004472
v -2.224224 1.288148 -0.004472
v -2.182961 1.289131 -0.004472
v -2.146611 1.274394 -0.004472
v -2.126962 1.242956 -0.004472
v -2.121068 1.200711 -0.004472
v -2.032649 0.912563 -0.004472
v -1.889213 0.912563 -0.004472
v -2.033631 1.190887 -0.004472
v -2.030684 1.239027 -0.004472
v -2.012017 1.272429 -0.004472
v -1.972720 1.291096 -0.004472
v -1.941282 1.290113 -0.004472
v -1.914756 1.272429 -0.004472
v -1.887248 1.236079 -0.004472
v -2.255299 0.914759 -0.022578
v -2.133041 0.914759 -0.022578
v -2.258649 1.190426 -0.022578
v -2.246088 1.228751 -0.022578
v -2.219292 1.255488 -0.022578
v -2.184122 1.256380 -0.022578
v -2.153139 1.243011 -0.022578
v -2.136391 1.214490 -0.022578
v -2.131366 1.176166 -0.022578
v -2.023140 0.914981 -0.022578
v -1.900882 0.914982 -0.022578
v -2.023977 1.167476 -0.022578
v -2.021465 1.211148 -0.022578
v -2.005555 1.241451 -0.022578
v -1.972059 1.258385 -0.022578
v -1.945263 1.257494 -0.022578
v -1.922654 1.241451 -0.022578
v -1.899207 1.208474 -0.022578
v -1.820639 0.912563 0.005946
v -1.820639 1.257988 0.005946
v -2.334650 0.912563 0.005946
v -2.334650 1.254451 0.005946
v -2.300362 1.318669 0.005946
v -2.213220 1.361733 0.005946
v -2.125489 1.333733 0.005946
v -2.081181 1.302787 0.005946
v -2.036382 1.338154 0.005946
v -1.993941 1.361733 0.005946
v -1.893339 1.337172 0.005946
v -1.840419 1.298071 0.005946
v -1.879716 0.912563 0.005946
v -2.275965 0.912563 0.005946
v -2.279915 1.217980 0.005946
v -2.263859 1.264007 0.005946
v -2.228074 1.297556 0.005946
v -2.181219 1.298671 0.005946
v -2.140190 1.282038 0.005946
v -2.117837 1.246273 0.005946
v -2.111567 1.201339 0.005946
v -2.113536 0.912563 0.005946
v -2.042145 0.912563 0.005946
v -2.043128 1.191161 0.005946
v -2.040030 1.241769 0.005946
v -2.018829 1.279707 0.005946
v -1.974720 1.300659 0.005946
v -1.938273 1.299520 0.005946
v -1.908153 1.279440 0.005946
v -1.877732 1.239242 0.005946
v -2.502620 0.912355 0.008854
v -2.502620 0.866378 0.008854
v -1.671784 0.866378 0.008854
v -1.671784 0.912356 0.008854
v -1.820639 0.912356 0.008854
v -2.334650 0.912356 0.008854
v -1.889213 0.912356 0.009776
v -2.266468 0.912356 0.009776
v -2.123033 0.912356 0.009776
v -2.032649 0.912356 0.009776
v -2.502620 0.005038 -0.005394
v -1.671784 0.005038 -0.005394
v -2.502620 0.828636 -0.005394
v -1.671784 0.828636 -0.005394
v -2.502620 0.152707 -0.005394
v -1.671784 0.152707 -0.005394
v -2.502620 0.198684 -0.005394
v -1.671784 0.198685 -0.005394
v -2.502620 0.647854 -0.005394
v -1.671784 0.647854 -0.005394
v -2.334650 0.198684 -0.005394
v -2.334650 0.647854 -0.005394
v -1.820639 0.198684 -0.005394
v -1.820639 0.647854 -0.005394
v -1.820639 0.544109 -0.005394
v -2.213220 0.647854 -0.005394
v -1.993941 0.647854 -0.005394
v -2.334650 0.540572 -0.005394
v -2.300362 0.604791 -0.005394
v -2.125489 0.619855 -0.005394
v -2.081181 0.588908 -0.005394
v -2.036382 0.624276 -0.005394
v -1.893339 0.623293 -0.005394
v -1.840419 0.584192 -0.005394
v -2.266468 0.198684 -0.004472
v -2.123033 0.198684 -0.004472
v -2.270398 0.502552 -0.004472
v -2.255662 0.544797 -0.004472
v -2.224224 0.574270 -0.004472
v -2.182961 0.575252 -0.004472
v -2.146611 0.560516 -0.004472
v -2.126962 0.529078 -0.004472
v -2.121068 0.486833 -0.004472
v -2.032649 0.198684 -0.004472
v -1.889213 0.198684 -0.004472
v -2.033631 0.477009 -0.004472
v -2.030684 0.525148 -0.004472
v -2.012017 0.558551 -0.004472
v -1.972720 0.577217 -0.004472
v -1.941282 0.576235 -0.004472
v -1.914756 0.558551 -0.004472
v -1.887248 0.522201 -0.004472
v -2.255299 0.200880 -0.022578
v -2.133041 0.200880 -0.022578
v -2.258649 0.476548 -0.022578
v -2.246088 0.514872 -0.022578
v -2.219292 0.541610 -0.022578
v -2.184122 0.542501 -0.022578
v -2.153139 0.529132 -0.022578
v -2.136391 0.500612 -0.022578
v -2.131366 0.462287 -0.022578
v -2.023140 0.201103 -0.022578
v -1.900882 0.201103 -0.022578
v -2.023977 0.453598 -0.022578
v -2.021465 0.497270 -0.022578
v -2.005555 0.527573 -0.022578
v -1.972059 0.544506 -0.022578
v -1.945263 0.543615 -0.022578
v -1.922654 0.527572 -0.022578
v -1.899207 0.494596 -0.022578
v -1.820639 0.198684 0.005946
v -1.820639 0.544109 0.005946
v -2.334650 0.198684 0.005946
v -2.334650 0.540572 0.005946
v -2.300362 0.604791 0.005946
v -2.213220 0.647854 0.005946
v -2.125489 0.619855 0.005946
v -2.081181 0.588908 0.005946
v -2.036382 0.624276 0.005946
v -1.993941 0.647854 0.005946
v -1.893339 0.623293 0.005946
v -1.840419 0.584192 0.005946
v -1.879716 0.198684 0.005946
v -2.275965 0.198684 0.005946
v -2.279915 0.504101 0.005946
v -2.263859 0.550128 0.005946
v -2.228074 0.583677 0.005946
v -2.181219 0.584793 0.005946
v -2.140190 0.568160 0.005946
v -2.117837 0.532395 0.005946
v -2.111567 0.487460 0.005946
v -2.113536 0.198684 0.005946
v -2.042145 0.198684 0.005946
v -2.043128 0.477282 0.005946
v -2.040030 0.527890 0.005946
v -2.018829 0.565828 0.005946
v -1.974720 0.586780 0.005946
v -1.938273 0.585642 0.005946
v -1.908153 0.565562 0.005946
v -1.877732 0.525363 0.005946
v -2.502620 0.198477 0.008854
v -2.502620 0.152499 0.008854
v -1.671784 0.152499 0.008854
v -1.671784 0.198477 0.008854
v -1.820639 0.198477 0.008854
v -2.334650 0.198477 0.008854
v -1.889213 0.198477 0.009776
v -2.266468 0.198477 0.009776
v -2.123033 0.198477 0.009776
v -2.032649 0.198477 0.009776
v -0.840947 1.542515 -0.005394
v -0.840635 2.256228 -0.003351
v -0.840947 1.580464 -0.005394
v -0.840947 1.626442 -0.005394
v -0.840947 2.075612 -0.005394
v -1.503813 1.626442 -0.005394
v -1.503813 2.075612 -0.005394
v -0.989802 1.626442 -0.005394
v -0.989802 2.075612 -0.005394
v -0.989802 1.971866 -0.005394
v -1.382384 2.075612 -0.005394
v -1.163104 2.075612 -0.005394
v -1.503813 1.968330 -0.005394
v -1.469526 2.032548 -0.005394
v -1.294652 2.047612 -0.005394
v -1.250344 2.016665 -0.005394
v -1.205545 2.052033 -0.005394
v -1.062502 2.051051 -0.005394
v -1.009582 2.011950 -0.005394
v -1.435632 1.626442 -0.004472
v -1.292196 1.626442 -0.004472
v -1.439561 1.930309 -0.004472
v -1.424825 1.972554 -0.004472
v -1.393387 2.002027 -0.004472
v -1.352125 2.003010 -0.004472
v -1.315774 1.988273 -0.004472
v -1.296126 1.956835 -0.004472
v -1.290231 1.914590 -0.004472
v -1.201812 1.626442 -0.004472
v -1.058376 1.626442 -0.004472
v -1.202794 1.904766 -0.004472
v -1.199847 1.952905 -0.004472
v -1.181181 1.986308 -0.004472
v -1.141883 2.004974 -0.004472
v -1.110445 2.003992 -0.004472
v -1.083920 1.986308 -0.004472
v -1.056411 1.949958 -0.004472
v -1.424463 1.628637 -0.022578
v -1.302204 1.628637 -0.022578
v -1.427812 1.904305 -0.022578
v -1.415251 1.942629 -0.022578
v -1.388455 1.969367 -0.022578
v -1.353285 1.970258 -0.022578
v -1.322302 1.956890 -0.022578
v -1.305554 1.928369 -0.022578
v -1.300530 1.890045 -0.022578
v -1.192303 1.628860 -0.022578
v -1.070045 1.628860 -0.022578
v -1.193140 1.881355 -0.022578
v -1.190628 1.925027 -0.022578
v -1.174718 1.955330 -0.022578
v -1.141222 1.972264 -0.022578
v -1.114426 1.971373 -0.022578
v -1.091817 1.955330 -0.022578
v -1.068370 1.922353 -0.022578
v -0.989802 1.626442 0.005946
v -0.989802 1.971866 0.005946
v -1.503813 1.626442 0.005946
v -1.503813 1.968330 0.005946
v -1.469526 2.032548 0.005946
v -1.382384 2.075612 0.005946
v -1.294652 2.047612 0.005946
v -1.250344 2.016665 0.005946
v -1.205545 2.052033 0.005946
v -1.163104 2.075612 0.005946
v -1.062502 2.051051 0.005946
v -1.009582 2.011950 0.005946
v -1.048880 1.626442 0.005946
v -1.445129 1.626442 0.005946
v -1.449079 1.931858 0.005946
v -1.433022 1.977886 0.005946
v -1.397237 2.011435 0.005946
v -1.350382 2.012550 0.005946
v -1.309353 1.995917 0.005946
v -1.287000 1.960152 0.005946
v -1.280730 1.915217 0.005946
v -1.282699 1.626442 0.005946
v -1.211308 1.626442 0.005946
v -1.212292 1.905040 0.005946
v -1.209193 1.955647 0.005946
v -1.187992 1.993586 0.005946
v -1.143883 2.014538 0.005946
v -1.107436 2.013399 0.005946
v -1.077316 1.993319 0.005946
v -1.046896 1.953121 0.005946
v -0.840947 1.580256 0.008854
v -0.840947 1.626234 0.008854
v -0.989802 1.626234 0.008854
v -1.503813 1.626234 0.008854
v -1.058376 1.626234 0.009776
v -1.435632 1.626234 0.009776
v -1.292196 1.626234 0.009776
v -1.201812 1.626234 0.009776
v -0.840947 0.828636 -0.005394
v -0.840947 1.542515 -0.005394
v -0.840947 0.866585 -0.005394
v -0.840947 0.912563 -0.005394
v -0.840947 1.361733 -0.005394
v -1.503813 0.912563 -0.005394
v -1.503813 1.361733 -0.005394
v -0.989802 0.912563 -0.005394
v -0.989802 1.361733 -0.005394
v -0.989802 1.257988 -0.005394
v -1.382384 1.361733 -0.005394
v -1.163104 1.361733 -0.005394
v -1.503813 1.254451 -0.005394
v -1.469526 1.318669 -0.005394
v -1.294652 1.333733 -0.005394
v -1.250344 1.302787 -0.005394
v -1.205545 1.338154 -0.005394
v -1.062502 1.337172 -0.005394
v -1.009582 1.298071 -0.005394
v -1.435632 0.912563 -0.004472
v -1.292196 0.912563 -0.004472
v -1.439561 1.216431 -0.004472
v -1.424825 1.258675 -0.004472
v -1.393387 1.288148 -0.004472
v -1.352125 1.289131 -0.004472
v -1.315774 1.274394 -0.004472
v -1.296126 1.242956 -0.004472
v -1.290231 1.200711 -0.004472
v -1.201812 0.912563 -0.004472
v -1.058376 0.912563 -0.004472
v -1.202794 1.190887 -0.004472
v -1.199847 1.239027 -0.004472
v -1.181181 1.272429 -0.004472
v -1.141883 1.291096 -0.004472
v -1.110445 1.290113 -0.004472
v -1.083920 1.272429 -0.004472
v -1.056411 1.236079 -0.004472
v -1.424463 0.914759 -0.022578
v -1.302204 0.914759 -0.022578
v -1.427812 1.190426 -0.022578
v -1.415251 1.228751 -0.022578
v -1.388455 1.255488 -0.022578
v -1.353285 1.256380 -0.022578
v -1.322302 1.243011 -0.022578
v -1.305554 1.214490 -0.022578
v -1.300530 1.176166 -0.022578
v -1.192303 0.914981 -0.022578
v -1.070045 0.914982 -0.022578
v -1.193140 1.167476 -0.022578
v -1.190628 1.211148 -0.022578
v -1.174718 1.241451 -0.022578
v -1.141222 1.258385 -0.022578
v -1.114426 1.257494 -0.022578
v -1.091817 1.241451 -0.022578
v -1.068370 1.208474 -0.022578
v -0.989802 0.912563 0.005946
v -0.989802 1.257988 0.005946
v -1.503813 0.912563 0.005946
v -1.503813 1.254451 0.005946
v -1.469526 1.318669 0.005946
v -1.382384 1.361733 0.005946
v -1.294652 1.333733 0.005946
v -1.250344 1.302787 0.005946
v -1.205545 1.338154 0.005946
v -1.163104 1.361733 0.005946
v -1.062502 1.337172 0.005946
v -1.009582 1.298071 0.005946
v -1.048880 0.912563 0.005946
v -1.445129 0.912563 0.005946
v -1.449079 1.217980 0.005946
v -1.433022 1.264007 0.005946
v -1.397237 1.297556 0.005946
v -1.350382 1.298671 0.005946
v -1.309353 1.282038 0.005946
v -1.287000 1.246273 0.005946
v -1.280730 1.201339 0.005946
v -1.282699 0.912563 0.005946
v -1.211308 0.912563 0.005946
v -1.212292 1.191161 0.005946
v -1.209193 1.241769 0.005946
v -1.187992 1.279707 0.005946
v -1.143883 1.300659 0.005946
v -1.107436 1.299520 0.005946
v -1.077316 1.279440 0.005946
v -1.046896 1.239242 0.005946
v -0.840947 0.866378 0.008854
v -0.840947 0.912356 0.008854
v -0.989802 0.912356 0.008854
v -1.503813 0.912356 0.008854
v -1.058376 0.912356 0.009776
v -1.435632 0.912356 0.009776
v -1.292196 0.912356 0.009776
v -1.201812 0.912356 0.009776
v -0.840947 0.005038 -0.005394
v -0.840947 0.828636 -0.005394
v -0.840947 0.152707 -0.005394
v -0.840947 0.198685 -0.005394
v -0.840947 0.647854 -0.005394
v -1.503813 0.198684 -0.005394
v -1.503813 0.647854 -0.005394
v -0.989802 0.198684 -0.005394
v -0.989802 0.647854 -0.005394
v -0.989802 0.544109 -0.005394
v -1.382384 0.647854 -0.005394
v -1.163104 0.647854 -0.005394
v -1.503813 0.540572 -0.005394
v -1.469526 0.604791 -0.005394
v -1.294652 0.619855 -0.005394
v -1.250344 0.588908 -0.005394
v -1.205545 0.624276 -0.005394
v -1.062502 0.623293 -0.005394
v -1.009582 0.584192 -0.005394
v -1.435632 0.198684 -0.004472
v -1.292196 0.198684 -0.004472
v -1.439561 0.502552 -0.004472
v -1.424825 0.544797 -0.004472
v -1.393387 0.574270 -0.004472
v -1.352125 0.575252 -0.004472
v -1.315774 0.560516 -0.004472
v -1.296126 0.529078 -0.004472
v -1.290231 0.486833 -0.004472
v -1.201812 0.198684 -0.004472
v -1.058376 0.198684 -0.004472
v -1.202794 0.477009 -0.004472
v -1.199847 0.525148 -0.004472
v -1.181181 0.558551 -0.004472
v -1.141883 0.577217 -0.004472
v -1.110445 0.576235 -0.004472
v -1.083920 0.558551 -0.004472
v -1.056411 0.522201 -0.004472
v -1.424463 0.200880 -0.022578
v -1.302204 0.200880 -0.022578
v -1.427812 0.476548 -0.022578
v -1.415251 0.514872 -0.022578
v -1.388455 0.541610 -0.022578
v -1.353285 0.542501 -0.022578
v -1.322302 0.529132 -0.022578
v -1.305554 0.500612 -0.022578
v -1.300530 0.462287 -0.022578
v -1.192303 0.201103 -0.022578
v -1.070045 0.201103 -0.022578
v -1.193140 0.453598 -0.022578
v -1.190628 0.497270 -0.022578
v -1.174718 0.527573 -0.022578
v -1.141222 0.544506 -0.022578
v -1.114426 0.543615 -0.022578
v -1.091817 0.527572 -0.022578
v -1.068370 0.494596 -0.022578
v -0.989802 0.198684 0.005946
v -0.989802 0.544109 0.005946
v -1.503813 0.198684 0.005946
v -1.503813 0.540572 0.005946
v -1.469526 0.604791 0.005946
v -1.382384 0.647854 0.005946
v -1.294652 0.619855 0.005946
v -1.250344 0.588908 0.005946
v -1.205545 0.624276 0.005946
v -1.163104 0.647854 0.005946
v -1.062502 0.623293 0.005946
v -1.009582 0.584192 0.005946
v -1.048880 0.198684 0.005946
v -1.445129 0.198684 0.005946
v -1.449079 0.504101 0.005946
v -1.433022 0.550128 0.005946
v -1.397237 0.583677 0.005946
v -1.350382 0.584793 0.005946
v -1.309353 0.568160 0.005946
v -1.287000 0.532395 0.005946
v -1.280730 0.487460 0.005946
v -1.282699 0.198684 0.005946
v -1.211308 0.198684 0.005946
v -1.212292 0.477282 0.005946
v -1.209193 0.527890 0.005946
v -1.187992 0.565828 0.005946
v -1.143883 0.586780 0.005946
v -1.107436 0.585642 0.005946
v -1.077316 0.565562 0.005946
v -1.046896 0.525363 0.005946
v -0.840947 0.152499 0.008854
v -0.840947 0.198477 0.008854
v -0.989802 0.198477 0.008854
v -1.503813 0.198477 0.008854
v -1.058376 0.198477 0.009776
v -1.435632 0.198477 0.009776
v -1.292196 0.198477 0.009776
v -1.201812 0.198477 0.009776
v -0.010110 1.542515 -0.005394
v -0.009480 2.256228 -0.003351
v -0.010110 1.580464 -0.005394
v -0.010110 1.626442 -0.005394
v -0.010110 2.075612 -0.005394
v -0.672976 1.626442 -0.005394
v -0.672976 2.075612 -0.005394
v -0.158965 1.626442 -0.005394
v -0.158965 2.075612 -0.005394
v -0.158965 1.971866 -0.005394
v -0.551547 2.075612 -0.005394
v -0.332267 2.075612 -0.005394
v -0.672976 1.968330 -0.005394
v -0.638689 2.032548 -0.005394
v -0.463815 2.047612 -0.005394
v -0.419507 2.016665 -0.005394
v -0.374708 2.052033 -0.005394
v -0.231666 2.051051 -0.005394
v -0.178745 2.011950 -0.005394
v -0.604795 1.626442 -0.004472
v -0.461359 1.626442 -0.004472
v -0.608725 1.930309 -0.004472
v -0.593988 1.972554 -0.004472
v -0.562550 2.002027 -0.004472
v -0.521288 2.003010 -0.004472
v -0.484938 1.988273 -0.004472
v -0.465289 1.956835 -0.004472
v -0.459394 1.914590 -0.004472
v -0.370975 1.626442 -0.004472
v -0.227539 1.626442 -0.004472
v -0.371958 1.904766 -0.004472
v -0.369010 1.952905 -0.004472
v -0.350344 1.986308 -0.004472
v -0.311046 2.004974 -0.004472
v -0.279608 2.003992 -0.004472
v -0.253083 1.986308 -0.004472
v -0.225575 1.949958 -0.004472
v -0.593626 1.628637 -0.022578
v -0.471368 1.628637 -0.022578
v -0.596975 1.904305 -0.022578
v -0.584415 1.942629 -0.022578
v -0.557618 1.969367 -0.022578
v -0.522448 1.970258 -0.022578
v -0.491465 1.956890 -0.022578
v -0.474717 1.928369 -0.022578
v -0.469693 1.890045 -0.022578
v -0.361466 1.628860 -0.022578
v -0.239208 1.628860 -0.022578
v -0.362304 1.881355 -0.022578
v -0.359791 1.925027 -0.022578
v -0.343881 1.955330 -0.022578
v -0.310386 1.972264 -0.022578
v -0.283589 1.971373 -0.022578
v -0.260980 1.955330 -0.022578
v -0.237533 1.922353 -0.022578
v -0.158965 1.626442 0.005946
v -0.158965 1.971866 0.005946
v -0.672976 1.626442 0.005946
v -0.672976 1.968330 0.005946
v -0.638689 2.032548 0.005946
v -0.551547 2.075612 0.005946
v -0.463815 2.047612 0.005946
v -0.419507 2.016665 0.005946
v -0.374708 2.052033 0.005946
v -0.332267 2.075612 0.005946
v -0.231666 2.051051 0.005946
v -0.178745 2.011950 0.005946
v -0.218043 1.626442 0.005946
v -0.614292 1.626442 0.005946
v -0.618242 1.931858 0.005946
v -0.602186 1.977886 0.005946
v -0.566400 2.011435 0.005946
v -0.519545 2.012550 0.005946
v -0.478517 1.995917 0.005946
v -0.456163 1.960152 0.005946
v -0.449893 1.915217 0.005946
v -0.451863 1.626442 0.005946
v -0.380472 1.626442 0.005946
v -0.381455 1.905040 0.005946
v -0.378356 1.955647 0.005946
v -0.357156 1.993586 0.005946
v -0.313046 2.014538 0.005946
v -0.276599 2.013399 0.005946
v -0.246479 1.993319 0.005946
v -0.216059 1.953121 0.005946
v -0.010110 1.580256 0.008854
v -0.010110 1.626234 0.008854
v -0.158965 1.626234 0.008854
v -0.672976 1.626234 0.008854
v -0.227539 1.626234 0.009776
v -0.604795 1.626234 0.009776
v -0.461359 1.626234 0.009776
v -0.370975 1.626234 0.009776
v -0.010110 0.828636 -0.005394
v -0.010110 1.542515 -0.005394
v -0.010110 0.866585 -0.005394
v -0.010110 0.912563 -0.005394
v -0.010110 1.361733 -0.005394
v -0.672976 0.912563 -0.005394
v -0.672976 1.361733 -0.005394
v -0.158965 0.912563 -0.005394
v -0.158965 1.361733 -0.005394
v -0.158965 1.257988 -0.005394
v -0.551547 1.361733 -0.005394
v -0.332267 1.361733 -0.005394
v -0.672976 1.254451 -0.005394
v -0.638689 1.318669 -0.005394
v -0.463815 1.333733 -0.005394
v -0.419507 1.302787 -0.005394
v -0.374708 1.338154 -0.005394
v -0.231666 1.337172 -0.005394
v -0.178745 1.298071 -0.005394
v -0.604795 0.912563 -0.004472
v -0.461359 0.912563 -0.004472
v -0.608725 1.216431 -0.004472
v -0.593988 1.258675 -0.004472
v -0.562550 1.288148 -0.004472
v -0.521288 1.289131 -0.004472
v -0.484938 1.274394 -0.004472
v -0.465289 1.242956 -0.004472
v -0.459394 1.200711 -0.004472
v -0.370975 0.912563 -0.004472
v -0.227539 0.912563 -0.004472
v -0.371958 1.190887 -0.004472
v -0.369010 1.239027 -0.004472
v -0.350344 1.272429 -0.004472
v -0.311046 1.291096 -0.004472
v -0.279608 1.290113 -0.004472
v -0.253083 1.272429 -0.004472
v -0.225575 1.236079 -0.004472
v -0.593626 0.914759 -0.022578
v -0.471368 0.914759 -0.022578
v -0.596975 1.190426 -0.022578
v -0.584415 1.228751 -0.022578
v -0.557618 1.255488 -0.022578
v -0.522448 1.256380 -0.022578
v -0.491465 1.243011 -0.022578
v -0.474717 1.214490 -0.022578
v -0.469693 1.176166 -0.022578
v -0.361466 0.914981 -0.022578
v -0.239208 0.914982 -0.022578
v -0.362304 1.167476 -0.022578
v -0.359791 1.211148 -0.022578
v -0.343881 1.241451 -0.022578
v -0.310386 1.258385 -0.022578
v -0.283589 1.257494 -0.022578
v -0.260980 1.241451 -0.022578
v -0.237533 1.208474 -0.022578
v -0.158965 0.912563 0.005946
v -0.158965 1.257988 0.005946
v -0.672976 0.912563 0.005946
v -0.672976 1.254451 0.005946
v -0.638689 1.318669 0.005946
v -0.551547 1.361733 0.005946
v -0.463815 1.333733 0.005946
v -0.419507 1.302787 0.005946
v -0.374708 1.338154 0.005946
v -0.332267 1.361733 0.005946
v -0.231666 1.337172 0.005946
v -0.178745 1.298071 0.005946
v -0.218043 0.912563 0.005946
v -0.614292 0.912563 0.005946
v -0.618242 1.217980 0.005946
v -0.602186 1.264007 0.005946
v -0.566400 1.297556 0.005946
v -0.519545 1.298671 0.005946
v -0.478517 1.282038 0.005946
v -0.456163 1.246273 0.005946
v -0.449893 1.201339 0.005946
v -0.451863 0.912563 0.005946
v -0.380472 0.912563 0.005946
v -0.381455 1.191161 0.005946
v -0.378356 1.241769 0.005946
v -0.357156 1.279707 0.005946
v -0.313046 1.300659 0.005946
v -0.276599 1.299520 0.005946
v -0.246479 1.279440 0.005946
v -0.216059 1.239242 0.005946
v -0.010110 0.866378 0.008854
v -0.010110 0.912356 0.008854
v -0.158965 0.912356 0.008854
v -0.672976 0.912356 0.008854
v -0.227539 0.912356 0.009776
v -0.604795 0.912356 0.009776
v -0.461359 0.912356 0.009776
v -0.370975 0.912356 0.009776
v -0.010110 0.005038 -0.005394
v -0.010110 0.828636 -0.005394
v -0.010110 0.152707 -0.005394
v -0.010110 0.198685 -0.005394
v -0.010110 0.647854 -0.005394
v -0.672976 0.198684 -0.005394
v -0.672976 0.647854 -0.005394
v -0.158965 0.198684 -0.005394
v -0.158965 0.647854 -0.005394
v -0.158965 0.544109 -0.005394
v -0.551547 0.647854 -0.005394
v -0.332267 0.647854 -0.005394
v -0.672976 0.540572 -0.005394
v -0.638689 0.604791 -0.005394
v -0.463815 0.619855 -0.005394
v -0.419507 0.588908 -0.005394
v -0.374708 0.624276 -0.005394
v -0.231666 0.623293 -0.005394
v -0.178745 0.584192 -0.005394
v -0.604795 0.198684 -0.004472
v -0.461359 0.198684 -0.004472
v -0.608725 0.502552 -0.004472
v -0.593988 0.544797 -0.004472
v -0.562550 0.574270 -0.004472
v -0.521288 0.575252 -0.004472
v -0.484938 0.560516 -0.004472
v -0.465289 0.529078 -0.004472
v -0.459394 0.486833 -0.004472
v -0.370975 0.198684 -0.004472
v -0.227539 0.198684 -0.004472
v -0.371958 0.477009 -0.004472
v -0.369010 0.525148 -0.004472
v -0.350344 0.558551 -0.004472
v -0.311046 0.577217 -0.004472
v -0.279608 0.576235 -0.004472
v -0.253083 0.558551 -0.004472
v -0.225575 0.522201 -0.004472
v -0.593626 0.200880 -0.022578
v -0.471368 0.200880 -0.022578
v -0.596975 0.476548 -0.022578
v -0.584415 0.514872 -0.022578
v -0.557618 0.541610 -0.022578
v -0.522448 0.542501 -0.022578
v -0.491465 0.529132 -0.022578
v -0.474717 0.500612 -0.022578
v -0.469693 0.462287 -0.022578
v -0.361466 0.201103 -0.022578
v -0.239208 0.201103 -0.022578
v -0.362304 0.453598 -0.022578
v -0.359791 0.497270 -0.022578
v -0.343881 0.527573 -0.022578
v -0.310386 0.544506 -0.022578
v -0.283589 0.543615 -0.022578
v -0.260980 0.527572 -0.022578
v -0.237533 0.494596 -0.022578
v -0.158965 0.198684 0.005946
v -0.158965 0.544109 0.005946
v -0.672976 0.198684 0.005946
v -0.672976 0.540572 0.005946
v -0.638689 0.604791 0.005946
v -0.551547 0.647854 0.005946
v -0.463815 0.619855 0.005946
v -0.419507 0.588908 0.005946
v -0.374708 0.624276 0.005946
v -0.332267 0.647854 0.005946
v -0.231666 0.623293 0.005946
v -0.178745 0.584192 0.005946
v -0.218043 0.198684 0.005946
v -0.614292 0.198684 0.005946
v -0.618242 0.504101 0.005946
v -0.602186 0.550128 0.005946
v -0.566400 0.583677 0.005946
v -0.519545 0.584793 0.005946
v -0.478517 0.568160 0.005946
v -0.456163 0.532395 0.005946
v -0.449893 0.487460 0.005946
v -0.451863 0.198684 0.005946
v -0.380472 0.198684 0.005946
v -0.381455 0.477282 0.005946
v -0.378356 0.527890 0.005946
v -0.357156 0.565828 0.005946
v -0.313046 0.586780 0.005946
v -0.276599 0.585642 0.005946
v -0.246479 0.565562 0.005946
v -0.216059 0.525363 0.005946
v -0.010110 0.152499 0.008854
v -0.010110 0.198477 0.008854
v -0.158965 0.198477 0.008854
v -0.672976 0.198477 0.008854
v -0.227539 0.198477 0.009776
v -0.604795 0.198477 0.009776
v -0.461359 0.198477 0.009776
v -0.370975 0.198477 0.009776
v 0.820727 1.542515 -0.005394
v 0.821675 2.256228 -0.003351
v 0.820727 1.580464 -0.005394
v 0.820727 1.626442 -0.005394
v 0.820727 2.075612 -0.005394
v 0.157861 1.626442 -0.005394
v 0.157861 2.075612 -0.005394
v 0.671871 1.626442 -0.005394
v 0.671872 2.075612 -0.005394
v 0.671872 1.971866 -0.005394
v 0.279290 2.075612 -0.005394
v 0.498570 2.075612 -0.005394
v 0.157861 1.968330 -0.005394
v 0.192148 2.032548 -0.005394
v 0.367021 2.047612 -0.005394
v 0.411329 2.016665 -0.005394
v 0.456128 2.052033 -0.005394
v 0.599171 2.051051 -0.005394
v 0.652092 2.011950 -0.005394
v 0.226042 1.626442 -0.004472
v 0.369478 1.626442 -0.004472
v 0.222112 1.930309 -0.004472
v 0.236849 1.972554 -0.004472
v 0.268287 2.002027 -0.004472
v 0.309549 2.003010 -0.004472
v 0.345899 1.988273 -0.004472
v 0.365548 1.956835 -0.004472
v 0.371442 1.914590 -0.004472
v 0.459862 1.626442 -0.004472
v 0.603297 1.626442 -0.004472
v 0.458879 1.904766 -0.004472
v 0.461826 1.952905 -0.004472
v 0.480493 1.986308 -0.004472
v 0.519790 2.004974 -0.004472
v 0.551228 2.003992 -0.004472
v 0.577754 1.986308 -0.004472
v 0.605262 1.949958 -0.004472
v 0.237211 1.628637 -0.022578
v 0.359469 1.628637 -0.022578
v 0.233861 1.904305 -0.022578
v 0.246422 1.942629 -0.022578
v 0.273219 1.969367 -0.022578
v 0.308389 1.970258 -0.022578
v 0.339372 1.956890 -0.022578
v 0.356120 1.928369 -0.022578
v 0.361144 1.890045 -0.022578
v 0.469370 1.628860 -0.022578
v 0.591629 1.628860 -0.022578
v 0.468533 1.881355 -0.022578
v 0.471045 1.925027 -0.022578
v 0.486956 1.955330 -0.022578
v 0.520451 1.972264 -0.022578
v 0.547247 1.971373 -0.022578
v 0.569857 1.955330 -0.022578
v 0.593304 1.922353 -0.022578
v 0.671871 1.626442 0.005946
v 0.671872 1.971866 0.005946
v 0.157861 1.626442 0.005946
v 0.157861 1.968330 0.005946
v 0.192148 2.032548 0.005946
v 0.279290 2.075612 0.005946
v 0.367021 2.047612 0.005946
v 0.411329 2.016665 0.005946
v 0.456128 2.052033 0.005946
v 0.498570 2.075612 0.005946
v 0.599171 2.051051 0.005946
v 0.652092 2.011950 0.005946
v 0.612794 1.626442 0.005946
v 0.216545 1.626442 0.005946
v 0.212595 1.931858 0.005946
v 0.228651 1.977886 0.005946
v 0.264436 2.011435 0.005946
v 0.311292 2.012550 0.005946
v 0.352320 1.995917 0.005946
v 0.374673 1.960152 0.005946
v 0.380943 1.915217 0.005946
v 0.378974 1.626442 0.005946
v 0.450365 1.626442 0.005946
v 0.449382 1.905040 0.005946
v 0.452480 1.955647 0.005946
v 0.473681 1.993586 0.005946
v 0.517791 2.014538 0.005946
v 0.554238 2.013399 0.005946
v 0.584358 1.993319 0.005946
v 0.614778 1.953121 0.005946
v 0.820727 1.580256 0.008854
v 0.820727 1.626234 0.008854
v 0.671871 1.626234 0.008854
v 0.157861 1.626234 0.008854
v 0.603297 1.626234 0.009776
v 0.226042 1.626234 0.009776
v 0.369478 1.626234 0.009776
v 0.459862 1.626234 0.009776
v 0.820727 0.828636 -0.005394
v 0.820727 1.542515 -0.005394
v 0.820727 0.866585 -0.005394
v 0.820727 0.912563 -0.005394
v 0.820727 1.361733 -0.005394
v 0.157861 0.912563 -0.005394
v 0.157861 1.361733 -0.005394
v 0.671871 0.912563 -0.005394
v 0.671872 1.361733 -0.005394
v 0.671872 1.257988 -0.005394
v 0.279290 1.361733 -0.005394
v 0.498570 1.361733 -0.005394
v 0.157861 1.254451 -0.005394
v 0.192148 1.318669 -0.005394
v 0.367021 1.333733 -0.005394
v 0.411329 1.302787 -0.005394
v 0.456128 1.338154 -0.005394
v 0.599171 1.337172 -0.005394
v 0.652092 1.298071 -0.005394
v 0.226042 0.912563 -0.004472
v 0.369478 0.912563 -0.004472
v 0.222112 1.216431 -0.004472
v 0.236849 1.258675 -0.004472
v 0.268287 1.288148 -0.004472
v 0.309549 1.289131 -0.004472
v 0.345899 1.274394 -0.004472
v 0.365548 1.242956 -0.004472
v 0.371442 1.200711 -0.004472
v 0.459862 0.912563 -0.004472
v 0.603297 0.912563 -0.004472
v 0.458879 1.190887 -0.004472
v 0.461826 1.239027 -0.004472
v 0.480493 1.272429 -0.004472
v 0.519790 1.291096 -0.004472
v 0.551228 1.290113 -0.004472
v 0.577754 1.272429 -0.004472
v 0.605262 1.236079 -0.004472
v 0.237211 0.914759 -0.022578
v 0.359469 0.914759 -0.022578
v 0.233861 1.190426 -0.022578
v 0.246422 1.228751 -0.022578
v 0.273219 1.255488 -0.022578
v 0.308389 1.256380 -0.022578
v 0.339372 1.243011 -0.022578
v 0.356120 1.214490 -0.022578
v 0.361144 1.176166 -0.022578
v 0.469370 0.914981 -0.022578
v 0.591629 0.914982 -0.022578
v 0.468533 1.167476 -0.022578
v 0.471045 1.211148 -0.022578
v 0.486956 1.241451 -0.022578
v 0.520451 1.258385 -0.022578
v 0.547247 1.257494 -0.022578
v 0.569857 1.241451 -0.022578
v 0.593304 1.208474 -0.022578
v 0.671871 0.912563 0.005946
v 0.671872 1.257988 0.005946
v 0.157861 0.912563 0.005946
v 0.157861 1.254451 0.005946
v 0.192148 1.318669 0.005946
v 0.279290 1.361733 0.005946
v 0.367021 1.333733 0.005946
v 0.411329 1.302787 0.005946
v 0.456128 1.338154 0.005946
v 0.498570 1.361733 0.005946
v 0.599171 1.337172 0.005946
v 0.652092 1.298071 0.005946
v 0.612794 0.912563 0.005946
v 0.216545 0.912563 0.005946
v 0.212595 1.217980 0.005946
v 0.228651 1.264007 0.005946
v 0.264436 1.297556 0.005946
v 0.311292 1.298671 0.005946
v 0.352320 1.282038 0.005946
v 0.374673 1.246273 0.005946
v 0.380943 1.201339 0.005946
v 0.378974 0.912563 0.005946
v 0.450365 0.912563 0.005946
v 0.449382 1.191161 0.005946
v 0.452480 1.241769 0.005946
v 0.473681 1.279707 0.005946
v 0.517791 1.300659 0.005946
v 0.554238 1.299520 0.005946
v 0.584358 1.279440 0.005946
v 0.614778 1.239242 0.005946
v 0.820727 0.866378 0.008854
v 0.820727 0.912356 0.008854
v 0.671871 0.912356 0.008854
v 0.157861 0.912356 0.008854
v 0.603297 0.912356 0.009776
v 0.226042 0.912356 0.009776
v 0.369478 0.912356 0.009776
v 0.459862 0.912356 0.009776
v 0.820727 0.005038 -0.005394
v 0.820727 0.828636 -0.005394
v 0.820727 0.152707 -0.005394
v 0.820727 0.198685 -0.005394
v 0.820727 0.647854 -0.005394
v 0.157861 0.198684 -0.005394
v 0.157861 0.647854 -0.005394
v 0.671871 0.198684 -0.005394
v 0.671872 0.647854 -0.005394
v 0.671872 0.544109 -0.005394
v 0.279290 0.647854 -0.005394
v 0.498570 0.647854 -0.005394
v 0.157861 0.540572 -0.005394
v 0.192148 0.604791 -0.005394
v 0.367021 0.619855 -0.005394
v 0.411329 0.588908 -0.005394
v 0.456128 0.624276 -0.005394
v 0.599171 0.623293 -0.005394
v 0.652092 0.584192 -0.005394
v 0.226042 0.198684 -0.004472
v 0.369478 0.198684 -0.004472
v 0.222112 0.502552 -0.004472
v 0.236849 0.544797 -0.004472
v 0.268287 0.574270 -0.004472
v 0.309549 0.575252 -0.004472
v 0.345899 0.560516 -0.004472
v 0.365548 0.529078 -0.004472
v 0.371442 0.486833 -0.004472
v 0.459862 0.198684 -0.004472
v 0.603297 0.198684 -0.004472
v 0.458879 0.477009 -0.004472
v 0.461826 0.525148 -0.004472
v 0.480493 0.558551 -0.004472
v 0.519790 0.577217 -0.004472
v 0.551228 0.576235 -0.004472
v 0.577754 0.558551 -0.004472
v 0.605262 0.522201 -0.004472
v 0.237211 0.200880 -0.022578
v 0.359469 0.200880 -0.022578
v 0.233861 0.476548 -0.022578
v 0.246422 0.514872 -0.022578
v 0.273219 0.541610 -0.022578
v 0.308389 0.542501 -0.022578
v 0.339372 0.529132 -0.022578
v 0.356120 0.500612 -0.022578
v 0.361144 0.462287 -0.022578
v 0.469370 0.201103 -0.022578
v 0.591629 0.201103 -0.022578
v 0.468533 0.453598 -0.022578
v 0.471045 0.497270 -0.022578
v 0.486956 0.527573 -0.022578
v 0.520451 0.544506 -0.022578
v 0.547247 0.543615 -0.022578
v 0.569857 0.527572 -0.022578
v 0.593304 0.494596 -0.022578
v 0.671871 0.198684 0.005946
v 0.671872 0.544109 0.005946
v 0.157861 0.198684 0.005946
v 0.157861 0.540572 0.005946
v 0.192148 0.604791 0.005946
v 0.279290 0.647854 0.005946
v 0.367021 0.619855 0.005946
v 0.411329 0.588908 0.005946
v 0.456128 0.624276 0.005946
v 0.498570 0.647854 0.005946
v 0.599171 0.623293 0.005946
v 0.652092 0.584192 0.005946
v 0.612794 0.198684 0.005946
v 0.216545 0.198684 0.005946
v 0.212595 0.504101 0.005946
v 0.228651 0.550128 0.005946
v 0.264436 0.583677 0.005946
v 0.311292 0.584793 0.005946
v 0.352320 0.568160 0.005946
v 0.374673 0.532395 0.005946
v 0.380943 0.487460 0.005946
v 0.378974 0.198684 0.005946
v 0.450365 0.198684 0.005946
v 0.449382 0.477282 0.005946
v 0.452480 0.527890 0.005946
v 0.473681 0.565828 0.005946
v 0.517791 0.586780 0.005946
v 0.554238 0.585642 0.005946
v 0.584358 0.565562 0.005946
v 0.614778 0.525363 0.005946
v 0.820727 0.152499 0.008854
v 0.820727 0.198477 0.008854
v 0.671871 0.198477 0.008854
v 0.157861 0.198477 0.008854
v 0.603297 0.198477 0.009776
v 0.226042 0.198477 0.009776
v 0.369478 0.198477 0.009776
v 0.459862 0.198477 0.009776
v 1.651564 1.542515 -0.005394
v 1.652830 2.256228 -0.003351
v 1.651564 1.580464 -0.005394
v 1.651564 1.626442 -0.005394
v 1.651564 2.075612 -0.005394
v 0.988698 1.626442 -0.005394
v 0.988698 2.075612 -0.005394
v 1.502708 1.626442 -0.005394
v 1.502708 2.075612 -0.005394
v 1.502708 1.971866 -0.005394
v 1.110127 2.075612 -0.005394
v 1.329406 2.075612 -0.005394
v 0.988698 1.968330 -0.005394
v 1.022985 2.032548 -0.005394
v 1.197858 2.047612 -0.005394
v 1.242166 2.016665 -0.005394
v 1.286965 2.052033 -0.005394
v 1.430008 2.051051 -0.005394
v 1.482928 2.011950 -0.005394
v 1.056879 1.626442 -0.004472
v 1.200314 1.626442 -0.004472
v 1.052949 1.930309 -0.004472
v 1.067685 1.972554 -0.004472
v 1.099124 2.002027 -0.004472
v 1.140386 2.003010 -0.004472
v 1.176736 1.988273 -0.004472
v 1.196385 1.956835 -0.004472
v 1.202279 1.914590 -0.004472
v 1.290698 1.626442 -0.004472
v 1.434134 1.626442 -0.004472
v 1.289716 1.904766 -0.004472
v 1.292663 1.952905 -0.004472
v 1.311329 1.986308 -0.004472
v 1.350627 2.004974 -0.004472
v 1.382065 2.003992 -0.004472
v 1.408591 1.986308 -0.004472
v 1.436099 1.949958 -0.004472
v 1.068048 1.628637 -0.022578
v 1.190306 1.628637 -0.022578
v 1.064698 1.904305 -0.022578
v 1.077259 1.942629 -0.022578
v 1.104055 1.969367 -0.022578
v 1.139225 1.970258 -0.022578
v 1.170209 1.956890 -0.022578
v 1.186956 1.928369 -0.022578
v 1.191980 1.890045 -0.022578
v 1.300207 1.628860 -0.022578
v 1.422465 1.628860 -0.022578
v 1.299370 1.881355 -0.022578
v 1.301882 1.925027 -0.022578
v 1.317793 1.955330 -0.022578
v 1.351288 1.972264 -0.022578
v 1.378084 1.971373 -0.022578
v 1.400694 1.955330 -0.022578
v 1.424140 1.922353 -0.022578
v 1.502708 1.626442 0.005946
v 1.502708 1.971866 0.005946
v 0.988698 1.626442 0.005946
v 0.988698 1.968330 0.005946
v 1.022985 2.032548 0.005946
v 1.110127 2.075612 0.005946
v 1.197858 2.047612 0.005946
v 1.242166 2.016665 0.005946
v 1.286965 2.052033 0.005946
v 1.329406 2.075612 0.005946
v 1.430008 2.051051 0.005946
v 1.482928 2.011950 0.005946
v 1.443631 1.626442 0.005946
v 1.047382 1.626442 0.005946
v 1.043432 1.931858 0.005946
v 1.059488 1.977886 0.005946
v 1.095273 2.011435 0.005946
v 1.142129 2.012550 0.005946
v 1.183157 1.995917 0.005946
v 1.205510 1.960152 0.005946
v 1.211780 1.915217 0.005946
v 1.209811 1.626442 0.005946
v 1.281202 1.626442 0.005946
v 1.280218 1.905040 0.005946
v 1.283317 1.955647 0.005946
v 1.304518 1.993586 0.005946
v 1.348628 2.014538 0.005946
v 1.385074 2.013399 0.005946
v 1.415194 1.993319 0.005946
v 1.445615 1.953121 0.005946
v 1.651564 1.580256 0.008854
v 1.651564 1.626234 0.008854
v 1.502708 1.626234 0.008854
v 0.988698 1.626234 0.008854
v 1.434134 1.626234 0.009776
v 1.056879 1.626234 0.009776
v 1.200314 1.626234 0.009776
v 1.290698 1.626234 0.009776
v 1.651564 0.828636 -0.005394
v 1.651564 1.542515 -0.005394
v 1.651564 0.866585 -0.005394
v 1.651564 0.912563 -0.005394
v 1.651564 1.361733 -0.005394
v 0.988698 0.912563 -0.005394
v 0.988698 1.361733 -0.005394
v 1.502708 0.912563 -0.005394
v 1.502708 1.361733 -0.005394
v 1.502708 1.257988 -0.005394
v 1.110127 1.361733 -0.005394
v 1.329406 1.361733 -0.005394
v 0.988698 1.254451 -0.005394
v 1.022985 1.318669 -0.005394
v 1.197858 1.333733 -0.005394
v 1.242166 1.302787 -0.005394
v 1.286965 1.338154 -0.005394
v 1.430008 1.337172 -0.005394
v 1.482928 1.298071 -0.005394
v 1.056879 0.912563 -0.004472
v 1.200314 0.912563 -0.004472
v 1.052949 1.216431 -0.004472
v 1.067685 1.258675 -0.004472
v 1.099124 1.288148 -0.004472
v 1.140386 1.289131 -0.004472
v 1.176736 1.274394 -0.004472
v 1.196385 1.242956 -0.004472
v 1.202279 1.200711 -0.004472
v 1.290698 0.912563 -0.004472
v 1.434134 0.912563 -0.004472
v 1.289716 1.190887 -0.004472
v 1.292663 1.239027 -0.004472
v 1.311329 1.272429 -0.004472
v 1.350627 1.291096 -0.004472
v 1.382065 1.290113 -0.004472
v 1.408591 1.272429 -0.004472
v 1.436099 1.236079 -0.004472
v 1.068048 0.914759 -0.022578
v 1.190306 0.914759 -0.022578
v 1.064698 1.190426 -0.022578
v 1.077259 1.228751 -0.022578
v 1.104055 1.255488 -0.022578
v 1.139225 1.256380 -0.022578
v 1.170209 1.243011 -0.022578
v 1.186956 1.214490 -0.022578
v 1.191980 1.176166 -0.022578
v 1.300207 0.914981 -0.022578
v 1.422465 0.914982 -0.022578
v 1.299370 1.167476 -0.022578
v 1.301882 1.211148 -0.022578
v 1.317793 1.241451 -0.022578
v 1.351288 1.258385 -0.022578
v 1.378084 1.257494 -0.022578
v 1.400694 1.241451 -0.022578
v 1.424140 1.208474 -0.022578
v 1.502708 0.912563 0.005946
v 1.502708 1.257988 0.005946
v 0.988698 0.912563 0.005946
v 0.988698 1.254451 0.005946
v 1.022985 1.318669 0.005946
v 1.110127 1.361733 0.005946
v 1.197858 1.333733 0.005946
v 1.242166 1.302787 0.005946
v 1.286965 1.338154 0.005946
v 1.329406 1.361733 0.005946
v 1.430008 1.337172 0.005946
v 1.482928 1.298071 0.005946
v 1.443631 0.912563 0.005946
v 1.047382 0.912563 0.005946
v 1.043432 1.217980 0.005946
v 1.059488 1.264007 0.005946
v 1.095273 1.297556 0.005946
v 1.142129 1.298671 0.005946
v 1.183157 1.282038 0.005946
v 1.205510 1.246273 0.005946
v 1.211780 1.201339 0.005946
v 1.209811 0.912563 0.005946
v 1.281202 0.912563 0.005946
v 1.280218 1.191161 0.005946
v 1.283317 1.241769 0.005946
v 1.304518 1.279707 0.005946
v 1.348628 1.300659 0.005946
v 1.385074 1.299520 0.005946
v 1.415194 1.279440 0.005946
v 1.445615 1.239242 0.005946
v 1.651564 0.866378 0.008854
v 1.651564 0.912356 0.008854
v 1.502708 0.912356 0.008854
v 0.988698 0.912356 0.008854
v 1.434134 0.912356 0.009776
v 1.056879 0.912356 0.009776
v 1.200314 0.912356 0.009776
v 1.290698 0.912356 0.009776
v 1.651564 0.005038 -0.005394
v 1.651564 0.828636 -0.005394
v 1.651564 0.152707 -0.005394
v 1.651564 0.198685 -0.005394
v 1.651564 0.647854 -0.005394
v 0.988698 0.198684 -0.005394
v 0.988698 0.647854 -0.005394
v 1.502708 0.198684 -0.005394
v 1.502708 0.647854 -0.005394
v 1.502708 0.544109 -0.005394
v 1.110127 0.647854 -0.005394
v 1.329406 0.647854 -0.005394
v 0.988698 0.540572 -0.005394
v 1.022985 0.604791 -0.005394
v 1.197858 0.619855 -0.005394
v 1.242166 0.588908 -0.005394
v 1.286965 0.624276 -0.005394
v 1.430008 0.623293 -0.005394
v 1.482928 0.584192 -0.005394
v 1.056879 0.198684 -0.004472
v 1.200314 0.198684 -0.004472
v 1.052949 0.502552 -0.004472
v 1.067685 0.544797 -0.004472
v 1.099124 0.574270 -0.004472
v 1.140386 0.575252 -0.004472
v 1.176736 0.560516 -0.004472
v 1.196385 0.529078 -0.004472
v 1.202279 0.486833 -0.004472
v 1.290698 0.198684 -0.004472
v 1.434134 0.198684 -0.004472
v 1.289716 0.477009 -0.004472
v 1.292663 0.525148 -0.004472
v 1.311329 0.558551 -0.004472
v 1.350627 0.577217 -0.004472
v 1.382065 0.576235 -0.004472
v 1.408591 0.558551 -0.004472
v 1.436099 0.522201 -0.004472
v 1.068048 0.200880 -0.022578
v 1.190306 0.200880 -0.022578
v 1.064698 0.476548 -0.022578
v 1.077259 0.514872 -0.022578
v 1.104055 0.541610 -0.022578
v 1.139225 0.542501 -0.022578
v 1.170209 0.529132 -0.022578
v 1.186956 0.500612 -0.022578
v 1.191980 0.462287 -0.022578
v 1.300207 0.201103 -0.022578
v 1.422465 0.201103 -0.022578
v 1.299370 0.453598 -0.022578
v 1.301882 0.497270 -0.022578
v 1.317793 0.527573 -0.022578
v 1.351288 0.544506 -0.022578
v 1.378084 0.543615 -0.022578
v 1.400694 0.527572 -0.022578
v 1.424140 0.494596 -0.022578
v 1.502708 0.198684 0.005946
v 1.502708 0.544109 0.005946
v 0.988698 0.198684 0.005946
v 0.988698 0.540572 0.005946
v 1.022985 0.604791 0.005946
v 1.110127 0.647854 0.005946
v 1.197858 0.619855 0.005946
v 1.242166 0.588908 0.005946
v 1.286965 0.624276 0.005946
v 1.329406 0.647854 0.005946
v 1.430008 0.623293 0.005946
v 1.482928 0.584192 0.005946
v 1.443631 0.198684 0.005946
v 1.047382 0.198684 0.005946
v 1.043432 0.504101 0.005946
v 1.059488 0.550128 0.005946
v 1.095273 0.583677 0.005946
v 1.142129 0.584793 0.005946
v 1.183157 0.568160 0.005946
v 1.205510 0.532395 0.005946
v 1.211780 0.487460 0.005946
v 1.209811 0.198684 0.005946
v 1.281202 0.198684 0.005946
v 1.280218 0.477282 0.005946
v 1.283317 0.527890 0.005946
v 1.304518 0.565828 0.005946
v 1.348628 0.586780 0.005946
v 1.385074 0.585642 0.005946
v 1.415194 0.565562 0.005946
v 1.445615 0.525363 0.005946
v 1.651564 0.152499 0.008854
v 1.651564 0.198477 0.008854
v 1.502708 0.198477 0.008854
v 0.988698 0.198477 0.008854
v 1.434134 0.198477 0.009776
v 1.056879 0.198477 0.009776
v 1.200314 0.198477 0.009776
v 1.290698 0.198477 0.009776
v 2.482400 1.542515 -0.005394
v 2.483441 2.256284 -0.004032
v 2.482400 1.580464 -0.005394
v 2.482400 1.626442 -0.005394
v 2.482400 2.075612 -0.005394
v 1.819534 1.626442 -0.005394
v 1.819534 2.075612 -0.005394
v 2.333545 1.626442 -0.005394
v 2.333545 2.075612 -0.005394
v 2.333545 1.971866 -0.005394
v 1.940963 2.075612 -0.005394
v 2.160243 2.075612 -0.005394
v 1.819534 1.968330 -0.005394
v 1.853821 2.032548 -0.005394
v 2.028695 2.047612 -0.005394
v 2.073003 2.016665 -0.005394
v 2.117802 2.052033 -0.005394
v 2.260845 2.051051 -0.005394
v 2.313765 2.011950 -0.005394
v 1.887715 1.626442 -0.004472
v 2.031151 1.626442 -0.004472
v 1.883786 1.930309 -0.004472
v 1.898522 1.972554 -0.004472
v 1.929960 2.002027 -0.004472
v 1.971223 2.003010 -0.004472
v 2.007573 1.988273 -0.004472
v 2.027221 1.956835 -0.004472
v 2.033116 1.914590 -0.004472
v 2.121535 1.626442 -0.004472
v 2.264971 1.626442 -0.004472
v 2.120553 1.904766 -0.004472
v 2.123500 1.952905 -0.004472
v 2.142166 1.986308 -0.004472
v 2.181464 2.004974 -0.004472
v 2.212902 2.003992 -0.004472
v 2.239428 1.986308 -0.004472
v 2.266936 1.949958 -0.004472
v 1.898884 1.628637 -0.022578
v 2.021142 1.628637 -0.022578
v 1.895535 1.904305 -0.022578
v 1.908096 1.942629 -0.022578
v 1.934892 1.969367 -0.022578
v 1.970062 1.970258 -0.022578
v 2.001045 1.956890 -0.022578
v 2.017793 1.928369 -0.022578
v 2.022817 1.890045 -0.022578
v 2.131044 1.628860 -0.022578
v 2.253302 1.628860 -0.022578
v 2.130207 1.881355 -0.022578
v 2.132719 1.925027 -0.022578
v 2.148629 1.955330 -0.022578
v 2.182125 1.972264 -0.022578
v 2.208921 1.971373 -0.022578
v 2.231530 1.955330 -0.022578
v 2.254977 1.922353 -0.022578
v 2.333545 1.626442 0.005946
v 2.333545 1.971866 0.005946
v 1.819534 1.626442 0.005946
v 1.819534 1.968330 0.005946
v 1.853821 2.032548 0.005946
v 1.940963 2.075612 0.005946
v 2.028695 2.047612 0.005946
v 2.073003 2.016665 0.005946
v 2.117802 2.052033 0.005946
v 2.160243 2.075612 0.005946
v 2.260845 2.051051 0.005946
v 2.313765 2.011950 0.005946
v 2.274467 1.626442 0.005946
v 1.878218 1.626442 0.005946
v 1.874269 1.931858 0.005946
v 1.890324 1.977886 0.005946
v 1.926110 2.011435 0.005946
v 1.972965 2.012550 0.005946
v 2.013994 1.995917 0.005946
v 2.036347 1.960152 0.005946
v 2.042617 1.915217 0.005946
v 2.040648 1.626442 0.005946
v 2.112039 1.626442 0.005946
v 2.111055 1.905040 0.005946
v 2.114154 1.955647 0.005946
v 2.135355 1.993586 0.005946
v 2.179464 2.014538 0.005946
v 2.215911 2.013399 0.005946
v 2.246031 1.993319 0.005946
v 2.276452 1.953121 0.005946
v 2.482400 1.580256 0.008854
v 2.482400 1.626234 0.008854
v 2.333545 1.626234 0.008854
v 1.819534 1.626234 0.008854
v 2.264971 1.626234 0.009776
v 1.887715 1.626234 0.009776
v 2.031151 1.626234 0.009776
v 2.121535 1.626234 0.009776
v 2.482400 0.828636 -0.005394
v 2.482400 1.542515 -0.005394
v 2.482400 0.866585 -0.005394
v 2.482400 0.912563 -0.005394
v 2.482400 1.361733 -0.005394
v 1.819534 0.912563 -0.005394
v 1.819534 1.361733 -0.005394
v 2.333545 0.912563 -0.005394
v 2.333545 1.361733 -0.005394
v 2.333545 1.257988 -0.005394
v 1.940963 1.361733 -0.005394
v 2.160243 1.361733 -0.005394
v 1.819534 1.254451 -0.005394
v 1.853821 1.318669 -0.005394
v 2.028695 1.333733 -0.005394
v 2.073003 1.302787 -0.005394
v 2.117802 1.338154 -0.005394
v 2.260845 1.337172 -0.005394
v 2.313765 1.298071 -0.005394
v 1.887715 0.912563 -0.004472
v 2.031151 0.912563 -0.004472
v 1.883786 1.216431 -0.004472
v 1.898522 1.258675 -0.004472
v 1.929960 1.288148 -0.004472
v 1.971223 1.289131 -0.004472
v 2.007573 1.274394 -0.004472
v 2.027221 1.242956 -0.004472
v 2.033116 1.200711 -0.004472
v 2.121535 0.912563 -0.004472
v 2.264971 0.912563 -0.004472
v 2.120553 1.190887 -0.004472
v 2.123500 1.239027 -0.004472
v 2.142166 1.272429 -0.004472
v 2.181464 1.291096 -0.004472
v 2.212902 1.290113 -0.004472
v 2.239428 1.272429 -0.004472
v 2.266936 1.236079 -0.004472
v 1.898884 0.914759 -0.022578
v 2.021142 0.914759 -0.022578
v 1.895535 1.190426 -0.022578
v 1.908096 1.228751 -0.022578
v 1.934892 1.255488 -0.022578
v 1.970062 1.256380 -0.022578
v 2.001045 1.243011 -0.022578
v 2.017793 1.214490 -0.022578
v 2.022817 1.176166 -0.022578
v 2.131044 0.914981 -0.022578
v 2.253302 0.914982 -0.022578
v 2.130207 1.167476 -0.022578
v 2.132719 1.211148 -0.022578
v 2.148629 1.241451 -0.022578
v 2.182125 1.258385 -0.022578
v 2.208921 1.257494 -0.022578
v 2.231530 1.241451 -0.022578
v 2.254977 1.208474 -0.022578
v 2.333545 0.912563 0.005946
v 2.333545 1.257988 0.005946
v 1.819534 0.912563 0.005946
v 1.819534 1.254451 0.005946
v 1.853821 1.318669 0.005946
v 1.940963 1.361733 0.005946
v 2.028695 1.333733 0.005946
v 2.073003 1.302787 0.005946
v 2.117802 1.338154 0.005946
v 2.160243 1.361733 0.005946
v 2.260845 1.337172 0.005946
v 2.313765 1.298071 0.005946
v 2.274467 0.912563 0.005946
v 1.878218 0.912563 0.005946
v 1.874269 1.217980 0.005946
v 1.890324 1.264007 0.005946
v 1.926110 1.297556 0.005946
v 1.972965 1.298671 0.005946
v 2.013994 1.282038 0.005946
v 2.036347 1.246273 0.005946
v 2.042617 1.201339 0.005946
v 2.040648 0.912563 0.005946
v 2.112039 0.912563 0.005946
v 2.111055 1.191161 0.005946
v 2.114154 1.241769 0.005946
v 2.135355 1.279707 0.005946
v 2.179464 1.300659 0.005946
v 2.215911 1.299520 0.005946
v 2.246031 1.279440 0.005946
v 2.276452 1.239242 0.005946
v 2.482400 0.866378 0.008854
v 2.482400 0.912356 0.008854
v 2.333545 0.912356 0.008854
v 1.819534 0.912356 0.008854
v 2.264971 0.912356 0.009776
v 1.887715 0.912356 0.009776
v 2.031151 0.912356 0.009776
v 2.121535 0.912356 0.009776
v 2.482400 0.005038 -0.005394
v 2.482400 0.828636 -0.005394
v 2.482400 0.152707 -0.005394
v 2.482400 0.198685 -0.005394
v 2.482400 0.647854 -0.005394
v 1.819534 0.198684 -0.005394
v 1.819534 0.647854 -0.005394
v 2.333545 0.198684 -0.005394
v 2.333545 0.647854 -0.005394
v 2.333545 0.544109 -0.005394
v 1.940963 0.647854 -0.005394
v 2.160243 0.647854 -0.005394
v 1.819534 0.540572 -0.005394
v 1.853821 0.604791 -0.005394
v 2.028695 0.619855 -0.005394
v 2.073003 0.588908 -0.005394
v 2.117802 0.624276 -0.005394
v 2.260845 0.623293 -0.005394
v 2.313765 0.584192 -0.005394
v 1.887715 0.198684 -0.004472
v 2.031151 0.198684 -0.004472
v 1.883786 0.502552 -0.004472
v 1.898522 0.544797 -0.004472
v 1.929960 0.574270 -0.004472
v 1.971223 0.575252 -0.004472
v 2.007573 0.560516 -0.004472
v 2.027221 0.529078 -0.004472
v 2.033116 0.486833 -0.004472
v 2.121535 0.198684 -0.004472
v 2.264971 0.198684 -0.004472
v 2.120553 0.477009 -0.004472
v 2.123500 0.525148 -0.004472
v 2.142166 0.558551 -0.004472
v 2.181464 0.577217 -0.004472
v 2.212902 0.576235 -0.004472
v 2.239428 0.558551 -0.004472
v 2.266936 0.522201 -0.004472
v 1.898884 0.200880 -0.022578
v 2.021142 0.200880 -0.022578
v 1.895535 0.476548 -0.022578
v 1.908096 0.514872 -0.022578
v 1.934892 0.541610 -0.022578
v 1.970062 0.542501 -0.022578
v 2.001045 0.529132 -0.022578
v 2.017793 0.500612 -0.022578
v 2.022817 0.462287 -0.022578
v 2.131044 0.201103 -0.022578
v 2.253302 0.201103 -0.022578
v 2.130207 0.453598 -0.022578
v 2.132719 0.497270 -0.022578
v 2.148629 0.527573 -0.022578
v 2.182125 0.544506 -0.022578
v 2.208921 0.543615 -0.022578
v 2.231530 0.527572 -0.022578
v 2.254977 0.494596 -0.022578
v 2.333545 0.198684 0.005946
v 2.333545 0.544109 0.005946
v 1.819534 0.198684 0.005946
v 1.819534 0.540572 0.005946
v 1.853821 0.604791 0.005946
v 1.940963 0.647854 0.005946
v 2.028695 0.619855 0.005946
v 2.073003 0.588908 0.005946
v 2.117802 0.624276 0.005946
v 2.160243 0.647854 0.005946
v 2.260845 0.623293 0.005946
v 2.313765 0.584192 0.005946
v 2.274467 0.198684 0.005946
v 1.878218 0.198684 0.005946
v 1.874269 0.504101 0.005946
v 1.890324 0.550128 0.005946
v 1.926110 0.583677 0.005946
v 1.972965 0.584793 0.005946
v 2.013994 0.568160 0.005946
v 2.036347 0.532395 0.005946
v 2.042617 0.487460 0.005946
v 2.040648 0.198684 0.005946
v 2.112039 0.198684 0.005946
v 2.111055 0.477282 0.005946
v 2.114154 0.527890 0.005946
v 2.135355 0.565828 0.005946
v 2.179464 0.586780 0.005946
v 2.215911 0.585642 0.005946
v 2.246031 0.565562 0.005946
v 2.276452 0.525363 0.005946
v 2.482400 0.152499 0.008854
v 2.482400 0.198477 0.008854
v 2.333545 0.198477 0.008854
v 1.819534 0.198477 0.008854
v 2.264971 0.198477 0.009776
v 1.887715 0.198477 0.009776
v 2.031151 0.198477 0.009776
v 2.121535 0.198477 0.009776
v -2.505768 -0.005394 0.096549
v -2.505906 3.041409 -0.002872
v -2.505768 3.041409 0.096549
v -2.406485 -0.005394 -0.002872
v -2.406485 -0.005394 0.096549
v -2.406485 3.041409 -0.002872
v -2.406485 3.041409 0.096549
v -2.505768 2.713335 0.096549
v -2.406485 2.713335 -0.002872
v -2.406485 2.713335 0.096549
v -2.505768 2.848325 0.096549
v -2.406485 2.848325 -0.002872
v -2.406485 2.848325 0.096549
v -2.392637 2.848325 0.115688
v -2.392637 2.713335 0.115688
v -2.505530 2.713335 0.115688
v -2.392637 2.713335 -0.002765
v -2.505530 2.848325 0.115688
v -2.392637 2.848325 -0.002765
v 2.467321 -0.005394 0.096549
v 2.467459 3.041409 -0.002872
v 2.467321 3.041409 0.096549
v 2.368037 -0.005394 -0.002872
v 2.368037 -0.005394 0.096549
v 2.368037 3.041409 -0.002872
v 2.368037 3.041409 0.096549
v 2.467321 2.713335 0.096549
v 2.368037 2.713335 -0.002872
v 2.368037 2.713335 0.096549
v 2.467321 2.848325 0.096549
v 2.368037 2.848325 -0.002872
v 2.368037 2.848325 0.096549
v 2.354189 2.848325 0.115688
v 2.354189 2.713335 0.115688
v 2.467083 2.713335 0.115688
v 2.354189 2.713335 -0.002765
v 2.467083 2.848325 0.115688
v 2.354189 2.848325 -0.002765
v -2.503037 3.045218 -0.002670
v -1.671798 3.045218 -0.002670
v -2.503037 2.278845 -0.002670
v -1.671820 2.280066 -0.002670
v -2.503037 2.338639 -0.002670
v -1.671820 2.338639 -0.002670
v -1.866123 2.279781 -0.002670
v -1.866123 2.338639 -0.002670
v -2.309081 2.279130 -0.002670
v -2.309081 2.338639 -0.002670
v -2.503037 2.608685 -0.002670
v -1.671820 2.608685 -0.002670
v -2.285166 2.608685 -0.002670
v -2.338221 2.581271 0.035924
v -2.124822 2.608685 -0.002670
v -2.338221 2.581271 -0.004080
v -2.049165 2.608685 -0.002670
v -1.671820 2.629979 0.010849
v -1.889309 2.608685 -0.002670
v -2.503037 2.629979 0.010849
v -2.309081 2.279130 0.027483
v -1.866123 2.279781 0.027483
v -1.889309 2.338639 0.027483
v -1.866123 2.338639 0.027483
v -2.309081 2.338639 0.027483
v -2.285165 2.338639 0.027483
v -2.124822 2.338639 0.027483
v -2.049165 2.338639 0.027483
v -1.671798 2.713365 0.010849
v -2.503037 2.713365 0.010849
v -1.671798 2.713365 -0.002670
v -2.503037 2.713365 -0.002670
v -1.671820 2.629979 -0.002670
v -2.503037 2.629979 -0.002670
v -2.270580 2.338639 -0.026572
v -2.299751 2.338639 -0.002670
v -2.285165 2.338639 0.011915
v -2.110236 2.338639 -0.002670
v -2.139407 2.338639 -0.026572
v -2.124822 2.338639 0.011915
v -2.034580 2.338639 -0.026572
v -2.063750 2.338639 -0.002670
v -2.049165 2.338639 0.011915
v -1.874724 2.338639 -0.002670
v -1.903894 2.338639 -0.026572
v -1.889309 2.338639 0.011915
v -2.270580 2.579931 -0.026572
v -2.299751 2.603309 -0.002670
v -2.139407 2.581724 -0.026572
v -2.110236 2.606224 -0.002670
v -2.208365 2.593818 -0.026572
v -2.209049 2.623553 -0.002670
v -2.034580 2.582076 -0.026572
v -2.063750 2.605871 -0.002670
v -1.903894 2.579588 -0.026572
v -1.874724 2.603652 -0.002670
v -1.977352 2.593813 -0.026572
v -1.977516 2.623558 -0.002670
v -2.338221 2.668295 -0.004080
v -2.338221 2.668295 0.035924
v -2.306417 2.581271 -0.004080
v -2.306417 2.581271 0.035924
v -2.306417 2.668295 -0.004080
v -2.306417 2.668295 0.035924
v -2.338221 2.525208 -0.004080
v -2.306417 2.525208 -0.004080
v -1.871101 2.581271 -0.004080
v -1.871101 2.581271 0.035924
v -2.304327 2.673131 0.047672
v -2.304327 2.673131 0.001296
v -2.340312 2.673131 0.047672
v -2.340312 2.673131 0.001296
v -2.304327 2.759925 0.047672
v -2.304327 2.759925 0.001296
v -2.340312 2.759925 0.047672
v -2.340312 2.759925 0.001296
v -2.306417 2.534103 0.018240
v -2.306417 2.525208 0.005406
v -2.338221 2.525208 0.005406
v -2.338221 2.534103 0.018240
v -1.871101 2.668295 -0.004080
v -1.871101 2.668295 0.035924
v -1.839297 2.581271 -0.004080
v -1.839297 2.581271 0.035924
v -1.839297 2.668295 -0.004080
v -1.839297 2.668295 0.035924
v -1.871101 2.525208 -0.004080
v -1.839297 2.525208 -0.004080
v -1.837206 2.673131 0.047672
v -1.837206 2.673131 0.001296
v -1.873192 2.673131 0.047672
v -1.873192 2.673131 0.001296
v -1.837206 2.759925 0.047672
v -1.837206 2.759925 0.001296
v -1.873192 2.759925 0.047672
v -1.873192 2.759925 0.001296
v -1.839297 2.534103 0.018240
v -1.839297 2.525208 0.005406
v -1.871101 2.525208 0.005406
v -1.871101 2.534103 0.018240
v -1.671798 2.847941 -0.002670
v -2.503037 2.847941 -0.002670
v -2.503037 2.713365 0.085286
v -1.671798 2.713365 0.085286
v -2.503037 2.847941 0.085286
v -1.671798 2.847941 0.085286
v -1.671798 2.994740 -0.002670
v -2.503037 2.994740 -0.002670
v -1.671798 2.994740 0.026511
v -1.671798 3.045218 0.026511
v -2.503037 3.045218 0.026511
v -2.503037 2.994740 0.026511
v -2.501841 2.493113 -0.014451
v -2.501841 2.493113 0.014515
v -2.501841 2.522079 -0.014451
v -2.501841 2.522079 0.014515
v -2.296299 2.493113 -0.014451
v -2.296299 2.493113 0.014515
v -2.296299 2.522079 -0.014451
v -2.296299 2.522079 0.014515
v -2.252023 2.520978 -0.029929
v -2.280950 2.520978 -0.031424
v -2.280950 2.492013 -0.031424
v -2.252023 2.492013 -0.029929
v -2.281329 2.458466 -0.024723
v -2.502219 2.459566 -0.012201
v -2.296677 2.459566 -0.012201
v -2.252402 2.458466 -0.023621
v -2.502219 2.459566 0.009169
v -2.296677 2.459566 0.009169
v -2.281016 2.491974 -0.025125
v -2.252090 2.491974 -0.024023
v -2.296365 2.493074 -0.012603
v -2.296365 2.493074 0.008767
v -2.501907 2.493074 0.008767
v -2.501907 2.493074 -0.012603
v -1.671368 2.493093 -0.013527
v -1.671368 2.493113 0.014515
v -1.671368 2.522079 -0.014451
v -1.671368 2.522079 0.014515
v -1.874240 2.493113 -0.014451
v -1.874240 2.493113 0.014515
v -1.874240 2.522079 -0.014451
v -1.874240 2.522079 0.014515
v -1.918515 2.520978 -0.029929
v -1.889588 2.520978 -0.031424
v -1.889588 2.492013 -0.031424
v -1.918515 2.492013 -0.029929
v -1.889210 2.458466 -0.024723
v -1.671368 2.459566 -0.012201
v -1.873861 2.459566 -0.012201
v -1.918136 2.458466 -0.023621
v -1.671368 2.459566 0.009169
v -1.873861 2.459566 0.009169
v -1.889522 2.491974 -0.025125
v -1.918449 2.491974 -0.024023
v -1.874174 2.493074 -0.012603
v -1.874174 2.493074 0.008767
v -1.671368 2.493074 0.008767
v -0.840538 3.045218 -0.002670
v -1.671776 2.278845 -0.002670
v -0.840560 2.280066 -0.002670
v -1.671776 2.338639 -0.002670
v -0.840560 2.338639 -0.002670
v -1.034863 2.279781 -0.002670
v -1.034863 2.338639 -0.002670
v -1.477821 2.279130 -0.002670
v -1.477821 2.338639 -0.002670
v -1.671776 2.608685 -0.002670
v -0.840560 2.608685 -0.002670
v -1.453905 2.608685 -0.002670
v -1.506961 2.581271 0.035924
v -1.293561 2.608685 -0.002670
v -1.506961 2.581271 -0.004080
v -1.217904 2.608685 -0.002670
v -0.840560 2.629979 0.010849
v -1.058048 2.608685 -0.002670
v -1.671776 2.629979 0.010849
v -1.477821 2.279130 0.027483
v -1.034863 2.279781 0.027483
v -1.058048 2.338639 0.027483
v -1.034863 2.338639 0.027483
v -1.477821 2.338639 0.027483
v -1.453905 2.338639 0.027483
v -1.293561 2.338639 0.027483
v -1.217904 2.338639 0.027483
v -0.840560 2.713365 0.010849
v -0.840560 2.713365 -0.002670
v -0.840560 2.629979 -0.002670
v -1.671776 2.629979 -0.002670
v -1.439320 2.338639 -0.026572
v -1.468490 2.338639 -0.002670
v -1.453905 2.338639 0.011915
v -1.278976 2.338639 -0.002670
v -1.308146 2.338639 -0.026572
v -1.293561 2.338639 0.011915
v -1.203319 2.338639 -0.026572
v -1.232489 2.338639 -0.002670
v -1.217904 2.338639 0.011915
v -1.043463 2.338639 -0.002670
v -1.072634 2.338639 -0.026572
v -1.058048 2.338639 0.011915
v -1.439320 2.579931 -0.026572
v -1.468490 2.603309 -0.002670
v -1.308146 2.581724 -0.026572
v -1.278976 2.606224 -0.002670
v -1.377104 2.593818 -0.026572
v -1.377788 2.623553 -0.002670
v -1.203319 2.582076 -0.026572
v -1.232489 2.605871 -0.002670
v -1.072634 2.579588 -0.026572
v -1.043463 2.603652 -0.002670
v -1.146092 2.593813 -0.026572
v -1.146255 2.623558 -0.002670
v -1.506961 2.668295 -0.004080
v -1.506961 2.668295 0.035924
v -1.475157 2.581271 -0.004080
v -1.475157 2.581271 0.035924
v -1.475157 2.668295 -0.004080
v -1.475157 2.668295 0.035924
v -1.506961 2.525208 -0.004080
v -1.475157 2.525208 -0.004080
v -1.039840 2.581271 -0.004080
v -1.039840 2.581271 0.035924
v -1.473066 2.673131 0.047672
v -1.473066 2.673131 0.001296
v -1.509052 2.673131 0.047672
v -1.509052 2.673131 0.001296
v -1.473066 2.759925 0.047672
v -1.473066 2.759925 0.001296
v -1.509052 2.759925 0.047672
v -1.509052 2.759925 0.001296
v -1.475157 2.534103 0.018240
v -1.475157 2.525208 0.005406
v -1.506961 2.525208 0.005406
v -1.506961 2.534103 0.018240
v -1.039840 2.668295 -0.004080
v -1.039840 2.668295 0.035924
v -1.008036 2.581271 -0.004080
v -1.008036 2.581271 0.035924
v -1.008036 2.668295 -0.004080
v -1.008036 2.668295 0.035924
v -1.039840 2.525208 -0.004080
v -1.008036 2.525208 -0.004080
v -1.005945 2.673131 0.047672
v -1.005945 2.673131 0.001296
v -1.041931 2.673131 0.047672
v -1.041931 2.673131 0.001296
v -1.005945 2.759925 0.047672
v -1.005945 2.759925 0.001296
v -1.041931 2.759925 0.047672
v -1.041931 2.759925 0.001296
v -1.008036 2.534103 0.018240
v -1.008036 2.525208 0.005406
v -1.039840 2.525208 0.005406
v -1.039840 2.534103 0.018240
v -0.840560 2.847941 -0.002670
v -0.840560 2.713365 0.085286
v -0.840560 2.847941 0.085286
v -0.840538 2.994740 -0.002670
v -0.840538 2.994740 0.026511
v -0.840538 3.045218 0.026511
v -1.465038 2.493113 -0.014451
v -1.465038 2.493113 0.014515
v -1.465038 2.522079 -0.014451
v -1.465038 2.522079 0.014515
v -1.420763 2.520978 -0.029929
v -1.449690 2.520978 -0.031424
v -1.449690 2.492013 -0.031424
v -1.420763 2.492013 -0.029929
v -1.450068 2.458466 -0.024723
v -1.465416 2.459566 -0.012201
v -1.421141 2.458466 -0.023621
v -1.465416 2.459566 0.009169
v -1.449756 2.491974 -0.025125
v -1.420829 2.491974 -0.024023
v -1.465104 2.493074 -0.012603
v -1.465104 2.493074 0.008767
v -0.840107 2.493093 -0.013527
v -0.840107 2.493113 0.014515
v -0.840107 2.522079 -0.014451
v -0.840107 2.522079 0.014515
v -1.042979 2.493113 -0.014451
v -1.042979 2.493113 0.014515
v -1.042979 2.522079 -0.014451
v -1.042979 2.522079 0.014515
v -1.087254 2.520978 -0.029929
v -1.058327 2.520978 -0.031424
v -1.058327 2.492013 -0.031424
v -1.087254 2.492013 -0.029929
v -1.057949 2.458466 -0.024723
v -0.840107 2.459566 -0.012201
v -1.042601 2.459566 -0.012201
v -1.086876 2.458466 -0.023621
v -0.840107 2.459566 0.009169
v -1.042601 2.459566 0.009169
v -1.058261 2.491974 -0.025125
v -1.087188 2.491974 -0.024023
v -1.042913 2.493074 -0.012603
v -1.042913 2.493074 0.008767
v -0.840107 2.493074 0.008767
v -0.009277 3.045218 -0.002670
v -0.840516 2.278845 -0.002670
v -0.009299 2.280066 -0.002670
v -0.840516 2.338639 -0.002670
v -0.009299 2.338639 -0.002670
v -0.203602 2.279781 -0.002670
v -0.203602 2.338639 -0.002670
v -0.646560 2.279130 -0.002670
v -0.646560 2.338639 -0.002670
v -0.840516 2.608685 -0.002670
v -0.009299 2.608685 -0.002670
v -0.622644 2.608685 -0.002670
v -0.675700 2.581271 0.035924
v -0.462301 2.608685 -0.002670
v -0.675700 2.581271 -0.004080
v -0.386644 2.608685 -0.002670
v -0.009299 2.629979 0.010849
v -0.226788 2.608685 -0.002670
v -0.840516 2.629979 0.010849
v -0.646560 2.279130 0.027483
v -0.203602 2.279781 0.027483
v -0.226788 2.338639 0.027483
v -0.203602 2.338639 0.027483
v -0.646560 2.338639 0.027483
v -0.622644 2.338639 0.027483
v -0.462301 2.338639 0.027483
v -0.386644 2.338639 0.027483
v -0.009299 2.713365 0.010849
v -0.840516 2.713365 0.010849
v -0.009299 2.713365 -0.002670
v -0.840516 2.713365 -0.002670
v -0.009299 2.629979 -0.002670
v -0.840516 2.629979 -0.002670
v -0.608059 2.338639 -0.026572
v -0.637230 2.338639 -0.002670
v -0.622644 2.338639 0.011915
v -0.447715 2.338639 -0.002670
v -0.476886 2.338639 -0.026572
v -0.462301 2.338639 0.011915
v -0.372058 2.338639 -0.026572
v -0.401229 2.338639 -0.002670
v -0.386644 2.338639 0.011915
v -0.212203 2.338639 -0.002670
v -0.241373 2.338639 -0.026572
v -0.226788 2.338639 0.011915
v -0.608059 2.579931 -0.026572
v -0.637230 2.603309 -0.002670
v -0.476886 2.581724 -0.026572
v -0.447715 2.606224 -0.002670
v -0.545844 2.593818 -0.026572
v -0.546528 2.623553 -0.002670
v -0.372058 2.582076 -0.026572
v -0.401229 2.605871 -0.002670
v -0.241373 2.579588 -0.026572
v -0.212203 2.603652 -0.002670
v -0.314831 2.593813 -0.026572
v -0.314995 2.623558 -0.002670
v -0.675700 2.668295 -0.004080
v -0.675700 2.668295 0.035924
v -0.643896 2.581271 -0.004080
v -0.643896 2.581271 0.035924
v -0.643896 2.668295 -0.004080
v -0.643896 2.668295 0.035924
v -0.675700 2.525208 -0.004080
v -0.643896 2.525208 -0.004080
v -0.208580 2.581271 -0.004080
v -0.208580 2.581271 0.035924
v -0.641805 2.673131 0.047672
v -0.641805 2.673131 0.001296
v -0.677791 2.673131 0.047672
v -0.677791 2.673131 0.001296
v -0.641805 2.759925 0.047672
v -0.641805 2.759925 0.001296
v -0.677791 2.759925 0.047672
v -0.677791 2.759925 0.001296
v -0.643896 2.534103 0.018240
v -0.643896 2.525208 0.005406
v -0.675700 2.525208 0.005406
v -0.675700 2.534103 0.018240
v -0.208580 2.668295 -0.004080
v -0.208580 2.668295 0.035924
v -0.176776 2.581271 -0.004080
v -0.176776 2.581271 0.035924
v -0.176776 2.668295 -0.004080
v -0.176776 2.668295 0.035924
v -0.208580 2.525208 -0.004080
v -0.176776 2.525208 -0.004080
v -0.174685 2.673131 0.047672
v -0.174685 2.673131 0.001296
v -0.210671 2.673131 0.047672
v -0.210671 2.673131 0.001296
v -0.174685 2.759925 0.047672
v -0.174685 2.759925 0.001296
v -0.210671 2.759925 0.047672
v -0.210671 2.759925 0.001296
v -0.176776 2.534103 0.018240
v -0.176776 2.525208 0.005406
v -0.208580 2.525208 0.005406
v -0.208580 2.534103 0.018240
v -0.009299 2.847941 -0.002670
v -0.840516 2.847941 -0.002670
v -0.840516 2.713365 0.085286
v -0.009299 2.713365 0.085286
v -0.840516 2.847941 0.085286
v -0.009299 2.847941 0.085286
v -0.009277 2.994740 -0.002670
v -0.009277 2.994740 0.026511
v -0.009277 3.045218 0.026511
v -0.633777 2.493113 -0.014451
v -0.633777 2.493113 0.014515
v -0.633777 2.522079 -0.014451
v -0.633777 2.522079 0.014515
v -0.589502 2.520978 -0.029929
v -0.618429 2.520978 -0.031424
v -0.618429 2.492013 -0.031424
v -0.589502 2.492013 -0.029929
v -0.618808 2.458466 -0.024723
v -0.634156 2.459566 -0.012201
v -0.589881 2.458466 -0.023621
v -0.634156 2.459566 0.009169
v -0.618495 2.491974 -0.025125
v -0.589568 2.491974 -0.024023
v -0.633843 2.493074 -0.012603
v -0.633843 2.493074 0.008767
v -0.008846 2.493093 -0.013527
v -0.008846 2.493113 0.014515
v -0.008846 2.522079 -0.014451
v -0.008846 2.522079 0.014515
v -0.211719 2.493113 -0.014451
v -0.211719 2.493113 0.014515
v -0.211719 2.522079 -0.014451
v -0.211719 2.522079 0.014515
v -0.255994 2.520978 -0.029929
v -0.227067 2.520978 -0.031424
v -0.227067 2.492013 -0.031424
v -0.255994 2.492013 -0.029929
v -0.226688 2.458466 -0.024723
v -0.008846 2.459566 -0.012201
v -0.211340 2.459566 -0.012201
v -0.255615 2.458466 -0.023621
v -0.008846 2.459566 0.009169
v -0.211340 2.459566 0.009169
v -0.227001 2.491974 -0.025125
v -0.255928 2.491974 -0.024023
v -0.211653 2.493074 -0.012603
v -0.211653 2.493074 0.008767
v -0.008847 2.493074 0.008767
v 0.821983 3.045218 -0.002670
v -0.009255 2.278845 -0.002670
v 0.821962 2.280066 -0.002670
v -0.009255 2.338639 -0.002670
v 0.821962 2.338639 -0.002670
v 0.627658 2.279781 -0.002670
v 0.627658 2.338639 -0.002670
v 0.184700 2.279130 -0.002670
v 0.184700 2.338639 -0.002670
v -0.009255 2.608685 -0.002670
v 0.821962 2.608685 -0.002670
v 0.208616 2.608685 -0.002670
v 0.155560 2.581271 0.035924
v 0.368960 2.608685 -0.002670
v 0.155560 2.581271 -0.004080
v 0.444617 2.608685 -0.002670
v 0.821962 2.629979 0.010849
v 0.604473 2.608685 -0.002670
v -0.009255 2.629979 0.010849
v 0.184700 2.279130 0.027483
v 0.627658 2.279781 0.027483
v 0.604473 2.338639 0.027483
v 0.627658 2.338639 0.027483
v 0.184700 2.338639 0.027483
v 0.208616 2.338639 0.027483
v 0.368960 2.338639 0.027483
v 0.444617 2.338639 0.027483
v 0.821962 2.713365 0.010849
v -0.009255 2.713365 0.010849
v 0.821962 2.713365 -0.002670
v -0.009255 2.713365 -0.002670
v 0.821962 2.629979 -0.002670
v -0.009255 2.629979 -0.002670
v 0.223201 2.338639 -0.026572
v 0.194031 2.338639 -0.002670
v 0.208616 2.338639 0.011915
v 0.383545 2.338639 -0.002670
v 0.354375 2.338639 -0.026572
v 0.368960 2.338639 0.011915
v 0.459202 2.338639 -0.026572
v 0.430031 2.338639 -0.002670
v 0.444617 2.338639 0.011915
v 0.619058 2.338639 -0.002670
v 0.589887 2.338639 -0.026572
v 0.604473 2.338639 0.011915
v 0.223201 2.579931 -0.026572
v 0.194031 2.603309 -0.002670
v 0.354375 2.581724 -0.026572
v 0.383545 2.606224 -0.002670
v 0.285417 2.593818 -0.026572
v 0.284733 2.623553 -0.002670
v 0.459202 2.582076 -0.026572
v 0.430032 2.605871 -0.002670
v 0.589887 2.579588 -0.026572
v 0.619058 2.603652 -0.002670
v 0.516430 2.593813 -0.026572
v 0.516266 2.623558 -0.002670
v 0.155560 2.668295 -0.004080
v 0.155560 2.668295 0.035924
v 0.187364 2.581271 -0.004080
v 0.187364 2.581271 0.035924
v 0.187364 2.668295 -0.004080
v 0.187364 2.668295 0.035924
v 0.155560 2.525208 -0.004080
v 0.187364 2.525208 -0.004080
v 0.622681 2.581271 -0.004080
v 0.622681 2.581271 0.035924
v 0.189455 2.673131 0.047672
v 0.189455 2.673131 0.001296
v 0.153469 2.673131 0.047672
v 0.153469 2.673131 0.001296
v 0.189455 2.759925 0.047672
v 0.189455 2.759925 0.001296
v 0.153469 2.759925 0.047672
v 0.153469 2.759925 0.001296
v 0.187364 2.534103 0.018240
v 0.187364 2.525208 0.005406
v 0.155560 2.525208 0.005406
v 0.155560 2.534103 0.018240
v 0.622681 2.668295 -0.004080
v 0.622681 2.668295 0.035924
v 0.654485 2.581271 -0.004080
v 0.654485 2.581271 0.035924
v 0.654485 2.668295 -0.004080
v 0.654485 2.668295 0.035924
v 0.622681 2.525208 -0.004080
v 0.654485 2.525208 -0.004080
v 0.656576 2.673131 0.047672
v 0.656576 2.673131 0.001296
v 0.620590 2.673131 0.047672
v 0.620590 2.673131 0.001296
v 0.656576 2.759925 0.047672
v 0.656576 2.759925 0.001296
v 0.620590 2.759925 0.047672
v 0.620590 2.759925 0.001296
v 0.654485 2.534103 0.018240
v 0.654485 2.525208 0.005406
v 0.622681 2.525208 0.005406
v 0.622681 2.534103 0.018240
v 0.821962 2.847941 -0.002670
v -0.009255 2.847941 -0.002670
v -0.009255 2.713365 0.085286
v 0.821962 2.713365 0.085286
v -0.009255 2.847941 0.085286
v 0.821962 2.847941 0.085286
v 0.821983 2.994740 -0.002670
v 0.821983 2.994740 0.026511
v 0.821983 3.045218 0.026511
v 0.197483 2.493113 -0.014451
v 0.197483 2.493113 0.014515
v 0.197483 2.522079 -0.014451
v 0.197483 2.522079 0.014515
v 0.241758 2.520978 -0.029929
v 0.212831 2.520978 -0.031424
v 0.212831 2.492013 -0.031424
v 0.241758 2.492013 -0.029929
v 0.212453 2.458466 -0.024723
v 0.197105 2.459566 -0.012201
v 0.241380 2.458466 -0.023621
v 0.197105 2.459566 0.009169
v 0.212765 2.491974 -0.025125
v 0.241692 2.491974 -0.024023
v 0.197417 2.493074 -0.012603
v 0.197417 2.493074 0.008767
v 0.822414 2.493093 -0.013527
v 0.822414 2.493113 0.014515
v 0.822414 2.522079 -0.014451
v 0.822414 2.522079 0.014515
v 0.619542 2.493113 -0.014451
v 0.619542 2.493113 0.014515
v 0.619542 2.522079 -0.014451
v 0.619542 2.522079 0.014515
v 0.575267 2.520978 -0.029929
v 0.604194 2.520978 -0.031424
v 0.604194 2.492013 -0.031424
v 0.575267 2.492013 -0.029929
v 0.604572 2.458466 -0.024723
v 0.822414 2.459566 -0.012201
v 0.619920 2.459566 -0.012201
v 0.575645 2.458466 -0.023621
v 0.822414 2.459566 0.009169
v 0.619920 2.459566 0.009169
v 0.604260 2.491974 -0.025125
v 0.575333 2.491974 -0.024023
v 0.619608 2.493074 -0.012603
v 0.619608 2.493074 0.008767
v 0.822414 2.493074 0.008767
v 1.653244 3.045218 -0.002670
v 0.822005 2.278845 -0.002670
v 1.653222 2.280066 -0.002670
v 0.822005 2.338639 -0.002670
v 1.653222 2.338639 -0.002670
v 1.458919 2.279781 -0.002670
v 1.458919 2.338639 -0.002670
v 1.015961 2.279130 -0.002670
v 1.015961 2.338639 -0.002670
v 0.822005 2.608685 -0.002670
v 1.653222 2.608685 -0.002670
v 1.039877 2.608685 -0.002670
v 0.986821 2.581271 0.035924
v 1.200221 2.608685 -0.002670
v 0.986821 2.581271 -0.004080
v 1.275878 2.608685 -0.002670
v 1.653222 2.629979 0.010849
v 1.435733 2.608685 -0.002670
v 0.822005 2.629979 0.010849
v 1.015961 2.279130 0.027483
v 1.458919 2.279781 0.027483
v 1.435733 2.338639 0.027483
v 1.458919 2.338639 0.027483
v 1.015961 2.338639 0.027483
v 1.039877 2.338639 0.027483
v 1.200221 2.338639 0.027483
v 1.275878 2.338639 0.027483
v 1.653222 2.713365 0.010849
v 0.822005 2.713365 0.010849
v 1.653222 2.713365 -0.002670
v 0.822005 2.713365 -0.002670
v 1.653222 2.629979 -0.002670
v 0.822005 2.629979 -0.002670
v 1.054462 2.338639 -0.026572
v 1.025292 2.338639 -0.002670
v 1.039877 2.338639 0.011915
v 1.214806 2.338639 -0.002670
v 1.185635 2.338639 -0.026572
v 1.200221 2.338639 0.011915
v 1.290463 2.338639 -0.026572
v 1.261292 2.338639 -0.002670
v 1.275878 2.338639 0.011915
v 1.450318 2.338639 -0.002670
v 1.421148 2.338639 -0.026572
v 1.435733 2.338639 0.011915
v 1.054462 2.579931 -0.026572
v 1.025292 2.603309 -0.002670
v 1.185635 2.581724 -0.026572
v 1.214806 2.606224 -0.002670
v 1.116677 2.593818 -0.026572
v 1.115994 2.623553 -0.002670
v 1.290463 2.582076 -0.026572
v 1.261293 2.605871 -0.002670
v 1.421148 2.579588 -0.026572
v 1.450318 2.603652 -0.002670
v 1.347690 2.593813 -0.026572
v 1.347526 2.623558 -0.002670
v 0.986821 2.668295 -0.004080
v 0.986821 2.668295 0.035924
v 1.018625 2.581271 -0.004080
v 1.018625 2.581271 0.035924
v 1.018625 2.668295 -0.004080
v 1.018625 2.668295 0.035924
v 0.986821 2.525208 -0.004080
v 1.018625 2.525208 -0.004080
v 1.453941 2.581271 -0.004080
v 1.453941 2.581271 0.035924
v 1.020716 2.673131 0.047672
v 1.020716 2.673131 0.001296
v 0.984730 2.673131 0.047672
v 0.984730 2.673131 0.001296
v 1.020716 2.759925 0.047672
v 1.020716 2.759925 0.001296
v 0.984730 2.759925 0.047672
v 0.984730 2.759925 0.001296
v 1.018625 2.534103 0.018240
v 1.018625 2.525208 0.005406
v 0.986821 2.525208 0.005406
v 0.986821 2.534103 0.018240
v 1.453941 2.668295 -0.004080
v 1.453941 2.668295 0.035924
v 1.485746 2.581271 -0.004080
v 1.485746 2.581271 0.035924
v 1.485746 2.668295 -0.004080
v 1.485746 2.668295 0.035924
v 1.453941 2.525208 -0.004080
v 1.485746 2.525208 -0.004080
v 1.487836 2.673131 0.047672
v 1.487836 2.673131 0.001296
v 1.451851 2.673131 0.047672
v 1.451851 2.673131 0.001296
v 1.487836 2.759925 0.047672
v 1.487836 2.759925 0.001296
v 1.451851 2.759925 0.047672
v 1.451851 2.759925 0.001296
v 1.485746 2.534103 0.018240
v 1.485746 2.525208 0.005406
v 1.453941 2.525208 0.005406
v 1.453941 2.534103 0.018240
v 1.653222 2.847941 -0.002670
v 0.822005 2.847941 -0.002670
v 0.822005 2.713365 0.085286
v 1.653222 2.713365 0.085286
v 0.822005 2.847941 0.085286
v 1.653222 2.847941 0.085286
v 1.653244 2.994740 -0.002670
v 1.653244 2.994740 0.026511
v 1.653244 3.045218 0.026511
v 1.028744 2.493113 -0.014451
v 1.028744 2.493113 0.014515
v 1.028744 2.522079 -0.014451
v 1.028744 2.522079 0.014515
v 1.073019 2.520978 -0.029929
v 1.044092 2.520978 -0.031424
v 1.044092 2.492013 -0.031424
v 1.073019 2.492013 -0.029929
v 1.043714 2.458466 -0.024723
v 1.028365 2.459566 -0.012201
v 1.072641 2.458466 -0.023621
v 1.028365 2.459566 0.009169
v 1.044026 2.491974 -0.025125
v 1.072953 2.491974 -0.024023
v 1.028678 2.493074 -0.012603
v 1.028678 2.493074 0.008767
v 1.653675 2.493093 -0.013527
v 1.653675 2.493113 0.014515
v 1.653675 2.522079 -0.014451
v 1.653675 2.522079 0.014515
v 1.450802 2.493113 -0.014451
v 1.450802 2.493113 0.014515
v 1.450802 2.522079 -0.014451
v 1.450802 2.522079 0.014515
v 1.406528 2.520978 -0.029929
v 1.435454 2.520978 -0.031424
v 1.435454 2.492013 -0.031424
v 1.406528 2.492013 -0.029929
v 1.435833 2.458466 -0.024723
v 1.653675 2.459566 -0.012201
v 1.451181 2.459566 -0.012201
v 1.406906 2.458466 -0.023621
v 1.653675 2.459566 0.009169
v 1.451181 2.459566 0.009169
v 1.435520 2.491974 -0.025125
v 1.406593 2.491974 -0.024023
v 1.450869 2.493074 -0.012603
v 1.450869 2.493074 0.008767
v 1.653675 2.493074 0.008767
v 2.484483 3.045218 -0.002670
v 1.653266 2.278845 -0.002670
v 2.484483 2.280066 -0.002670
v 1.653266 2.338639 -0.002670
v 2.484483 2.338639 -0.002670
v 2.290180 2.279781 -0.002670
v 2.290179 2.338639 -0.002670
v 1.847221 2.279130 -0.002670
v 1.847221 2.338639 -0.002670
v 1.653266 2.608685 -0.002670
v 2.484483 2.608685 -0.002670
v 1.871137 2.608685 -0.002670
v 1.818081 2.581271 0.035924
v 2.031481 2.608685 -0.002670
v 1.818081 2.581271 -0.004080
v 2.107138 2.608685 -0.002670
v 2.484483 2.629979 0.010849
v 2.266994 2.608685 -0.002670
v 1.653266 2.629979 0.010849
v 1.847221 2.279130 0.027483
v 2.290180 2.279781 0.027483
v 2.266994 2.338639 0.027483
v 2.290179 2.338639 0.027483
v 1.847221 2.338639 0.027483
v 1.871138 2.338639 0.027483
v 2.031481 2.338639 0.027483
v 2.107138 2.338639 0.027483
v 2.484483 2.713365 0.010849
v 1.653266 2.713365 0.010849
v 2.484483 2.713365 -0.002670
v 1.653266 2.713365 -0.002670
v 2.484483 2.629979 -0.002670
v 1.653266 2.629979 -0.002670
v 1.885723 2.338639 -0.026572
v 1.856552 2.338639 -0.002670
v 1.871138 2.338639 0.011915
v 2.046066 2.338639 -0.002670
v 2.016896 2.338639 -0.026572
v 2.031481 2.338639 0.011915
v 2.121723 2.338639 -0.026572
v 2.092553 2.338639 -0.002670
v 2.107138 2.338639 0.011915
v 2.281579 2.338639 -0.002670
v 2.252409 2.338639 -0.026572
v 2.266994 2.338639 0.011915
v 1.885723 2.579931 -0.026572
v 1.856552 2.603309 -0.002670
v 2.016896 2.581724 -0.026572
v 2.046067 2.606224 -0.002670
v 1.947938 2.593818 -0.026572
v 1.947254 2.623553 -0.002670
v 2.121724 2.582076 -0.026572
v 2.092553 2.605871 -0.002670
v 2.252409 2.579588 -0.026572
v 2.281579 2.603652 -0.002670
v 2.178951 2.593813 -0.026572
v 2.178787 2.623558 -0.002670
v 1.818081 2.668295 -0.004080
v 1.818081 2.668295 0.035924
v 1.849886 2.581271 -0.004080
v 1.849886 2.581271 0.035924
v 1.849886 2.668295 -0.004080
v 1.849886 2.668295 0.035924
v 1.818081 2.525208 -0.004080
v 1.849886 2.525208 -0.004080
v 2.285202 2.581271 -0.004080
v 2.285202 2.581271 0.035924
v 1.851977 2.673131 0.047672
v 1.851977 2.673131 0.001296
v 1.815991 2.673131 0.047672
v 1.815991 2.673131 0.001296
v 1.851977 2.759925 0.047672
v 1.851977 2.759925 0.001296
v 1.815991 2.759925 0.047672
v 1.815991 2.759925 0.001296
v 1.849886 2.534103 0.018240
v 1.849886 2.525208 0.005406
v 1.818081 2.525208 0.005406
v 1.818081 2.534103 0.018240
v 2.285202 2.668295 -0.004080
v 2.285202 2.668295 0.035924
v 2.317006 2.581271 -0.004080
v 2.317006 2.581271 0.035924
v 2.317006 2.668295 -0.004080
v 2.317006 2.668295 0.035924
v 2.285202 2.525208 -0.004080
v 2.317006 2.525208 -0.004080
v 2.319097 2.673131 0.047672
v 2.319097 2.673131 0.001296
v 2.283111 2.673131 0.047672
v 2.283111 2.673131 0.001296
v 2.319097 2.759925 0.047672
v 2.319097 2.759925 0.001296
v 2.283111 2.759925 0.047672
v 2.283111 2.759925 0.001296
v 2.317006 2.534103 0.018240
v 2.317006 2.525208 0.005406
v 2.285202 2.525208 0.005406
v 2.285202 2.534103 0.018240
v 2.484483 2.847941 -0.002670
v 1.653266 2.847941 -0.002670
v 1.653266 2.713365 0.085286
v 2.484483 2.713365 0.085286
v 1.653266 2.847941 0.085286
v 2.484483 2.847941 0.085286
v 2.484483 2.994740 -0.002670
v 2.484483 2.994740 0.026511
v 2.484483 3.045218 0.026511
v 1.860005 2.493113 -0.014451
v 1.860005 2.493113 0.014515
v 1.860005 2.522079 -0.014451
v 1.860005 2.522079 0.014515
v 1.904280 2.520978 -0.029929
v 1.875353 2.520978 -0.031424
v 1.875353 2.492013 -0.031424
v 1.904280 2.492013 -0.029929
v 1.874974 2.458466 -0.024723
v 1.859626 2.459566 -0.012201
v 1.903901 2.458466 -0.023621
v 1.859626 2.459566 0.009169
v 1.875287 2.491974 -0.025125
v 1.904214 2.491974 -0.024023
v 1.859938 2.493074 -0.012603
v 1.859938 2.493074 0.008767
v 2.484148 2.493113 -0.014451
v 2.484148 2.493113 0.014515
v 2.484148 2.522079 -0.014451
v 2.484148 2.522079 0.014515
v 2.282063 2.493113 -0.014451
v 2.282063 2.493113 0.014515
v 2.282063 2.522079 -0.014451
v 2.282063 2.522079 0.014515
v 2.237788 2.520978 -0.029929
v 2.266715 2.520978 -0.031424
v 2.266715 2.492013 -0.031424
v 2.237788 2.492013 -0.029929
v 2.267094 2.458466 -0.024723
v 2.484527 2.459566 -0.012201
v 2.282442 2.459566 -0.012201
v 2.238166 2.458466 -0.023621
v 2.484527 2.459566 0.009169
v 2.282442 2.459566 0.009169
v 2.266781 2.491974 -0.025125
v 2.237854 2.491974 -0.024023
v 2.282129 2.493074 -0.012603
v 2.282129 2.493074 0.008767
v 2.484214 2.493074 0.008767
v 2.484214 2.493074 -0.012603
vn -0.0000 -0.0000 1.0000
vn -0.0000 -0.7122 0.7019
vn -0.3996 0.5651 0.7218
vn -0.5090 -0.0129 0.8607
vn -0.4453 -0.1046 0.8893
vn -0.2554 -0.2378 0.9372
vn -0.0579 -0.2770 0.9591
vn 0.1398 -0.2787 0.9501
vn 0.3415 -0.1692 0.9245
vn 0.4883 -0.0315 0.8721
vn 0.3791 0.5691 0.7297
vn -0.0000 -0.7160 0.6981
vn -0.0000 0.7019 0.7122
vn -0.5719 0.5717 0.5884
vn -0.6236 0.1560 0.7660
vn -0.0002 -0.0047 1.0000
vn -0.0452 0.5919 0.8048
vn -0.0808 0.5919 0.8020
vn -0.0001 -0.0052 1.0000
vn -0.0002 -0.0235 0.9997
vn -0.0004 -0.0268 0.9996
vn -0.5322 0.5492 0.6443
vn 0.6306 0.1471 0.7620
vn 0.5719 0.5716 0.5884
vn -0.5774 -0.5774 0.5773
vn -0.7319 0.1832 0.6563
vn 0.3271 0.6614 0.6749
vn -0.0236 0.8039 0.5943
vn -0.4016 0.6028 0.6894
vn 0.3166 0.6761 0.6653
vn 0.5779 0.4832 0.6577
vn 0.2316 -0.5829 0.7789
vn 0.5496 -0.3776 0.7452
vn 0.5307 0.7375 0.4177
vn -0.5227 0.7272 0.4449
vn -0.3738 0.5647 0.7357
vn 0.4091 0.5586 0.7216
vn -0.4775 -0.0680 0.8760
vn -0.2330 -0.2162 0.9481
vn -0.1032 -0.2777 0.9551
vn 0.0697 -0.2818 0.9569
vn 0.2802 -0.2306 0.9318
vn 0.4905 -0.0772 0.8680
vn 0.5178 -0.0057 0.8555
vn -0.6405 -0.2442 0.7281
vn 0.8039 -0.0299 0.5941
vn -0.1106 -0.6184 0.7780
vn 0.6793 -0.2286 0.6974
vn -0.4045 -0.5022 0.7643
vn 0.4334 -0.4852 0.7595
vn -0.6533 -0.2625 0.7101
vn 0.1252 -0.6168 0.7771
vn -0.7776 -0.0651 0.6253
vn 0.5242 0.7312 0.4365
vn -0.5299 0.7355 0.4221
vn -0.1881 -0.6003 0.7774
vn 0.7164 -0.1413 0.6832
vn -0.4398 -0.4776 0.7606
vn -0.0581 0.7730 0.6317
vn 0.3176 -0.6245 0.7135
vn 0.3156 -0.6259 0.7131
vn -0.3163 -0.6254 0.7133
vn -0.1032 0.7668 0.6335
vn 0.4014 -0.0653 0.9136
vn 0.3397 -0.2210 0.9142
vn 0.1510 -0.3690 0.9171
vn -0.0730 -0.3996 0.9138
vn -0.2586 -0.3079 0.9156
vn -0.3817 -0.1387 0.9138
vn -0.4053 -0.0268 0.9138
vn 0.4050 -0.0117 0.9142
vn 0.3894 -0.1142 0.9140
vn 0.2749 -0.2937 0.9155
vn 0.0830 -0.3968 0.9141
vn -0.1230 -0.3846 0.9148
vn -0.2789 -0.2961 0.9135
vn -0.3808 -0.1266 0.9160
vn -0.3162 -0.6256 0.7132
vn 0.5774 -0.5774 0.5774
vn 0.7322 0.1708 0.6594
vn -0.0000 0.6981 0.7160
vn 0.0001 0.7011 0.7130
vn 0.0001 0.6981 0.7160
vn -0.0001 0.6981 0.7160
vn -0.0001 0.7012 0.7130
vn -0.0448 0.5958 0.8019
vn -0.0802 0.5958 0.7991
vn 0.6307 0.1471 0.7620
vn -0.5774 -0.5774 0.5774
vn -0.5719 0.5716 0.5884
vn 0.5719 0.5717 0.5884
vn 0.4090 0.5586 0.7216
vn 0.3791 0.5691 0.7296
vn -0.0000 -0.0057 1.0000
vn -0.0450 0.5911 0.8054
vn -0.0806 0.5911 0.8026
vn -0.0000 -0.0203 0.9998
vn -0.2554 -0.2378 0.9371
vn 0.5773 -0.5774 0.5774
vn 0.0001 -0.0052 1.0000
vn 0.0002 -0.0235 0.9997
vn 0.0002 -0.0047 1.0000
vn -0.0447 0.5919 0.8048
vn -0.0802 0.5919 0.8020
vn 0.0004 -0.0270 0.9996
vn -0.5300 0.7355 0.4221
vn -0.4453 -0.1046 0.8892
vn 0.3156 -0.6260 0.7131
vn -0.0000 1.0000 -0.0000
vn -0.0000 0.7074 0.7068
vn 0.5774 0.5774 0.5774
vn 0.7071 0.7071 -0.0000
vn 0.5813 -0.5740 -0.5768
vn 0.3015 -0.9045 0.3015
vn 0.7071 -0.0000 0.7071
vn 1.0000 -0.0000 -0.0000
vn -0.0000 -0.7043 0.7099
vn 0.3015 0.9045 0.3015
vn -0.0000 0.7043 0.7099
vn -0.0000 0.7099 0.7043
vn 0.5813 0.5740 -0.5768
vn -0.0000 -0.7099 0.7043
vn 0.5773 -0.5773 0.5774
vn 0.5794 0.5778 -0.5749
vn 0.5794 -0.5778 -0.5749
vn -0.7071 0.7071 -0.0000
vn -0.5774 0.5774 0.5774
vn -0.5813 -0.5740 -0.5768
vn -1.0000 -0.0000 -0.0000
vn -0.7071 -0.0000 0.7071
vn -0.3015 -0.9045 0.3015
vn -0.3015 0.9045 0.3015
vn -0.5773 0.5773 0.5774
vn -0.5813 0.5740 -0.5768
vn -0.5773 -0.5773 0.5774
vn -0.5794 0.5778 -0.5749
vn -0.5794 -0.5778 -0.5749
vn -0.0002 -0.0220 0.9998
vn 0.2994 -0.3256 0.8968
vn -0.2989 -0.3254 0.8971
vn -0.5770 -0.5778 0.5773
vn 0.5777 -0.5769 0.5774
vn -0.0000 0.7071 0.7071
vn -0.3015 0.3015 0.9045
vn -0.0001 -0.0000 -1.0000
vn -0.2168 -0.1821 0.9591
vn -0.2058 0.7913 0.5758
vn 0.2058 0.7913 0.5758
vn 0.2221 -0.1812 0.9580
vn -0.0000 -0.0000 -1.0000
vn 0.3015 0.3015 0.9045
vn -0.2941 -0.2426 0.9245
vn 0.0020 -0.3680 0.9298
vn 0.2958 -0.2413 0.9243
vn 0.2590 0.6386 0.7246
vn -0.2590 0.6386 0.7246
vn 0.0018 -0.3333 0.9428
vn 0.0077 -0.3328 0.9430
vn -0.2030 -0.1674 0.9648
vn 0.2082 -0.1669 0.9637
vn -0.2913 -0.2447 0.9248
vn 0.0085 -0.3679 0.9298
vn 0.2985 -0.2392 0.9239
vn 0.5773 -0.5775 0.5773
vn -0.0000 -1.0000 -0.0000
vn -0.6691 -0.1326 0.7313
vn -0.7590 -0.5006 0.4163
vn -0.8127 0.3808 -0.4411
vn -0.6062 -0.4549 0.6523
vn -0.9745 0.0050 -0.2245
vn 0.8127 0.3808 -0.4411
vn 0.7590 -0.5006 0.4163
vn 0.6691 -0.1326 0.7313
vn -0.7071 -0.7071 -0.0000
vn -0.6457 -0.7288 0.2279
vn -0.6457 -0.4692 0.6024
vn 0.6457 -0.4692 0.6024
vn -0.7590 -0.5007 0.4163
vn 0.6457 -0.7288 0.2279
vn 0.7071 -0.7071 -0.0000
vn 0.6062 -0.4549 0.6523
vn 0.9745 0.0051 -0.2245
vn 0.7590 -0.5007 0.4163
vn 0.9745 0.0050 -0.2245
vn -0.0000 -0.7071 0.7071
vn -0.3213 -0.9098 -0.2627
vn -0.2549 0.9341 -0.2500
vn -0.2933 0.6132 -0.7334
vn -0.3059 -0.6225 -0.7203
vn 0.2999 0.6332 0.7136
vn 0.7796 -0.6257 0.0267
vn 0.4195 -0.3300 0.8456
vn 0.4590 -0.1528 0.8752
vn 0.8520 -0.2710 0.4480
vn -0.0031 -0.7047 0.7095
vn -0.8504 0.3103 0.4249
vn 0.7870 0.5402 -0.2979
vn -0.0136 -0.9997 -0.0218
vn -0.2677 -0.6402 -0.7200
vn -0.8480 0.3030 -0.4348
vn -0.2309 -0.7830 -0.5776
vn -0.2183 -0.7916 -0.5707
vn 0.2360 -0.6353 0.7354
vn -0.5796 -0.5718 0.5806
vn -0.5809 -0.5780 -0.5731
vn -0.2539 -0.6502 -0.7161
vn 0.7928 -0.5574 -0.2463
vn 0.3216 -0.9096 -0.2630
vn 0.3059 -0.6225 -0.7203
vn 0.2933 0.6132 -0.7334
vn 0.2549 0.9341 -0.2500
vn -0.2999 0.6332 0.7136
vn -0.7796 -0.6257 0.0270
vn -0.8516 -0.2706 0.4489
vn -0.4584 -0.1525 0.8756
vn -0.4193 -0.3299 0.8458
vn 0.3302 -0.6611 0.6737
vn 0.0014 -0.7047 0.7095
vn -0.7870 0.5402 -0.2979
vn -0.4375 -0.0283 -0.8988
vn 0.2661 -0.6430 -0.7181
vn 0.2308 -0.7830 -0.5776
vn 0.2168 -0.7934 -0.5687
vn -0.3370 -0.6743 -0.6571
vn -0.3329 -0.6628 0.6708
vn -0.2360 -0.6353 0.7354
vn 0.2539 -0.6502 -0.7161
vn -0.7928 -0.5574 -0.2463
vn -0.0000 -0.0146 0.9999
vn 0.3004 -0.3176 0.8994
vn -0.2995 -0.3175 0.8997
vn -0.0000 -0.0147 0.9999
vn -0.5773 0.5774 0.5774
vn -0.5773 -0.5775 0.5773
vn -0.5773 -0.5774 0.5774
vn -0.9745 0.0051 -0.2245
vn -0.3216 -0.9096 -0.2629
vn 0.7795 -0.6258 0.0271
vn 0.4192 -0.3299 0.8458
vn 0.4582 -0.1525 0.8756
vn 0.8514 -0.2708 0.4492
vn -0.2662 -0.6430 -0.7181
vn -0.2308 -0.7830 -0.5776
vn -0.2168 -0.7934 -0.5687
vn -0.7798 -0.6254 0.0268
vn -0.8520 -0.2694 0.4489
vn -0.4584 -0.1517 0.8757
vn -0.4193 -0.3296 0.8459
vn 0.3307 -0.6597 0.6748
vn -0.5774 0.5774 0.5773
vn 0.7798 -0.6254 0.0268
vn 0.4192 -0.3295 0.8460
vn 0.4582 -0.1515 0.8758
vn 0.8519 -0.2691 0.4492
vn -0.7797 -0.6256 0.0269
vn -0.8518 -0.2699 0.4489
vn -0.4584 -0.1521 0.8756
vn -0.4193 -0.3297 0.8458
vn 0.3297 -0.6624 0.6727
vn -0.3328 -0.6628 0.6708
vn -0.0001 -0.0000 1.0000
vn -0.3059 -0.6225 -0.7204
vn 0.7799 -0.6253 0.0264
vn 0.4196 -0.3297 0.8457
vn 0.4589 -0.1520 0.8754
vn 0.8524 -0.2696 0.4479
vn 0.3216 -0.9096 -0.2629
vn -0.7797 -0.6255 0.0268
vn -0.8520 -0.2700 0.4487
vn -0.4585 -0.1521 0.8756
vn -0.4194 -0.3298 0.8458
vn -0.2661 -0.6430 -0.7181
vn 0.2360 -0.6353 0.7353
vn -0.7796 -0.6257 0.0269
vn -0.8518 -0.2705 0.4487
vn -0.4586 -0.1524 0.8755
vn -0.4194 -0.3299 0.8458
vn 0.0002 -0.0217 0.9998
vn 0.2999 -0.3255 0.8967
vn -0.2985 -0.3255 0.8972
vn 0.0002 -0.0222 0.9998
vn 0.5773 0.5774 0.5774
vn 0.7793 -0.6261 0.0269
vn 0.4195 -0.3304 0.8455
vn 0.4590 -0.1538 0.8750
vn 0.8514 -0.2726 0.4480
vn 0.3213 -0.9098 -0.2627
vn -0.7805 -0.6246 0.0261
vn -0.8533 -0.2668 0.4479
vn -0.4589 -0.1502 0.8757
vn -0.4196 -0.3291 0.8460
vn 0.6314 0.4541 0.6286
vn 0.0031 -0.7047 0.7095
vn 0.0136 -0.9997 -0.0217
vn 0.6287 0.4414 -0.6403
vn 0.2677 -0.6402 -0.7200
vn 0.2183 -0.7916 -0.5707
vn -0.0000 -0.7134 -0.7008
vn -0.0000 -0.7050 0.7092
vt 0.010776 0.506490
vt 0.174226 0.506490
vt 0.010160 0.737569
vt 0.009909 0.737543
vt 0.173756 0.737543
vt 0.010743 0.518756
vt 0.174207 0.518756
vt 0.010704 0.533620
vt 0.010704 0.525762
vt 0.174183 0.533620
vt 0.174183 0.525762
vt 0.010316 0.678985
vt 0.173950 0.678985
vt 0.043754 0.533620
vt 0.043754 0.525762
vt 0.043398 0.678985
vt 0.144893 0.533620
vt 0.144893 0.525762
vt 0.144632 0.678985
vt 0.144693 0.645386
vt 0.067313 0.678985
vt 0.110501 0.678985
vt 0.043483 0.644240
vt 0.050184 0.665036
vt 0.084612 0.669916
vt 0.093359 0.659893
vt 0.102158 0.671347
vt 0.130329 0.671029
vt 0.140774 0.658365
vt 0.057119 0.533607
vt 0.057119 0.525645
vt 0.085346 0.533607
vt 0.085346 0.525646
vt 0.056113 0.631931
vt 0.058983 0.645611
vt 0.065152 0.655156
vt 0.073278 0.655474
vt 0.080447 0.650701
vt 0.084339 0.640521
vt 0.085530 0.626842
vt 0.103133 0.533607
vt 0.103133 0.525646
vt 0.131360 0.533607
vt 0.131360 0.525646
vt 0.102754 0.623662
vt 0.103302 0.639248
vt 0.106956 0.650065
vt 0.114683 0.656111
vt 0.120875 0.655792
vt 0.126110 0.650065
vt 0.131550 0.638294
vt 0.060299 0.534325
vt 0.060299 0.534568
vt 0.084293 0.534325
vt 0.084293 0.534568
vt 0.059432 0.623521
vt 0.061870 0.635895
vt 0.067113 0.644530
vt 0.074019 0.644818
vt 0.080114 0.640500
vt 0.083423 0.631290
vt 0.084437 0.618917
vt 0.105862 0.534974
vt 0.105862 0.534640
vt 0.129856 0.534975
vt 0.129856 0.534640
vt 0.105530 0.616111
vt 0.105995 0.630211
vt 0.109099 0.639997
vt 0.115667 0.645465
vt 0.120930 0.645178
vt 0.125381 0.639996
vt 0.130006 0.629348
vt 0.144421 0.533461
vt 0.144220 0.645418
vt 0.043109 0.533461
vt 0.042837 0.644271
vt 0.049550 0.665102
vt 0.066708 0.679075
vt 0.084036 0.669990
vt 0.092799 0.659950
vt 0.101612 0.671424
vt 0.109969 0.679075
vt 0.129832 0.671105
vt 0.140295 0.658420
vt 0.132777 0.533461
vt 0.054676 0.533461
vt 0.053661 0.632442
vt 0.056793 0.647370
vt 0.063826 0.658253
vt 0.073068 0.658615
vt 0.081173 0.653219
vt 0.085608 0.641618
vt 0.086876 0.627046
vt 0.086691 0.533461
vt 0.100762 0.533461
vt 0.100380 0.623746
vt 0.100957 0.640157
vt 0.105114 0.652463
vt 0.113801 0.659259
vt 0.120991 0.658890
vt 0.126945 0.652376
vt 0.132970 0.639338
vt 0.009822 0.533353
vt 0.009822 0.523348
vt 0.009862 0.518457
vt 0.173677 0.518457
vt 0.173653 0.533353
vt 0.173653 0.523349
vt 0.144300 0.533353
vt 0.144300 0.523349
vt 0.042944 0.533353
vt 0.042944 0.523348
vt 0.130738 0.533340
vt 0.130738 0.523231
vt 0.056337 0.533340
vt 0.056337 0.523231
vt 0.084625 0.533340
vt 0.084625 0.523231
vt 0.102450 0.533340
vt 0.102450 0.523231
vt 0.009984 0.273366
vt 0.173190 0.273366
vt 0.009370 0.503753
vt 0.172820 0.503753
vt 0.009952 0.285596
vt 0.173170 0.285596
vt 0.009912 0.300416
vt 0.009912 0.295279
vt 0.173146 0.300416
vt 0.173146 0.295279
vt 0.009525 0.445345
vt 0.172914 0.445345
vt 0.042913 0.300416
vt 0.042913 0.295279
vt 0.042558 0.445345
vt 0.143901 0.300416
vt 0.143901 0.295279
vt 0.143641 0.445345
vt 0.143701 0.411846
vt 0.066438 0.445345
vt 0.109560 0.445345
vt 0.042643 0.410704
vt 0.049334 0.431438
vt 0.083710 0.436302
vt 0.092444 0.426309
vt 0.101229 0.437730
vt 0.129359 0.437413
vt 0.139788 0.424787
vt 0.056258 0.300371
vt 0.056258 0.295094
vt 0.084443 0.300371
vt 0.084443 0.295094
vt 0.055254 0.398400
vt 0.058119 0.412039
vt 0.064279 0.421555
vt 0.072393 0.421872
vt 0.079552 0.417114
vt 0.083438 0.406963
vt 0.084626 0.393326
vt 0.102203 0.300371
vt 0.102203 0.295094
vt 0.130388 0.300371
vt 0.130388 0.295094
vt 0.101825 0.390155
vt 0.102372 0.405695
vt 0.106020 0.416480
vt 0.113736 0.422507
vt 0.119919 0.422190
vt 0.125146 0.416480
vt 0.130578 0.404743
vt 0.059432 0.301631
vt 0.059432 0.301955
vt 0.083390 0.301631
vt 0.083390 0.301955
vt 0.058567 0.390641
vt 0.061001 0.402979
vt 0.066236 0.411588
vt 0.073132 0.411875
vt 0.079218 0.407570
vt 0.082522 0.398388
vt 0.083534 0.386051
vt 0.104926 0.302027
vt 0.128885 0.302027
vt 0.104596 0.383254
vt 0.105060 0.397312
vt 0.108160 0.407068
vt 0.114717 0.412521
vt 0.119973 0.412234
vt 0.124416 0.407068
vt 0.129034 0.396451
vt 0.143430 0.299863
vt 0.143229 0.411484
vt 0.042270 0.299863
vt 0.041999 0.410340
vt 0.048701 0.431109
vt 0.065834 0.445039
vt 0.083136 0.435982
vt 0.091885 0.425972
vt 0.100685 0.437412
vt 0.109030 0.445039
vt 0.128863 0.437094
vt 0.139310 0.424447
vt 0.131803 0.299863
vt 0.053819 0.299863
vt 0.052807 0.398547
vt 0.055933 0.413430
vt 0.062956 0.424280
vt 0.072184 0.424641
vt 0.080277 0.419261
vt 0.084705 0.407696
vt 0.085971 0.393167
vt 0.085786 0.299863
vt 0.099837 0.299863
vt 0.099455 0.389876
vt 0.100032 0.406239
vt 0.104182 0.418508
vt 0.112856 0.425284
vt 0.120035 0.424915
vt 0.125980 0.418421
vt 0.131996 0.405422
vt 0.009033 0.299654
vt 0.009033 0.292137
vt 0.009073 0.284802
vt 0.172642 0.284802
vt 0.172618 0.299654
vt 0.172618 0.292137
vt 0.143309 0.299654
vt 0.143309 0.292137
vt 0.042105 0.299654
vt 0.042105 0.292137
vt 0.129767 0.299609
vt 0.129767 0.291951
vt 0.055479 0.299609
vt 0.055479 0.291951
vt 0.083724 0.299609
vt 0.083724 0.291951
vt 0.101522 0.299609
vt 0.101522 0.291951
vt 0.010691 0.001939
vt 0.173615 0.001939
vt 0.009984 0.266879
vt 0.173190 0.266879
vt 0.010564 0.049375
vt 0.173539 0.049375
vt 0.010525 0.064150
vt 0.173515 0.064150
vt 0.173515 0.059635
vt 0.010139 0.208646
vt 0.173283 0.208646
vt 0.043477 0.064150
vt 0.043122 0.208646
vt 0.144313 0.064150
vt 0.144313 0.059635
vt 0.144054 0.208646
vt 0.144114 0.175247
vt 0.066966 0.208646
vt 0.110024 0.208646
vt 0.043207 0.174109
vt 0.049888 0.194780
vt 0.084213 0.199630
vt 0.092934 0.189667
vt 0.101706 0.201054
vt 0.129793 0.200738
vt 0.140207 0.188149
vt 0.056802 0.064074
vt 0.056802 0.059446
vt 0.084944 0.064074
vt 0.084944 0.059446
vt 0.055799 0.161810
vt 0.058660 0.175407
vt 0.064811 0.184895
vt 0.072913 0.185212
vt 0.080061 0.180467
vt 0.083941 0.170348
vt 0.085128 0.156751
vt 0.102678 0.064074
vt 0.102678 0.059446
vt 0.130821 0.064074
vt 0.130821 0.059446
vt 0.102300 0.153589
vt 0.102847 0.169083
vt 0.106490 0.179835
vt 0.114194 0.185844
vt 0.120368 0.185528
vt 0.125587 0.179835
vt 0.131010 0.168134
vt 0.059969 0.064879
vt 0.059969 0.066277
vt 0.083891 0.064879
vt 0.083891 0.066277
vt 0.059106 0.154699
vt 0.061536 0.167000
vt 0.066763 0.175583
vt 0.073649 0.175869
vt 0.079726 0.171578
vt 0.083025 0.162423
vt 0.084036 0.150123
vt 0.105396 0.065055
vt 0.105396 0.066349
vt 0.129318 0.065055
vt 0.129318 0.066349
vt 0.105066 0.147334
vt 0.105529 0.161350
vt 0.108625 0.171077
vt 0.115172 0.176513
vt 0.120420 0.176227
vt 0.124857 0.171077
vt 0.129468 0.160492
vt 0.143844 0.063207
vt 0.143644 0.174493
vt 0.042836 0.063207
vt 0.042565 0.173352
vt 0.049258 0.194059
vt 0.066365 0.207948
vt 0.083641 0.198917
vt 0.092377 0.188937
vt 0.101164 0.200343
vt 0.109496 0.207948
vt 0.129299 0.200026
vt 0.139730 0.187417
vt 0.132234 0.063207
vt 0.054367 0.063207
vt 0.053356 0.161595
vt 0.056479 0.176433
vt 0.063491 0.187251
vt 0.072705 0.187610
vt 0.080786 0.182247
vt 0.085207 0.170716
vt 0.086471 0.156231
vt 0.086287 0.063207
vt 0.100316 0.063207
vt 0.099935 0.152950
vt 0.100511 0.169264
vt 0.104655 0.181496
vt 0.113316 0.188251
vt 0.120485 0.187884
vt 0.126421 0.181409
vt 0.132427 0.168449
vt 0.009648 0.062897
vt 0.009688 0.048090
vt 0.173011 0.048090
vt 0.172988 0.062897
vt 0.172988 0.056546
vt 0.143723 0.062897
vt 0.143723 0.056546
vt 0.042671 0.062897
vt 0.130202 0.062820
vt 0.130202 0.056357
vt 0.056025 0.062820
vt 0.056025 0.056357
vt 0.084228 0.062820
vt 0.084228 0.056357
vt 0.101999 0.062820
vt 0.101999 0.056357
vt 0.337677 0.506490
vt 0.337602 0.737543
vt 0.337670 0.518756
vt 0.337662 0.533620
vt 0.337662 0.525762
vt 0.337583 0.678985
vt 0.207234 0.533620
vt 0.207234 0.525762
vt 0.207032 0.678985
vt 0.308373 0.533620
vt 0.308373 0.525762
vt 0.308266 0.678985
vt 0.308291 0.645386
vt 0.230947 0.678985
vt 0.274134 0.678985
vt 0.207080 0.644240
vt 0.213803 0.665036
vt 0.248236 0.669916
vt 0.256973 0.659893
vt 0.265783 0.671347
vt 0.293954 0.671029
vt 0.304386 0.658365
vt 0.220621 0.533607
vt 0.220621 0.525645
vt 0.248848 0.533607
vt 0.248848 0.525646
vt 0.219719 0.631931
vt 0.222604 0.645611
vt 0.228783 0.655156
vt 0.236909 0.655474
vt 0.244074 0.650701
vt 0.247955 0.640521
vt 0.249131 0.626842
vt 0.266635 0.533607
vt 0.266635 0.525646
vt 0.294862 0.533607
vt 0.294862 0.525646
vt 0.266351 0.623662
vt 0.266916 0.639248
vt 0.270581 0.650065
vt 0.278315 0.656111
vt 0.284507 0.655792
vt 0.289736 0.650065
vt 0.295163 0.638294
vt 0.222489 0.534325
vt 0.222489 0.534568
vt 0.246483 0.534325
vt 0.246483 0.534568
vt 0.221717 0.623521
vt 0.224168 0.635895
vt 0.229419 0.644530
vt 0.236326 0.644818
vt 0.242416 0.640500
vt 0.245716 0.631290
vt 0.246716 0.618917
vt 0.268920 0.534974
vt 0.268920 0.534640
vt 0.292914 0.534975
vt 0.292914 0.534640
vt 0.268675 0.616111
vt 0.269154 0.630211
vt 0.272269 0.639997
vt 0.278843 0.645465
vt 0.284106 0.645178
vt 0.288551 0.639996
vt 0.293164 0.629348
vt 0.308180 0.533461
vt 0.308098 0.645418
vt 0.206868 0.533461
vt 0.206714 0.644271
vt 0.213449 0.665102
vt 0.230622 0.679075
vt 0.247941 0.669990
vt 0.256692 0.659950
vt 0.265518 0.671424
vt 0.273883 0.679075
vt 0.293737 0.671105
vt 0.304187 0.658420
vt 0.296536 0.533461
vt 0.218435 0.533461
vt 0.217525 0.632442
vt 0.220673 0.647370
vt 0.227718 0.658253
vt 0.236960 0.658615
vt 0.245059 0.653219
vt 0.249482 0.641618
vt 0.250734 0.627046
vt 0.250450 0.533461
vt 0.264521 0.533461
vt 0.264235 0.623746
vt 0.264830 0.640157
vt 0.268999 0.652463
vt 0.277694 0.659259
vt 0.284884 0.658890
vt 0.290831 0.652376
vt 0.296842 0.639338
vt 0.337491 0.518457
vt 0.337483 0.533353
vt 0.337483 0.523349
vt 0.308131 0.533353
vt 0.308131 0.523349
vt 0.206774 0.533353
vt 0.206774 0.523348
vt 0.294591 0.533340
vt 0.294591 0.523231
vt 0.220191 0.533340
vt 0.220191 0.523231
vt 0.248478 0.533340
vt 0.248478 0.523231
vt 0.266304 0.533340
vt 0.266304 0.523231
vt 0.336395 0.273366
vt 0.336270 0.503753
vt 0.336388 0.285596
vt 0.336380 0.300416
vt 0.336380 0.295279
vt 0.336302 0.445345
vt 0.206147 0.300416
vt 0.206147 0.295279
vt 0.205946 0.445345
vt 0.307135 0.300416
vt 0.307135 0.295279
vt 0.307029 0.445345
vt 0.307053 0.411846
vt 0.229826 0.445345
vt 0.272948 0.445345
vt 0.205994 0.410704
vt 0.212707 0.431438
vt 0.247089 0.436302
vt 0.255812 0.426309
vt 0.264610 0.437730
vt 0.292739 0.437413
vt 0.303155 0.424787
vt 0.219515 0.300371
vt 0.219515 0.295094
vt 0.247700 0.300371
vt 0.247700 0.295094
vt 0.218615 0.398400
vt 0.221495 0.412039
vt 0.227665 0.421555
vt 0.235779 0.421872
vt 0.242933 0.417114
vt 0.246808 0.406963
vt 0.247982 0.393326
vt 0.265460 0.300371
vt 0.265460 0.295094
vt 0.293645 0.300371
vt 0.293645 0.295094
vt 0.265177 0.390155
vt 0.265741 0.405695
vt 0.269401 0.416480
vt 0.277123 0.422507
vt 0.283305 0.422190
vt 0.288527 0.416480
vt 0.293946 0.404743
vt 0.222246 0.301631
vt 0.222246 0.301955
vt 0.246204 0.301631
vt 0.246204 0.301955
vt 0.221475 0.390641
vt 0.223922 0.402979
vt 0.229166 0.411588
vt 0.236063 0.411875
vt 0.242144 0.407570
vt 0.245438 0.398388
vt 0.246438 0.386051
vt 0.267741 0.302027
vt 0.291699 0.302027
vt 0.267496 0.383254
vt 0.267975 0.397312
vt 0.271085 0.407068
vt 0.277649 0.412521
vt 0.282904 0.412234
vt 0.287342 0.407068
vt 0.291949 0.396451
vt 0.306943 0.299863
vt 0.306861 0.411484
vt 0.205783 0.299863
vt 0.205629 0.410340
vt 0.212354 0.431109
vt 0.229502 0.445039
vt 0.246794 0.435982
vt 0.255532 0.425972
vt 0.264345 0.437412
vt 0.272698 0.445039
vt 0.292522 0.437094
vt 0.302956 0.424447
vt 0.295316 0.299863
vt 0.217332 0.299863
vt 0.216425 0.398547
vt 0.219567 0.413430
vt 0.226602 0.424280
vt 0.235830 0.424641
vt 0.243917 0.419261
vt 0.248333 0.407696
vt 0.249584 0.393167
vt 0.249299 0.299863
vt 0.263350 0.299863
vt 0.263064 0.389876
vt 0.263658 0.406239
vt 0.267821 0.418508
vt 0.276502 0.425284
vt 0.283682 0.424915
vt 0.289620 0.418421
vt 0.295622 0.405422
vt 0.336210 0.284802
vt 0.336202 0.299654
vt 0.336202 0.292137
vt 0.306894 0.299654
vt 0.306894 0.292137
vt 0.205690 0.299654
vt 0.205690 0.292137
vt 0.293375 0.299609
vt 0.293375 0.291951
vt 0.219086 0.299609
vt 0.219086 0.291951
vt 0.247331 0.299609
vt 0.247331 0.291951
vt 0.265130 0.299609
vt 0.265130 0.291951
vt 0.336538 0.001939
vt 0.336395 0.266879
vt 0.336513 0.049375
vt 0.336505 0.064150
vt 0.336505 0.059635
vt 0.336427 0.208646
vt 0.206467 0.064150
vt 0.206467 0.059635
vt 0.206266 0.208646
vt 0.307303 0.064150
vt 0.307303 0.059635
vt 0.307197 0.208646
vt 0.307222 0.175247
vt 0.230110 0.208646
vt 0.273168 0.208646
vt 0.206314 0.174109
vt 0.213017 0.194780
vt 0.247347 0.199630
vt 0.256057 0.189667
vt 0.264842 0.201054
vt 0.292928 0.200738
vt 0.303329 0.188149
vt 0.219815 0.064074
vt 0.219815 0.059446
vt 0.247957 0.064074
vt 0.247957 0.059446
vt 0.218916 0.161810
vt 0.221791 0.175407
vt 0.227952 0.184895
vt 0.236054 0.185212
vt 0.243197 0.180467
vt 0.247067 0.170348
vt 0.248239 0.156751
vt 0.265691 0.064074
vt 0.265691 0.059446
vt 0.293833 0.064074
vt 0.293833 0.059446
vt 0.265408 0.153589
vt 0.265971 0.169083
vt 0.269625 0.179835
vt 0.277336 0.185844
vt 0.283509 0.185528
vt 0.288723 0.179835
vt 0.294134 0.168134
vt 0.222540 0.064879
vt 0.222540 0.066277
vt 0.246463 0.064879
vt 0.246463 0.066277
vt 0.221771 0.154699
vt 0.224214 0.167000
vt 0.229451 0.175583
vt 0.236337 0.175869
vt 0.242409 0.171578
vt 0.245698 0.162423
vt 0.246696 0.150123
vt 0.267967 0.065055
vt 0.267967 0.066349
vt 0.291890 0.065055
vt 0.291890 0.066349
vt 0.267723 0.147334
vt 0.268201 0.161350
vt 0.271307 0.171077
vt 0.277861 0.176513
vt 0.283108 0.176227
vt 0.287540 0.171077
vt 0.292139 0.160492
vt 0.307112 0.063207
vt 0.307030 0.174493
vt 0.206103 0.063207
vt 0.205950 0.173352
vt 0.212665 0.194059
vt 0.229787 0.207948
vt 0.247053 0.198917
vt 0.255778 0.188937
vt 0.264578 0.200343
vt 0.272918 0.207948
vt 0.292712 0.200026
vt 0.303131 0.187417
vt 0.295502 0.063207
vt 0.217635 0.063207
vt 0.216729 0.161595
vt 0.219867 0.176433
vt 0.226891 0.187251
vt 0.236105 0.187610
vt 0.244181 0.182247
vt 0.248590 0.170716
vt 0.249838 0.156231
vt 0.249554 0.063207
vt 0.263584 0.063207
vt 0.263299 0.152950
vt 0.263892 0.169264
vt 0.268049 0.181496
vt 0.276717 0.188251
vt 0.283885 0.187884
vt 0.289814 0.181409
vt 0.295807 0.168449
vt 0.336335 0.048090
vt 0.336327 0.062897
vt 0.336327 0.056546
vt 0.307063 0.062897
vt 0.307063 0.056546
vt 0.206010 0.062897
vt 0.206010 0.056546
vt 0.293564 0.062820
vt 0.293564 0.056357
vt 0.219387 0.062820
vt 0.219387 0.056357
vt 0.247589 0.062820
vt 0.247589 0.056357
vt 0.265361 0.062820
vt 0.265361 0.056357
vt 0.501127 0.506490
vt 0.501248 0.737569
vt 0.501449 0.737543
vt 0.501133 0.518756
vt 0.501141 0.533620
vt 0.501141 0.525762
vt 0.501217 0.678985
vt 0.370713 0.533620
vt 0.370713 0.525762
vt 0.370665 0.678985
vt 0.471852 0.533620
vt 0.471852 0.525762
vt 0.471900 0.678985
vt 0.471889 0.645386
vt 0.394581 0.678985
vt 0.437768 0.678985
vt 0.370677 0.644240
vt 0.377422 0.665036
vt 0.411860 0.669916
vt 0.420586 0.659893
vt 0.429409 0.671347
vt 0.457580 0.671029
vt 0.467998 0.658365
vt 0.384123 0.533607
vt 0.384123 0.525645
vt 0.412350 0.533607
vt 0.412350 0.525646
vt 0.383326 0.631931
vt 0.386225 0.645611
vt 0.392414 0.655156
vt 0.400541 0.655474
vt 0.407700 0.650701
vt 0.411570 0.640521
vt 0.412732 0.626842
vt 0.430137 0.533607
vt 0.430137 0.525646
vt 0.458364 0.533607
vt 0.458364 0.525646
vt 0.429949 0.623662
vt 0.430530 0.639248
vt 0.434207 0.650065
vt 0.441947 0.656111
vt 0.448139 0.655792
vt 0.453362 0.650065
vt 0.458777 0.638294
vt 0.386415 0.534325
vt 0.386415 0.534568
vt 0.410409 0.534325
vt 0.410409 0.534568
vt 0.385737 0.623521
vt 0.388201 0.635895
vt 0.393462 0.644530
vt 0.400369 0.644818
vt 0.406455 0.640500
vt 0.409745 0.631290
vt 0.410732 0.618917
vt 0.431978 0.534974
vt 0.431978 0.534640
vt 0.455972 0.534975
vt 0.455972 0.534640
vt 0.431820 0.616111
vt 0.432314 0.630211
vt 0.435439 0.639997
vt 0.442018 0.645465
vt 0.447281 0.645178
vt 0.451720 0.639996
vt 0.456323 0.629348
vt 0.471939 0.533461
vt 0.471976 0.645418
vt 0.370627 0.533461
vt 0.370591 0.644271
vt 0.377348 0.665102
vt 0.394536 0.679075
vt 0.411845 0.669990
vt 0.420586 0.659950
vt 0.429424 0.671424
vt 0.437797 0.679075
vt 0.457643 0.671105
vt 0.468079 0.658420
vt 0.460295 0.533461
vt 0.382194 0.533461
vt 0.381390 0.632442
vt 0.384553 0.647370
vt 0.391609 0.658253
vt 0.400852 0.658615
vt 0.408946 0.653219
vt 0.413356 0.641618
vt 0.414593 0.627046
vt 0.414209 0.533461
vt 0.428280 0.533461
vt 0.428090 0.623746
vt 0.428702 0.640157
vt 0.432885 0.652463
vt 0.441587 0.659259
vt 0.448776 0.658890
vt 0.454716 0.652376
vt 0.460713 0.639338
vt 0.501306 0.518457
vt 0.501314 0.533353
vt 0.501314 0.523349
vt 0.471961 0.533353
vt 0.471961 0.523349
vt 0.370605 0.533353
vt 0.370605 0.523348
vt 0.458445 0.533340
vt 0.458445 0.523231
vt 0.384044 0.533340
vt 0.384044 0.523231
vt 0.412332 0.533340
vt 0.412332 0.523231
vt 0.430157 0.533340
vt 0.430157 0.523231
vt 0.499601 0.273366
vt 0.499721 0.503753
vt 0.499607 0.285596
vt 0.499615 0.300416
vt 0.499615 0.295279
vt 0.499690 0.445345
vt 0.369382 0.300416
vt 0.369382 0.295279
vt 0.369334 0.445345
vt 0.470369 0.300416
vt 0.470369 0.295279
vt 0.470417 0.445345
vt 0.470406 0.411846
vt 0.393214 0.445345
vt 0.436336 0.445345
vt 0.369346 0.410704
vt 0.376081 0.431438
vt 0.410467 0.436302
vt 0.419180 0.426309
vt 0.427990 0.437730
vt 0.456118 0.437413
vt 0.466521 0.424787
vt 0.382772 0.300371
vt 0.382772 0.295094
vt 0.410957 0.300371
vt 0.410957 0.295094
vt 0.381976 0.398400
vt 0.384870 0.412039
vt 0.391051 0.421555
vt 0.399165 0.421872
vt 0.406314 0.417114
vt 0.410178 0.406963
vt 0.411338 0.393326
vt 0.428717 0.300371
vt 0.428717 0.295094
vt 0.456902 0.300371
vt 0.456902 0.295094
vt 0.428529 0.390155
vt 0.429110 0.405695
vt 0.432781 0.416480
vt 0.440509 0.422507
vt 0.446692 0.422190
vt 0.451907 0.416480
vt 0.457313 0.404743
vt 0.385060 0.301631
vt 0.385060 0.301955
vt 0.409018 0.301631
vt 0.409018 0.301955
vt 0.384384 0.390641
vt 0.386844 0.402979
vt 0.392097 0.411588
vt 0.398994 0.411875
vt 0.405070 0.407570
vt 0.408355 0.398388
vt 0.409341 0.386051
vt 0.430555 0.302027
vt 0.454514 0.302027
vt 0.430397 0.383254
vt 0.430890 0.397312
vt 0.434011 0.407068
vt 0.440580 0.412521
vt 0.445835 0.412234
vt 0.450268 0.407068
vt 0.454863 0.396451
vt 0.470456 0.299863
vt 0.470493 0.411484
vt 0.369296 0.299863
vt 0.369260 0.410340
vt 0.376007 0.431109
vt 0.393169 0.445039
vt 0.410452 0.435982
vt 0.419180 0.425972
vt 0.428005 0.437412
vt 0.436365 0.445039
vt 0.456181 0.437094
vt 0.466601 0.424447
vt 0.458829 0.299863
vt 0.380845 0.299863
vt 0.380043 0.398547
vt 0.383201 0.413430
vt 0.390247 0.424280
vt 0.399476 0.424641
vt 0.407557 0.419261
vt 0.411961 0.407696
vt 0.413196 0.393167
vt 0.412812 0.299863
vt 0.426863 0.299863
vt 0.426673 0.389876
vt 0.427284 0.406239
vt 0.431460 0.418508
vt 0.440149 0.425284
vt 0.447328 0.424915
vt 0.453259 0.418421
vt 0.459247 0.405422
vt 0.499779 0.284802
vt 0.499787 0.299654
vt 0.499787 0.292137
vt 0.470478 0.299654
vt 0.470478 0.292137
vt 0.369274 0.299654
vt 0.369274 0.292137
vt 0.456982 0.299609
vt 0.456982 0.291951
vt 0.382693 0.299609
vt 0.382693 0.291951
vt 0.410939 0.299609
vt 0.410939 0.291951
vt 0.428737 0.299609
vt 0.428737 0.291951
vt 0.499462 0.001939
vt 0.499601 0.266879
vt 0.499487 0.049375
vt 0.499495 0.064150
vt 0.499495 0.059635
vt 0.499570 0.208646
vt 0.369457 0.064150
vt 0.369457 0.059635
vt 0.369410 0.208646
vt 0.470293 0.064150
vt 0.470293 0.059635
vt 0.470341 0.208646
vt 0.470330 0.175247
vt 0.393253 0.208646
vt 0.436311 0.208646
vt 0.369421 0.174109
vt 0.376146 0.194780
vt 0.410481 0.199630
vt 0.419181 0.189667
vt 0.427977 0.201054
vt 0.456063 0.200738
vt 0.466451 0.188149
vt 0.382827 0.064074
vt 0.384315 0.064074
vt 0.382827 0.059446
vt 0.410970 0.064074
vt 0.412458 0.064074
vt 0.410970 0.059446
vt 0.383520 0.161810
vt 0.386410 0.175407
vt 0.392581 0.184895
vt 0.400684 0.185212
vt 0.407822 0.180467
vt 0.411680 0.170348
vt 0.412838 0.156751
vt 0.428703 0.064074
vt 0.429641 0.064074
vt 0.428703 0.059446
vt 0.457783 0.064074
vt 0.456845 0.064074
vt 0.456845 0.059446
vt 0.429453 0.153589
vt 0.430033 0.169083
vt 0.433698 0.179835
vt 0.441416 0.185844
vt 0.447589 0.185528
vt 0.452796 0.179835
vt 0.458194 0.168134
vt 0.385112 0.064879
vt 0.386600 0.066277
vt 0.409034 0.064879
vt 0.410522 0.066277
vt 0.385924 0.154699
vt 0.388381 0.167000
vt 0.393626 0.175583
vt 0.400513 0.175869
vt 0.406580 0.171578
vt 0.409860 0.162423
vt 0.410844 0.150123
vt 0.430539 0.065055
vt 0.431476 0.066349
vt 0.454461 0.065055
vt 0.455399 0.066349
vt 0.431318 0.147334
vt 0.431811 0.161350
vt 0.434927 0.171077
vt 0.441486 0.176513
vt 0.446733 0.176227
vt 0.451160 0.171077
vt 0.455748 0.160492
vt 0.470380 0.063207
vt 0.470417 0.174493
vt 0.369371 0.063207
vt 0.369335 0.173352
vt 0.376072 0.194059
vt 0.393209 0.207948
vt 0.410466 0.198917
vt 0.419180 0.188937
vt 0.427992 0.200343
vt 0.436340 0.207948
vt 0.456126 0.200026
vt 0.466531 0.187417
vt 0.459708 0.063207
vt 0.458770 0.063207
vt 0.380903 0.063207
vt 0.382391 0.063207
vt 0.380102 0.161595
vt 0.381590 0.161595
vt 0.383256 0.176433
vt 0.384744 0.176433
vt 0.390291 0.187251
vt 0.391779 0.187251
vt 0.399506 0.187610
vt 0.400994 0.187610
vt 0.407575 0.182247
vt 0.409063 0.182247
vt 0.411972 0.170716
vt 0.413460 0.170716
vt 0.413206 0.156231
vt 0.414694 0.156231
vt 0.412822 0.063207
vt 0.414310 0.063207
vt 0.426851 0.063207
vt 0.427789 0.063207
vt 0.426662 0.152950
vt 0.427600 0.152950
vt 0.427272 0.169264
vt 0.428210 0.169264
vt 0.431442 0.181496
vt 0.432380 0.181496
vt 0.440118 0.188251
vt 0.441056 0.188251
vt 0.447286 0.187884
vt 0.448224 0.187884
vt 0.453208 0.181409
vt 0.454146 0.181409
vt 0.459187 0.168449
vt 0.460125 0.168449
vt 0.499659 0.048090
vt 0.499666 0.062897
vt 0.499666 0.056546
vt 0.470402 0.062897
vt 0.470402 0.056546
vt 0.369349 0.062897
vt 0.369349 0.056546
vt 0.456926 0.062820
vt 0.456926 0.056357
vt 0.382748 0.062820
vt 0.382748 0.056357
vt 0.410951 0.062820
vt 0.410951 0.056357
vt 0.428723 0.062820
vt 0.428723 0.056357
vt 0.664577 0.506490
vt 0.664944 0.737569
vt 0.665296 0.737543
vt 0.664597 0.518756
vt 0.664620 0.533620
vt 0.664620 0.525762
vt 0.664851 0.678985
vt 0.534192 0.533620
vt 0.534192 0.525762
vt 0.534299 0.678985
vt 0.635331 0.533620
vt 0.635331 0.525762
vt 0.635534 0.678985
vt 0.635487 0.645386
vt 0.558215 0.678985
vt 0.601402 0.678985
vt 0.534274 0.644240
vt 0.541041 0.665036
vt 0.575484 0.669916
vt 0.584200 0.659893
vt 0.593035 0.671347
vt 0.621205 0.671029
vt 0.631610 0.658365
vt 0.551842 0.533607
vt 0.551842 0.525645
vt 0.580069 0.533607
vt 0.580069 0.525646
vt 0.551149 0.631931
vt 0.554062 0.645611
vt 0.560262 0.655156
vt 0.568389 0.655474
vt 0.575543 0.650701
vt 0.579403 0.640521
vt 0.580550 0.626842
vt 0.596295 0.533607
vt 0.596295 0.525646
vt 0.624522 0.533607
vt 0.624522 0.525646
vt 0.596203 0.623662
vt 0.596801 0.639248
vt 0.600489 0.650065
vt 0.608236 0.656111
vt 0.614427 0.655792
vt 0.619644 0.650065
vt 0.625046 0.638294
vt 0.553690 0.534325
vt 0.553690 0.534568
vt 0.577684 0.534325
vt 0.577684 0.534568
vt 0.553106 0.623521
vt 0.555583 0.635895
vt 0.560853 0.644530
vt 0.567761 0.644818
vt 0.573842 0.640500
vt 0.577122 0.631290
vt 0.578096 0.618917
vt 0.597693 0.534974
vt 0.597693 0.534640
vt 0.621687 0.534975
vt 0.621687 0.534640
vt 0.597620 0.616111
vt 0.598130 0.630211
vt 0.601265 0.639997
vt 0.607850 0.645465
vt 0.613113 0.645178
vt 0.617547 0.639996
vt 0.622138 0.629348
vt 0.635698 0.533461
vt 0.635854 0.645418
vt 0.534386 0.533461
vt 0.534468 0.644271
vt 0.541247 0.665102
vt 0.558450 0.679075
vt 0.575749 0.669990
vt 0.584479 0.659950
vt 0.593329 0.671424
vt 0.601711 0.679075
vt 0.621548 0.671105
vt 0.631971 0.658420
vt 0.626710 0.533461
vt 0.550169 0.533461
vt 0.549470 0.632442
vt 0.552649 0.647370
vt 0.559717 0.658253
vt 0.568961 0.658615
vt 0.577049 0.653219
vt 0.581446 0.641618
vt 0.582668 0.627046
vt 0.582184 0.533461
vt 0.594695 0.533461
vt 0.594602 0.623746
vt 0.595231 0.640157
vt 0.599427 0.652463
vt 0.608136 0.659259
vt 0.615325 0.658890
vt 0.621258 0.652376
vt 0.627241 0.639338
vt 0.665121 0.518457
vt 0.665145 0.533353
vt 0.665145 0.523349
vt 0.635792 0.533353
vt 0.635792 0.523349
vt 0.534436 0.533353
vt 0.534436 0.523348
vt 0.624954 0.533340
vt 0.624954 0.523231
vt 0.552114 0.533340
vt 0.552114 0.523231
vt 0.580402 0.533340
vt 0.580402 0.523231
vt 0.596667 0.533340
vt 0.596667 0.523231
vt 0.662806 0.273366
vt 0.663171 0.503753
vt 0.662826 0.285596
vt 0.662849 0.300416
vt 0.662849 0.295279
vt 0.663078 0.445345
vt 0.532616 0.300416
vt 0.532616 0.295279
vt 0.532723 0.445345
vt 0.633603 0.300416
vt 0.633603 0.295279
vt 0.633806 0.445345
vt 0.633759 0.411846
vt 0.556602 0.445345
vt 0.599725 0.445345
vt 0.532697 0.410704
vt 0.539455 0.431438
vt 0.573846 0.436302
vt 0.582548 0.426309
vt 0.591370 0.437730
vt 0.619498 0.437413
vt 0.629888 0.424787
vt 0.546029 0.300371
vt 0.546029 0.295094
vt 0.577934 0.300371
vt 0.574214 0.300371
vt 0.574214 0.295094
vt 0.545337 0.398400
vt 0.548246 0.412039
vt 0.558157 0.421555
vt 0.554436 0.421555
vt 0.566271 0.421872
vt 0.562551 0.421872
vt 0.573415 0.417114
vt 0.569695 0.417114
vt 0.577269 0.406963
vt 0.573548 0.406963
vt 0.578414 0.393326
vt 0.574694 0.393326
vt 0.591974 0.300371
vt 0.591974 0.295094
vt 0.624127 0.300371
vt 0.620159 0.300371
vt 0.620159 0.295094
vt 0.591882 0.390155
vt 0.592478 0.405695
vt 0.596161 0.416480
vt 0.603896 0.422507
vt 0.614047 0.422190
vt 0.610078 0.422190
vt 0.619256 0.416480
vt 0.615287 0.416480
vt 0.624650 0.404743
vt 0.620681 0.404743
vt 0.551595 0.301955
vt 0.547875 0.301631
vt 0.547875 0.301955
vt 0.571833 0.301631
vt 0.575553 0.301955
vt 0.551012 0.390641
vt 0.547292 0.390641
vt 0.553486 0.402979
vt 0.549765 0.402979
vt 0.553152 0.413131
vt 0.558748 0.411588
vt 0.565645 0.411875
vt 0.571717 0.407570
vt 0.574992 0.398388
vt 0.575965 0.386051
vt 0.597338 0.302027
vt 0.593370 0.302027
vt 0.617328 0.301927
vt 0.621296 0.302027
vt 0.597266 0.383254
vt 0.593298 0.383254
vt 0.597775 0.397312
vt 0.593806 0.397312
vt 0.600906 0.407068
vt 0.596937 0.407068
vt 0.607481 0.412521
vt 0.603512 0.412521
vt 0.608767 0.412234
vt 0.612735 0.412234
vt 0.617162 0.407068
vt 0.621746 0.396451
vt 0.633969 0.299863
vt 0.634125 0.411484
vt 0.532809 0.299863
vt 0.532891 0.410340
vt 0.539660 0.431109
vt 0.556837 0.445039
vt 0.574110 0.435982
vt 0.582827 0.425972
vt 0.591664 0.437412
vt 0.600033 0.445039
vt 0.619840 0.437094
vt 0.630247 0.424447
vt 0.622342 0.299863
vt 0.544358 0.299863
vt 0.543661 0.398547
vt 0.546835 0.413430
vt 0.553893 0.424280
vt 0.563122 0.424641
vt 0.571198 0.419261
vt 0.575588 0.407696
vt 0.576808 0.393167
vt 0.576325 0.299863
vt 0.590376 0.299863
vt 0.590282 0.389876
vt 0.590910 0.406239
vt 0.595100 0.418508
vt 0.603796 0.425284
vt 0.610974 0.424915
vt 0.616898 0.418421
vt 0.622872 0.405422
vt 0.663348 0.284802
vt 0.663371 0.299654
vt 0.663371 0.292137
vt 0.634063 0.299654
vt 0.634063 0.292137
vt 0.532859 0.299654
vt 0.532859 0.292137
vt 0.620589 0.299609
vt 0.620589 0.291951
vt 0.546301 0.299609
vt 0.546301 0.291951
vt 0.574546 0.299609
vt 0.574546 0.291951
vt 0.592344 0.299609
vt 0.592344 0.291951
vt 0.662386 0.001939
vt 0.662806 0.266879
vt 0.662461 0.049375
vt 0.662485 0.064150
vt 0.662485 0.059635
vt 0.662714 0.208646
vt 0.532446 0.064150
vt 0.532446 0.059635
vt 0.532553 0.208646
vt 0.633283 0.064150
vt 0.633283 0.059635
vt 0.633484 0.208646
vt 0.633438 0.175247
vt 0.556397 0.208646
vt 0.599455 0.208646
vt 0.532528 0.174109
vt 0.539275 0.194780
vt 0.573615 0.199630
vt 0.582304 0.189667
vt 0.591112 0.201054
vt 0.619199 0.200738
vt 0.629572 0.188149
vt 0.545839 0.064074
vt 0.550761 0.064074
vt 0.545839 0.059446
vt 0.573982 0.064074
vt 0.578904 0.064074
vt 0.573982 0.059446
vt 0.550070 0.161810
vt 0.552975 0.175407
vt 0.559156 0.184895
vt 0.567258 0.185212
vt 0.574391 0.180467
vt 0.578239 0.170348
vt 0.579383 0.156751
vt 0.591716 0.064074
vt 0.595653 0.064074
vt 0.591716 0.059446
vt 0.623795 0.064074
vt 0.619858 0.064074
vt 0.619858 0.059446
vt 0.595561 0.153589
vt 0.596156 0.169083
vt 0.599834 0.179835
vt 0.607557 0.185844
vt 0.613730 0.185528
vt 0.618931 0.179835
vt 0.624317 0.168134
vt 0.547683 0.064879
vt 0.552604 0.066277
vt 0.571605 0.064879
vt 0.576527 0.066277
vt 0.552023 0.154699
vt 0.554492 0.167000
vt 0.559747 0.175583
vt 0.566634 0.175869
vt 0.572696 0.171578
vt 0.575967 0.162423
vt 0.576938 0.150123
vt 0.593110 0.065055
vt 0.597047 0.066349
vt 0.617032 0.065055
vt 0.620970 0.066349
vt 0.596975 0.147334
vt 0.597483 0.161350
vt 0.600609 0.171077
vt 0.607174 0.176513
vt 0.612421 0.176227
vt 0.616842 0.171077
vt 0.621419 0.160492
vt 0.633648 0.063207
vt 0.633803 0.174493
vt 0.532639 0.063207
vt 0.532721 0.173352
vt 0.539479 0.194059
vt 0.556631 0.207948
vt 0.573878 0.198917
vt 0.582582 0.188937
vt 0.591406 0.200343
vt 0.599762 0.207948
vt 0.619539 0.200026
vt 0.629931 0.187417
vt 0.625975 0.063207
vt 0.622038 0.063207
vt 0.544171 0.063207
vt 0.549093 0.063207
vt 0.543475 0.161595
vt 0.548396 0.161595
vt 0.546644 0.176433
vt 0.551566 0.176433
vt 0.553691 0.187251
vt 0.558613 0.187251
vt 0.562906 0.187610
vt 0.567828 0.187610
vt 0.570970 0.182247
vt 0.575891 0.182247
vt 0.575354 0.170716
vt 0.580276 0.170716
vt 0.576572 0.156231
vt 0.581494 0.156231
vt 0.576090 0.063207
vt 0.581012 0.063207
vt 0.590119 0.063207
vt 0.594057 0.063207
vt 0.590026 0.152950
vt 0.593963 0.152950
vt 0.590653 0.169264
vt 0.594590 0.169264
vt 0.594836 0.181496
vt 0.598774 0.181496
vt 0.603519 0.188251
vt 0.607456 0.188251
vt 0.610687 0.187884
vt 0.614624 0.187884
vt 0.616602 0.181409
vt 0.620539 0.181409
vt 0.622567 0.168449
vt 0.626505 0.168449
vt 0.662982 0.048090
vt 0.663006 0.062897
vt 0.663006 0.056546
vt 0.633741 0.062897
vt 0.633741 0.056546
vt 0.532689 0.062897
vt 0.532689 0.056546
vt 0.620288 0.062820
vt 0.620288 0.056357
vt 0.546110 0.062820
vt 0.546110 0.056357
vt 0.574313 0.062820
vt 0.574313 0.056357
vt 0.592085 0.062820
vt 0.592085 0.056357
vt 0.828028 0.506490
vt 0.828640 0.737569
vt 0.829143 0.737543
vt 0.828060 0.518756
vt 0.828100 0.533620
vt 0.828100 0.525762
vt 0.828485 0.678985
vt 0.697671 0.533620
vt 0.697671 0.525762
vt 0.697933 0.678985
vt 0.798810 0.533620
vt 0.798810 0.525762
vt 0.799168 0.678985
vt 0.799085 0.645386
vt 0.721849 0.678985
vt 0.765036 0.678985
vt 0.697870 0.644240
vt 0.704660 0.665036
vt 0.739108 0.669916
vt 0.747813 0.659893
vt 0.756660 0.671347
vt 0.784830 0.671029
vt 0.795222 0.658365
vt 0.711127 0.533607
vt 0.711127 0.525645
vt 0.739354 0.533607
vt 0.739354 0.525646
vt 0.710539 0.631931
vt 0.713467 0.645611
vt 0.719677 0.655156
vt 0.727804 0.655474
vt 0.734953 0.650701
vt 0.738802 0.640521
vt 0.739934 0.626842
vt 0.757141 0.533607
vt 0.757141 0.525646
vt 0.785368 0.533607
vt 0.785368 0.525646
vt 0.757144 0.623662
vt 0.757759 0.639248
vt 0.761459 0.650065
vt 0.769212 0.656111
vt 0.775402 0.655792
vt 0.780614 0.650065
vt 0.786003 0.638294
vt 0.714267 0.534325
vt 0.714267 0.534568
vt 0.738261 0.534325
vt 0.738261 0.534568
vt 0.713778 0.623521
vt 0.714532 0.635895
vt 0.721548 0.644530
vt 0.728456 0.644818
vt 0.734532 0.640500
vt 0.737802 0.631290
vt 0.738764 0.618917
vt 0.759501 0.534974
vt 0.759501 0.534640
vt 0.783495 0.534975
vt 0.783495 0.534640
vt 0.759515 0.616111
vt 0.760039 0.630211
vt 0.763185 0.639997
vt 0.769776 0.645465
vt 0.775038 0.645178
vt 0.779466 0.639996
vt 0.784046 0.629348
vt 0.799457 0.533461
vt 0.799732 0.645418
vt 0.698145 0.533461
vt 0.698344 0.644271
vt 0.705146 0.665102
vt 0.722364 0.679075
vt 0.739653 0.669990
vt 0.748373 0.659950
vt 0.757235 0.671424
vt 0.765625 0.679075
vt 0.785453 0.671105
vt 0.795863 0.658420
vt 0.787813 0.533461
vt 0.709711 0.533461
vt 0.709118 0.632442
vt 0.712313 0.647370
vt 0.719393 0.658253
vt 0.728636 0.658615
vt 0.736719 0.653219
vt 0.741104 0.641618
vt 0.742310 0.627046
vt 0.741726 0.533461
vt 0.755798 0.533461
vt 0.755800 0.623746
vt 0.756447 0.640157
vt 0.760656 0.652463
vt 0.769372 0.659259
vt 0.776561 0.658890
vt 0.782487 0.652376
vt 0.788456 0.639338
vt 0.828936 0.518457
vt 0.828975 0.533353
vt 0.828975 0.523349
vt 0.799623 0.533353
vt 0.799623 0.523349
vt 0.698266 0.533353
vt 0.698266 0.523348
vt 0.786152 0.533340
vt 0.786152 0.523231
vt 0.711751 0.533340
vt 0.711751 0.523231
vt 0.740039 0.533340
vt 0.740039 0.523231
vt 0.757864 0.533340
vt 0.757864 0.523231
vt 0.826012 0.273366
vt 0.826622 0.503753
vt 0.826044 0.285596
vt 0.826083 0.300416
vt 0.826083 0.295279
vt 0.826467 0.445345
vt 0.695850 0.300416
vt 0.695850 0.295279
vt 0.696111 0.445345
vt 0.796838 0.300416
vt 0.796838 0.295279
vt 0.797194 0.445345
vt 0.797111 0.411846
vt 0.719991 0.445345
vt 0.763113 0.445345
vt 0.696049 0.410704
vt 0.702828 0.431438
vt 0.737225 0.436302
vt 0.745917 0.426309
vt 0.754750 0.437730
vt 0.782878 0.437413
vt 0.793254 0.424787
vt 0.709286 0.300371
vt 0.709286 0.295094
vt 0.737471 0.300371
vt 0.741014 0.300371
vt 0.737471 0.295094
vt 0.714801 0.397752
vt 0.708698 0.398400
vt 0.717724 0.411390
vt 0.711622 0.412039
vt 0.723925 0.420907
vt 0.717822 0.421555
vt 0.721366 0.421555
vt 0.729481 0.421872
vt 0.736619 0.417114
vt 0.740462 0.406963
vt 0.741593 0.393326
vt 0.755231 0.300371
vt 0.760231 0.300371
vt 0.755231 0.295094
vt 0.788415 0.300371
vt 0.783415 0.300371
vt 0.783415 0.295094
vt 0.760234 0.390155
vt 0.760847 0.405695
vt 0.764542 0.416480
vt 0.772283 0.422507
vt 0.778464 0.422190
vt 0.783668 0.416480
vt 0.789049 0.404743
vt 0.714233 0.301955
vt 0.710689 0.301631
vt 0.710689 0.301955
vt 0.734647 0.301631
vt 0.738191 0.301955
vt 0.713744 0.390641
vt 0.710200 0.390641
vt 0.716303 0.389993
vt 0.716230 0.402979
vt 0.718789 0.402331
vt 0.724061 0.410940
vt 0.721502 0.411588
vt 0.728399 0.411875
vt 0.734467 0.407570
vt 0.737732 0.398388
vt 0.738692 0.386051
vt 0.756184 0.301927
vt 0.761184 0.302027
vt 0.780142 0.301927
vt 0.785142 0.302027
vt 0.761198 0.383254
vt 0.761722 0.397312
vt 0.764863 0.407068
vt 0.771444 0.412521
vt 0.776698 0.412234
vt 0.781120 0.407068
vt 0.785693 0.396451
vt 0.797482 0.299863
vt 0.797757 0.411484
vt 0.696322 0.299863
vt 0.696521 0.410340
vt 0.703313 0.431109
vt 0.720504 0.445039
vt 0.737768 0.435982
vt 0.746475 0.425972
vt 0.755323 0.437412
vt 0.763701 0.445039
vt 0.783499 0.437094
vt 0.793893 0.424447
vt 0.790855 0.299863
vt 0.785855 0.299863
vt 0.707871 0.299863
vt 0.707279 0.398547
vt 0.710469 0.413430
vt 0.717538 0.424280
vt 0.721082 0.422336
vt 0.726768 0.424641
vt 0.730311 0.422697
vt 0.734838 0.419261
vt 0.738381 0.419261
vt 0.739216 0.407696
vt 0.742760 0.407696
vt 0.740421 0.393167
vt 0.743964 0.393167
vt 0.739838 0.299863
vt 0.743382 0.299863
vt 0.753888 0.299863
vt 0.758888 0.299863
vt 0.753891 0.389876
vt 0.758891 0.389876
vt 0.754537 0.406239
vt 0.759537 0.406239
vt 0.758739 0.418508
vt 0.763739 0.418508
vt 0.767442 0.425284
vt 0.772442 0.425284
vt 0.774620 0.424915
vt 0.779620 0.424915
vt 0.780537 0.418421
vt 0.785537 0.418421
vt 0.786498 0.405422
vt 0.791498 0.405422
vt 0.826917 0.284802
vt 0.826956 0.299654
vt 0.826956 0.292137
vt 0.797648 0.299654
vt 0.797648 0.292137
vt 0.696443 0.299654
vt 0.696443 0.292137
vt 0.784197 0.299609
vt 0.784197 0.291951
vt 0.709908 0.299609
vt 0.709908 0.291951
vt 0.738153 0.299609
vt 0.738153 0.291951
vt 0.755951 0.299609
vt 0.755951 0.291951
vt 0.825310 0.001939
vt 0.826012 0.266879
vt 0.825436 0.049375
vt 0.825475 0.064150
vt 0.825475 0.059635
vt 0.825857 0.208646
vt 0.695437 0.064150
vt 0.695437 0.059635
vt 0.695696 0.208646
vt 0.796273 0.064150
vt 0.796273 0.059635
vt 0.796628 0.208646
vt 0.796546 0.175247
vt 0.719540 0.208646
vt 0.762598 0.208646
vt 0.695634 0.174109
vt 0.702404 0.194780
vt 0.736749 0.199630
vt 0.745428 0.189667
vt 0.754248 0.201054
vt 0.782334 0.200738
vt 0.792694 0.188149
vt 0.708852 0.064074
vt 0.713970 0.064074
vt 0.708852 0.059446
vt 0.736994 0.064074
vt 0.742113 0.064074
vt 0.736994 0.059446
vt 0.713383 0.161810
vt 0.716302 0.175407
vt 0.722494 0.184895
vt 0.730597 0.185212
vt 0.737724 0.180467
vt 0.741561 0.170348
vt 0.742691 0.156751
vt 0.754728 0.064074
vt 0.758862 0.064074
vt 0.754728 0.059446
vt 0.787005 0.064074
vt 0.782871 0.064074
vt 0.782871 0.059446
vt 0.758865 0.153589
vt 0.759478 0.169083
vt 0.763166 0.179835
vt 0.770896 0.185844
vt 0.777068 0.185528
vt 0.782264 0.179835
vt 0.787637 0.168134
vt 0.710254 0.064879
vt 0.715373 0.066277
vt 0.734177 0.064879
vt 0.739295 0.066277
vt 0.714885 0.154699
vt 0.717367 0.167000
vt 0.722631 0.175583
vt 0.729518 0.175869
vt 0.735576 0.171578
vt 0.738837 0.162423
vt 0.739795 0.150123
vt 0.755681 0.065055
vt 0.759816 0.066349
vt 0.779604 0.065055
vt 0.783738 0.066349
vt 0.759829 0.147334
vt 0.760352 0.161350
vt 0.763489 0.171077
vt 0.770059 0.176513
vt 0.775306 0.176227
vt 0.779721 0.171077
vt 0.784287 0.160492
vt 0.796915 0.063207
vt 0.797190 0.174493
vt 0.695907 0.063207
vt 0.696106 0.173352
vt 0.702886 0.194059
vt 0.720053 0.207948
vt 0.737290 0.198917
vt 0.745984 0.188937
vt 0.754820 0.200343
vt 0.763184 0.207948
vt 0.782953 0.200026
vt 0.793331 0.187417
vt 0.789440 0.063207
vt 0.785306 0.063207
vt 0.707439 0.063207
vt 0.712557 0.063207
vt 0.706847 0.161595
vt 0.711966 0.161595
vt 0.710033 0.176433
vt 0.715151 0.176433
vt 0.717091 0.187251
vt 0.722209 0.187251
vt 0.726307 0.187610
vt 0.731425 0.187610
vt 0.734365 0.182247
vt 0.739483 0.182247
vt 0.738737 0.170716
vt 0.743855 0.170716
vt 0.739939 0.156231
vt 0.745058 0.156231
vt 0.739358 0.063207
vt 0.744476 0.063207
vt 0.753387 0.063207
vt 0.757521 0.063207
vt 0.753389 0.152950
vt 0.757523 0.152950
vt 0.754034 0.169264
vt 0.758168 0.169264
vt 0.758230 0.181496
vt 0.762364 0.181496
vt 0.766920 0.188251
vt 0.771055 0.188251
vt 0.774087 0.187884
vt 0.778221 0.187884
vt 0.779996 0.181409
vt 0.784130 0.181409
vt 0.785947 0.168449
vt 0.790082 0.168449
vt 0.826306 0.048090
vt 0.826345 0.062897
vt 0.826345 0.056546
vt 0.797080 0.062897
vt 0.797080 0.056546
vt 0.696028 0.062897
vt 0.696028 0.056546
vt 0.783650 0.062820
vt 0.783650 0.056357
vt 0.709472 0.062820
vt 0.709472 0.056357
vt 0.737675 0.062820
vt 0.737675 0.056357
vt 0.755447 0.062820
vt 0.755447 0.056357
vt 0.991478 0.506490
vt 0.992336 0.737569
vt 0.992981 0.737543
vt 0.991524 0.518756
vt 0.991579 0.533620
vt 0.991579 0.525762
vt 0.992118 0.678985
vt 0.861150 0.533620
vt 0.861150 0.525762
vt 0.861566 0.678985
vt 0.962290 0.533620
vt 0.962290 0.525762
vt 0.962801 0.678985
vt 0.962683 0.645386
vt 0.885482 0.678985
vt 0.928669 0.678985
vt 0.861467 0.644240
vt 0.868279 0.665036
vt 0.902732 0.669916
vt 0.911427 0.659893
vt 0.920286 0.671347
vt 0.948456 0.671029
vt 0.958834 0.658365
vt 0.874629 0.533607
vt 0.874629 0.525645
vt 0.902856 0.533607
vt 0.902856 0.525646
vt 0.874145 0.631931
vt 0.877088 0.645611
vt 0.883308 0.655156
vt 0.891435 0.655474
vt 0.898579 0.650701
vt 0.902417 0.640521
vt 0.903535 0.626842
vt 0.920643 0.533607
vt 0.920643 0.525646
vt 0.948870 0.533607
vt 0.948870 0.525646
vt 0.920742 0.623662
vt 0.921373 0.639248
vt 0.925084 0.650065
vt 0.932844 0.656111
vt 0.939034 0.655792
vt 0.944239 0.650065
vt 0.949616 0.638294
vt 0.875589 0.534325
vt 0.875589 0.534568
vt 0.899583 0.534325
vt 0.899583 0.534568
vt 0.875195 0.623521
vt 0.877698 0.635895
vt 0.882986 0.644530
vt 0.889895 0.644818
vt 0.895966 0.640500
vt 0.899227 0.631290
vt 0.900175 0.618917
vt 0.921153 0.534974
vt 0.921153 0.534640
vt 0.945147 0.534975
vt 0.945147 0.534640
vt 0.921253 0.616111
vt 0.921793 0.630211
vt 0.924949 0.639997
vt 0.931545 0.645465
vt 0.936807 0.645178
vt 0.941230 0.639996
vt 0.945798 0.629348
vt 0.963216 0.533461
vt 0.963610 0.645418
vt 0.861904 0.533461
vt 0.862221 0.644271
vt 0.869045 0.665102
vt 0.886278 0.679075
vt 0.903557 0.669990
vt 0.912266 0.659950
vt 0.921141 0.671424
vt 0.929539 0.679075
vt 0.949359 0.671105
vt 0.959754 0.658420
vt 0.951571 0.533461
vt 0.873470 0.533461
vt 0.872983 0.632442
vt 0.876193 0.647370
vt 0.883285 0.658253
vt 0.892528 0.658615
vt 0.900605 0.653219
vt 0.904978 0.641618
vt 0.906169 0.627046
vt 0.905485 0.533461
vt 0.919557 0.533461
vt 0.919655 0.623746
vt 0.920320 0.640157
vt 0.924541 0.652463
vt 0.933265 0.659259
vt 0.940453 0.658890
vt 0.946373 0.652376
vt 0.952328 0.639338
vt 0.992750 0.518457
vt 0.992806 0.533353
vt 0.992806 0.523349
vt 0.963453 0.533353
vt 0.963453 0.523349
vt 0.862097 0.533353
vt 0.862097 0.523348
vt 0.950005 0.533340
vt 0.950005 0.523231
vt 0.875605 0.533340
vt 0.875605 0.523231
vt 0.903892 0.533340
vt 0.903892 0.523231
vt 0.921717 0.533340
vt 0.921717 0.523231
vt 0.989217 0.273366
vt 0.990072 0.503753
vt 0.989262 0.285596
vt 0.989317 0.300416
vt 0.989317 0.295279
vt 0.989855 0.445345
vt 0.859084 0.300416
vt 0.859084 0.295279
vt 0.859499 0.445345
vt 0.960072 0.300416
vt 0.960072 0.295279
vt 0.960582 0.445345
vt 0.960464 0.411846
vt 0.883379 0.445345
vt 0.926501 0.445345
vt 0.859400 0.410704
vt 0.866202 0.431438
vt 0.900604 0.436302
vt 0.909284 0.426309
vt 0.918130 0.437730
vt 0.946258 0.437413
vt 0.956620 0.424787
vt 0.872543 0.300371
vt 0.874279 0.300371
vt 0.872543 0.295094
vt 0.900727 0.300371
vt 0.902463 0.300371
vt 0.900727 0.295094
vt 0.873795 0.398400
vt 0.876733 0.412039
vt 0.882944 0.421555
vt 0.891059 0.421872
vt 0.898193 0.417114
vt 0.902025 0.406963
vt 0.903141 0.393326
vt 0.918488 0.300371
vt 0.918488 0.295094
vt 0.946672 0.300371
vt 0.946672 0.295094
vt 0.918586 0.390155
vt 0.919216 0.405695
vt 0.922922 0.416480
vt 0.930670 0.422507
vt 0.936851 0.422190
vt 0.942048 0.416480
vt 0.947417 0.404743
vt 0.873503 0.301631
vt 0.875239 0.301955
vt 0.897462 0.301631
vt 0.899198 0.301955
vt 0.874845 0.390641
vt 0.877344 0.402979
vt 0.882625 0.411588
vt 0.889523 0.411875
vt 0.895585 0.407570
vt 0.898841 0.398388
vt 0.899788 0.386051
vt 0.918998 0.302027
vt 0.942957 0.302027
vt 0.919098 0.383254
vt 0.919637 0.397312
vt 0.922789 0.407068
vt 0.929375 0.412521
vt 0.934629 0.412234
vt 0.939045 0.407068
vt 0.943607 0.396451
vt 0.960995 0.299863
vt 0.961389 0.411484
vt 0.859835 0.299863
vt 0.860152 0.410340
vt 0.866965 0.431109
vt 0.884172 0.445039
vt 0.901426 0.435982
vt 0.910122 0.425972
vt 0.918983 0.437412
vt 0.927368 0.445039
vt 0.947159 0.437094
vt 0.957539 0.424447
vt 0.949368 0.299863
vt 0.871385 0.299863
vt 0.873121 0.299863
vt 0.870897 0.398547
vt 0.872633 0.398547
vt 0.874103 0.413430
vt 0.875839 0.413430
vt 0.881184 0.424280
vt 0.882920 0.424280
vt 0.890414 0.424641
vt 0.892150 0.424641
vt 0.898478 0.419261
vt 0.900214 0.419261
vt 0.902844 0.407696
vt 0.904580 0.407696
vt 0.904033 0.393167
vt 0.905769 0.393167
vt 0.903351 0.299863
vt 0.905088 0.299863
vt 0.917401 0.299863
vt 0.917500 0.389876
vt 0.918163 0.406239
vt 0.922378 0.418508
vt 0.931089 0.425284
vt 0.938266 0.424915
vt 0.944177 0.418421
vt 0.950123 0.405422
vt 0.990485 0.284802
vt 0.990541 0.299654
vt 0.990541 0.292137
vt 0.961232 0.299654
vt 0.961232 0.292137
vt 0.860028 0.299654
vt 0.860028 0.292137
vt 0.947804 0.299609
vt 0.947804 0.291951
vt 0.873515 0.299609
vt 0.873515 0.291951
vt 0.901760 0.299609
vt 0.901760 0.291951
vt 0.919559 0.299609
vt 0.919559 0.291951
vt 0.988234 0.001939
vt 0.989217 0.266879
vt 0.988410 0.049375
vt 0.988465 0.064150
vt 0.988465 0.059635
vt 0.989001 0.208646
vt 0.858427 0.064150
vt 0.858427 0.059635
vt 0.858840 0.208646
vt 0.959263 0.064150
vt 0.959263 0.059635
vt 0.959772 0.208646
vt 0.959654 0.175247
vt 0.882684 0.208646
vt 0.925742 0.208646
vt 0.858741 0.174109
vt 0.865532 0.194780
vt 0.899883 0.199630
vt 0.908551 0.189667
vt 0.917384 0.201054
vt 0.945469 0.200738
vt 0.955816 0.188149
vt 0.871865 0.064074
vt 0.871865 0.059446
vt 0.900007 0.064074
vt 0.901976 0.068156
vt 0.900007 0.059446
vt 0.871381 0.161810
vt 0.876284 0.175407
vt 0.874315 0.175407
vt 0.880516 0.184895
vt 0.882485 0.184895
vt 0.890588 0.185212
vt 0.897711 0.180467
vt 0.901537 0.170348
vt 0.902652 0.156751
vt 0.917740 0.064074
vt 0.917740 0.059446
vt 0.947261 0.069906
vt 0.945883 0.064074
vt 0.945883 0.059446
vt 0.917839 0.153589
vt 0.918468 0.169083
vt 0.922168 0.179835
vt 0.929904 0.185844
vt 0.931282 0.188437
vt 0.937454 0.188120
vt 0.942643 0.182427
vt 0.940916 0.181441
vt 0.947441 0.171471
vt 0.948004 0.170726
vt 0.875650 0.069194
vt 0.872826 0.064879
vt 0.872826 0.066277
vt 0.899573 0.069194
vt 0.896748 0.064879
vt 0.898717 0.067910
vt 0.875256 0.157616
vt 0.872431 0.154699
vt 0.877752 0.169917
vt 0.876896 0.167000
vt 0.874927 0.167000
vt 0.883025 0.178500
vt 0.882168 0.175583
vt 0.889912 0.178786
vt 0.889056 0.175869
vt 0.895966 0.174494
vt 0.895109 0.171578
vt 0.899217 0.165339
vt 0.898360 0.162423
vt 0.900162 0.153039
vt 0.899306 0.150123
vt 0.918253 0.065055
vt 0.919718 0.069265
vt 0.918253 0.066349
vt 0.942175 0.065055
vt 0.941116 0.069265
vt 0.943553 0.072182
vt 0.919807 0.150250
vt 0.918352 0.147334
vt 0.920288 0.164267
vt 0.918890 0.161350
vt 0.923103 0.173994
vt 0.922037 0.171077
vt 0.928985 0.179430
vt 0.928613 0.176513
vt 0.929991 0.179106
vt 0.933678 0.179143
vt 0.935238 0.178819
vt 0.937622 0.173993
vt 0.939647 0.173669
vt 0.941696 0.163408
vt 0.944202 0.163084
vt 0.960183 0.063207
vt 0.960576 0.174493
vt 0.859175 0.063207
vt 0.859491 0.173352
vt 0.866294 0.194059
vt 0.883475 0.207948
vt 0.900703 0.198917
vt 0.909386 0.188937
vt 0.918234 0.200343
vt 0.926606 0.207948
vt 0.946367 0.200026
vt 0.956731 0.187417
vt 0.949952 0.069040
vt 0.948574 0.063207
vt 0.870707 0.063207
vt 0.870220 0.161595
vt 0.873421 0.176433
vt 0.880491 0.187251
vt 0.882460 0.187251
vt 0.889707 0.187610
vt 0.891676 0.187610
vt 0.897759 0.182247
vt 0.899728 0.182247
vt 0.902119 0.170716
vt 0.904088 0.170716
vt 0.903306 0.156231
vt 0.905275 0.156231
vt 0.902626 0.063207
vt 0.904595 0.067289
vt 0.916655 0.063207
vt 0.916753 0.152950
vt 0.917415 0.169264
vt 0.921624 0.181496
vt 0.930321 0.188251
vt 0.931700 0.190844
vt 0.937488 0.187884
vt 0.938866 0.190477
vt 0.943390 0.181409
vt 0.944768 0.184002
vt 0.942840 0.183605
vt 0.949327 0.168449
vt 0.950067 0.172562
vt 0.950705 0.171041
vt 0.989629 0.048090
vt 0.989684 0.062897
vt 0.989684 0.056546
vt 0.960420 0.062897
vt 0.960420 0.056546
vt 0.859367 0.062897
vt 0.859367 0.056546
vt 0.947011 0.062820
vt 0.947011 0.056357
vt 0.872834 0.062820
vt 0.872834 0.056357
vt 0.901037 0.062820
vt 0.901037 0.056357
vt 0.918809 0.062820
vt 0.918809 0.056357
vt 0.003723 0.000000
vt 0.007268 0.994418
vt 0.001010 1.000000
vt 0.020654 0.009378
vt 0.005295 0.000000
vt 0.023494 0.000000
vt 0.026897 0.994418
vt 0.018147 0.994418
vt 0.002711 1.000000
vt 0.020910 1.000000
vt 0.001304 0.901983
vt 0.001304 0.891695
vt 0.018418 0.898031
vt 0.027168 0.887743
vt 0.002991 0.901983
vt 0.021190 0.901983
vt 0.021190 0.891695
vt 0.001183 0.936642
vt 0.001183 0.936240
vt 0.018306 0.931618
vt 0.027056 0.921084
vt 0.027056 0.931618
vt 0.002876 0.936240
vt 0.021075 0.936240
vt 0.021075 0.936642
vt 0.022685 0.947692
vt 0.022685 0.947177
vt 0.022685 0.939691
vt 0.022800 0.912789
vt 0.022800 0.912275
vt 0.023588 0.900247
vt 0.000121 0.912789
vt 0.000909 0.900247
vt 0.037768 0.909820
vt 0.029894 0.887747
vt 0.030681 0.895525
vt 0.000000 0.939691
vt 0.000000 0.947692
vt 0.037657 0.943922
vt 0.029783 0.921101
vt 0.029783 0.931623
vt 0.994054 0.000000
vt 0.989144 0.994418
vt 0.997804 1.000000
vt 0.966003 0.009378
vt 0.974283 0.000000
vt 0.969515 0.994418
vt 0.977903 1.000000
vt 0.997398 0.891695
vt 0.997398 0.902311
vt 0.969135 0.887743
vt 0.969135 0.898359
vt 0.977511 0.891695
vt 0.977511 0.902311
vt 0.997565 0.936642
vt 0.997565 0.936240
vt 0.969291 0.921084
vt 0.969291 0.931618
vt 0.977673 0.936240
vt 0.977673 0.936642
vt 0.976533 0.949741
vt 0.976533 0.939691
vt 0.976371 0.912058
vt 0.976371 0.907577
vt 0.999050 0.912058
vt 0.999050 0.907577
vt 0.966412 0.908075
vt 0.966412 0.887747
vt 0.968644 0.902650
vt 0.999218 0.939691
vt 0.999218 0.949741
vt 0.966567 0.945082
vt 0.966567 0.921101
vt 0.966567 0.931623
vt 0.007819 0.995669
vt 0.171938 0.995669
vt 0.009889 0.744896
vt 0.173735 0.745292
vt 0.009837 0.764293
vt 0.173704 0.764293
vt 0.135434 0.745200
vt 0.135399 0.764293
vt 0.048121 0.744989
vt 0.048074 0.764293
vt 0.048074 0.758636
vt 0.009604 0.851953
vt 0.173563 0.851953
vt 0.052579 0.851953
vt 0.038511 0.846118
vt 0.084208 0.851953
vt 0.040810 0.844804
vt 0.099131 0.851953
vt 0.173047 0.859344
vt 0.130663 0.851953
vt 0.008744 0.859344
vt 0.046418 0.745530
vt 0.134130 0.745742
vt 0.129503 0.764922
vt 0.129503 0.763076
vt 0.134095 0.764922
vt 0.046371 0.764922
vt 0.046371 0.763076
vt 0.051107 0.764922
vt 0.051107 0.763076
vt 0.082862 0.764922
vt 0.082862 0.763076
vt 0.097845 0.764922
vt 0.097845 0.763076
vt 0.173012 0.886491
vt 0.008671 0.886491
vt 0.173518 0.885960
vt 0.172111 0.896211
vt 0.009513 0.885960
vt 0.008107 0.896211
vt 0.173552 0.858869
vt 0.009585 0.858869
vt 0.061481 0.767552
vt 0.061481 0.766656
vt 0.049914 0.764293
vt 0.049914 0.758636
vt 0.051977 0.760777
vt 0.087274 0.758636
vt 0.087274 0.764293
vt 0.082734 0.767552
vt 0.082734 0.766656
vt 0.083657 0.760777
vt 0.106063 0.767268
vt 0.103335 0.755144
vt 0.103335 0.763798
vt 0.096439 0.758636
vt 0.096439 0.764293
vt 0.098605 0.760777
vt 0.133704 0.764293
vt 0.122755 0.767268
vt 0.129005 0.755144
vt 0.129005 0.763798
vt 0.130189 0.760777
vt 0.130189 0.764596
vt 0.061329 0.837301
vt 0.049707 0.850207
vt 0.082592 0.837881
vt 0.087086 0.851154
vt 0.071406 0.841795
vt 0.067582 0.856782
vt 0.105900 0.839470
vt 0.103172 0.842532
vt 0.096256 0.851039
vt 0.122608 0.838665
vt 0.128858 0.841727
vt 0.133543 0.850318
vt 0.114412 0.843268
vt 0.114412 0.846330
vt 0.113254 0.856784
vt 0.040741 0.873065
vt 0.038440 0.874551
vt 0.047082 0.844804
vt 0.044820 0.846118
vt 0.047014 0.873065
vt 0.044751 0.874551
vt 0.040855 0.826603
vt 0.047126 0.826603
vt 0.132926 0.844804
vt 0.131186 0.846118
vt 0.044493 0.876574
vt 0.047120 0.874836
vt 0.037340 0.876574
vt 0.040017 0.874836
vt 0.044424 0.904994
vt 0.047052 0.903056
vt 0.037269 0.904994
vt 0.039947 0.903056
vt 0.045861 0.830170
vt 0.046592 0.826887
vt 0.040312 0.826887
vt 0.039568 0.830170
vt 0.132873 0.873065
vt 0.131133 0.874551
vt 0.139198 0.844804
vt 0.137496 0.846118
vt 0.139146 0.873065
vt 0.137444 0.874551
vt 0.132960 0.826603
vt 0.139231 0.826603
vt 0.137352 0.876574
vt 0.139329 0.874836
vt 0.130199 0.876574
vt 0.132225 0.874836
vt 0.137300 0.904994
vt 0.139277 0.903056
vt 0.130145 0.904994
vt 0.132172 0.903056
vt 0.138279 0.830170
vt 0.138829 0.826887
vt 0.132549 0.826887
vt 0.131986 0.830170
vt 0.172041 0.920695
vt 0.172041 0.931503
vt 0.007990 0.920695
vt 0.007990 0.931503
vt 0.038783 0.902331
vt 0.002571 0.902892
vt 0.168782 0.902331
vt 0.168782 0.902892
vt 0.002451 0.934429
vt 0.038663 0.935820
vt 0.168710 0.934429
vt 0.168710 0.935820
vt 0.171965 0.979245
vt 0.171965 0.990207
vt 0.007862 0.979245
vt 0.007862 0.990207
vt 0.170869 0.986182
vt 0.170869 0.998988
vt 0.170842 0.999689
vt 0.170842 0.997295
vt 0.005996 0.999689
vt 0.005996 0.997295
vt 0.006040 0.986182
vt 0.006040 0.998988
vt 0.009263 0.815892
vt 0.007465 0.816713
vt 0.009238 0.825279
vt 0.007440 0.826142
vt 0.049725 0.815892
vt 0.048104 0.816713
vt 0.049702 0.825279
vt 0.048082 0.826142
vt 0.059259 0.824465
vt 0.053660 0.824421
vt 0.053682 0.815058
vt 0.059281 0.815100
vt 0.053265 0.804393
vt 0.009078 0.805081
vt 0.049551 0.805081
vt 0.058890 0.804422
vt 0.007752 0.805652
vt 0.048356 0.805652
vt 0.053323 0.815222
vt 0.058948 0.815253
vt 0.049609 0.815931
vt 0.048414 0.816537
vt 0.007810 0.816537
vt 0.009136 0.815931
vt 0.172535 0.815931
vt 0.172819 0.815931
vt 0.171508 0.816713
vt 0.171820 0.816713
vt 0.172575 0.825279
vt 0.172885 0.825279
vt 0.171493 0.826142
vt 0.171805 0.826142
vt 0.132809 0.815892
vt 0.131553 0.816713
vt 0.132791 0.825279
vt 0.131535 0.826142
vt 0.124763 0.824465
vt 0.130509 0.824421
vt 0.130527 0.815058
vt 0.124781 0.815100
vt 0.130331 0.804393
vt 0.172599 0.805081
vt 0.172759 0.805081
vt 0.132806 0.805081
vt 0.126471 0.805708
vt 0.124596 0.804422
vt 0.171801 0.805652
vt 0.171963 0.805652
vt 0.131881 0.805652
vt 0.130266 0.815222
vt 0.126407 0.816539
vt 0.124532 0.815253
vt 0.132742 0.815931
vt 0.131816 0.816537
vt 0.171737 0.816537
vt 0.172022 0.816537
vt 0.336058 0.995669
vt 0.173744 0.744896
vt 0.337590 0.745292
vt 0.173713 0.764293
vt 0.337579 0.764293
vt 0.299289 0.745200
vt 0.299274 0.758636
vt 0.299274 0.764293
vt 0.211975 0.744989
vt 0.211949 0.764293
vt 0.211949 0.758636
vt 0.173572 0.851953
vt 0.337532 0.851953
vt 0.216548 0.851953
vt 0.205305 0.846118
vt 0.248176 0.851953
vt 0.206609 0.844804
vt 0.263100 0.851953
vt 0.337358 0.859344
vt 0.294632 0.851953
vt 0.173055 0.859344
vt 0.211021 0.745530
vt 0.298734 0.745742
vt 0.294127 0.764922
vt 0.294127 0.763076
vt 0.298719 0.763076
vt 0.298719 0.764922
vt 0.210995 0.764922
vt 0.210995 0.763076
vt 0.215731 0.764922
vt 0.215731 0.763076
vt 0.247486 0.764922
vt 0.247486 0.763076
vt 0.262469 0.764922
vt 0.262469 0.763076
vt 0.337343 0.886491
vt 0.337514 0.885960
vt 0.336107 0.896211
vt 0.337528 0.858869
vt 0.173561 0.858869
vt 0.225106 0.767399
vt 0.220263 0.755144
vt 0.220263 0.763798
vt 0.213789 0.764293
vt 0.213789 0.758636
vt 0.216214 0.760777
vt 0.251150 0.758636
vt 0.251150 0.764293
vt 0.246029 0.767399
vt 0.246029 0.755144
vt 0.246029 0.763798
vt 0.247894 0.760777
vt 0.269590 0.767656
vt 0.266621 0.755144
vt 0.266621 0.763798
vt 0.260314 0.758636
vt 0.260314 0.764293
vt 0.262842 0.760777
vt 0.297579 0.758636
vt 0.297579 0.764293
vt 0.287917 0.767656
vt 0.292292 0.755144
vt 0.292292 0.763798
vt 0.294425 0.760777
vt 0.225005 0.841838
vt 0.220161 0.841838
vt 0.213673 0.850207
vt 0.245940 0.842418
vt 0.251054 0.851154
vt 0.236133 0.846332
vt 0.232383 0.846332
vt 0.231556 0.856782
vt 0.269511 0.842532
vt 0.266542 0.842532
vt 0.260224 0.851039
vt 0.287852 0.841727
vt 0.292227 0.841727
vt 0.297510 0.850318
vt 0.279973 0.845301
vt 0.277786 0.846330
vt 0.277228 0.856784
vt 0.206570 0.873065
vt 0.205265 0.874551
vt 0.212881 0.844804
vt 0.211615 0.846118
vt 0.212843 0.873065
vt 0.211576 0.874551
vt 0.206635 0.826603
vt 0.212906 0.826603
vt 0.298100 0.844804
vt 0.297355 0.846118
vt 0.211615 0.876574
vt 0.213084 0.874836
vt 0.204461 0.876574
vt 0.205981 0.874836
vt 0.211576 0.904994
vt 0.213046 0.903056
vt 0.204421 0.904994
vt 0.205941 0.903056
vt 0.212197 0.830170
vt 0.212607 0.826887
vt 0.206327 0.826887
vt 0.205905 0.830170
vt 0.298078 0.873065
vt 0.297333 0.874551
vt 0.304372 0.844804
vt 0.303665 0.846118
vt 0.304351 0.873065
vt 0.303644 0.874551
vt 0.298115 0.826603
vt 0.304386 0.826603
vt 0.303849 0.876574
vt 0.304668 0.874836
vt 0.296695 0.876574
vt 0.297564 0.874836
vt 0.303827 0.904994
vt 0.304646 0.903056
vt 0.296673 0.904994
vt 0.297542 0.903056
vt 0.303990 0.830170
vt 0.304219 0.826887
vt 0.297939 0.826887
vt 0.297698 0.830170
vt 0.336084 0.920695
vt 0.336084 0.931503
vt 0.334986 0.902331
vt 0.334986 0.902892
vt 0.334961 0.934429
vt 0.334961 0.935820
vt 0.336066 0.979245
vt 0.336066 0.990207
vt 0.335697 0.986182
vt 0.335697 0.998988
vt 0.335688 0.999689
vt 0.335688 0.997295
vt 0.213362 0.815892
vt 0.212459 0.816713
vt 0.213350 0.825279
vt 0.212446 0.826142
vt 0.222526 0.824465
vt 0.216890 0.824421
vt 0.216902 0.815058
vt 0.222538 0.815100
vt 0.216638 0.804393
vt 0.213232 0.805081
vt 0.222290 0.804422
vt 0.212566 0.805652
vt 0.216697 0.815222
vt 0.222350 0.815253
vt 0.213292 0.815931
vt 0.212626 0.816537
vt 0.336218 0.815931
vt 0.336502 0.815931
vt 0.335863 0.816713
vt 0.336174 0.816713
vt 0.336223 0.825279
vt 0.336533 0.825279
vt 0.335858 0.826142
vt 0.336169 0.826142
vt 0.296447 0.815892
vt 0.295907 0.816713
vt 0.296439 0.825279
vt 0.295900 0.826142
vt 0.288029 0.824465
vt 0.293739 0.824421
vt 0.293747 0.815058
vt 0.288038 0.815100
vt 0.293703 0.804393
vt 0.336280 0.805081
vt 0.336441 0.805081
vt 0.296488 0.805081
vt 0.287997 0.804422
vt 0.336011 0.805652
vt 0.336173 0.805652
vt 0.296091 0.805652
vt 0.293641 0.815222
vt 0.287934 0.815253
vt 0.296425 0.815931
vt 0.296028 0.816537
vt 0.335949 0.816537
vt 0.336234 0.816537
vt 0.500177 0.995669
vt 0.337598 0.744896
vt 0.501445 0.745292
vt 0.337588 0.764293
vt 0.501455 0.764293
vt 0.463144 0.745200
vt 0.463149 0.758636
vt 0.463149 0.764293
vt 0.375830 0.744989
vt 0.375825 0.764293
vt 0.375825 0.758636
vt 0.337541 0.851953
vt 0.501500 0.851953
vt 0.380516 0.851953
vt 0.372090 0.846118
vt 0.412145 0.851953
vt 0.372399 0.844804
vt 0.427068 0.851953
vt 0.501669 0.859344
vt 0.458600 0.851953
vt 0.337366 0.859344
vt 0.375624 0.745530
vt 0.463337 0.745742
vt 0.458751 0.764922
vt 0.458751 0.763076
vt 0.463343 0.763076
vt 0.463343 0.764922
vt 0.375619 0.764922
vt 0.375619 0.763076
vt 0.380355 0.764922
vt 0.380355 0.763076
vt 0.412110 0.764922
vt 0.412110 0.763076
vt 0.427093 0.764922
vt 0.427093 0.763076
vt 0.501683 0.886491
vt 0.337352 0.886491
vt 0.501518 0.885960
vt 0.500112 0.896211
vt 0.337522 0.885960
vt 0.336116 0.896211
vt 0.501504 0.858869
vt 0.337537 0.858869
vt 0.388237 0.768428
vt 0.383549 0.755144
vt 0.383549 0.763798
vt 0.377664 0.764293
vt 0.377664 0.758636
vt 0.380450 0.760777
vt 0.415025 0.758636
vt 0.415025 0.764293
vt 0.409316 0.768428
vt 0.409316 0.755144
vt 0.409316 0.763798
vt 0.412130 0.760777
vt 0.433657 0.767913
vt 0.429907 0.755144
vt 0.429907 0.763798
vt 0.424189 0.758636
vt 0.424189 0.764293
vt 0.427078 0.760777
vt 0.461454 0.758636
vt 0.461454 0.764293
vt 0.455578 0.767913
vt 0.455578 0.755144
vt 0.455578 0.763798
vt 0.458662 0.760777
vt 0.388218 0.841838
vt 0.383530 0.841838
vt 0.377640 0.850207
vt 0.409310 0.842418
vt 0.415022 0.851154
vt 0.398257 0.846332
vt 0.395757 0.846332
vt 0.395530 0.856782
vt 0.433662 0.842532
vt 0.429912 0.842532
vt 0.424191 0.851039
vt 0.455596 0.841727
vt 0.461477 0.850318
vt 0.444753 0.846330
vt 0.441160 0.846330
vt 0.441202 0.856784
vt 0.372390 0.873065
vt 0.372081 0.874551
vt 0.378671 0.844804
vt 0.378400 0.846118
vt 0.378662 0.873065
vt 0.378392 0.874551
vt 0.372405 0.826603
vt 0.378676 0.826603
vt 0.464515 0.844804
vt 0.464766 0.846118
vt 0.378727 0.876574
vt 0.379038 0.874836
vt 0.371573 0.876574
vt 0.371935 0.874836
vt 0.378719 0.904994
vt 0.379030 0.903056
vt 0.371564 0.904994
vt 0.371926 0.903056
vt 0.378525 0.830170
vt 0.378612 0.826887
vt 0.372332 0.826887
vt 0.372232 0.830170
vt 0.464522 0.873065
vt 0.464773 0.874551
vt 0.470786 0.844804
vt 0.471076 0.846118
vt 0.470795 0.873065
vt 0.471084 0.874551
vt 0.464510 0.826603
vt 0.470781 0.826603
vt 0.471586 0.876574
vt 0.471247 0.874836
vt 0.464432 0.876574
vt 0.464143 0.874836
vt 0.471595 0.904994
vt 0.471256 0.903056
vt 0.464440 0.904994
vt 0.464151 0.903056
vt 0.470943 0.830170
vt 0.470849 0.826887
vt 0.464569 0.826887
vt 0.464650 0.830170
vt 0.500135 0.920695
vt 0.500135 0.931503
vt 0.336092 0.920695
vt 0.336092 0.931503
vt 0.334994 0.902331
vt 0.334994 0.902892
vt 0.501197 0.902331
vt 0.501197 0.902892
vt 0.334970 0.934429
vt 0.334970 0.935820
vt 0.501221 0.934429
vt 0.501221 0.935820
vt 0.500168 0.979245
vt 0.500168 0.990207
vt 0.500526 0.986182
vt 0.500526 0.998988
vt 0.500535 0.999689
vt 0.500535 0.997295
vt 0.377000 0.815892
vt 0.376814 0.816713
vt 0.376997 0.825279
vt 0.376811 0.826142
vt 0.385792 0.824465
vt 0.380120 0.824421
vt 0.380122 0.815058
vt 0.385794 0.815100
vt 0.380011 0.804393
vt 0.376914 0.805081
vt 0.385690 0.804422
vt 0.376777 0.805652
vt 0.380072 0.815222
vt 0.385751 0.815253
vt 0.376975 0.815931
vt 0.376838 0.816537
vt 0.499901 0.815931
vt 0.500185 0.815931
vt 0.500218 0.816713
vt 0.500529 0.816713
vt 0.499870 0.825279
vt 0.500181 0.825279
vt 0.500223 0.826142
vt 0.500534 0.826142
vt 0.460084 0.815892
vt 0.460262 0.816713
vt 0.464012 0.816713
vt 0.460087 0.825279
vt 0.464015 0.826142
vt 0.460265 0.826142
vt 0.455046 0.826303
vt 0.451296 0.824465
vt 0.456969 0.824421
vt 0.456967 0.815058
vt 0.455044 0.816937
vt 0.451294 0.815100
vt 0.457077 0.804393
vt 0.499962 0.805081
vt 0.500123 0.805081
vt 0.460170 0.805081
vt 0.455146 0.806259
vt 0.451396 0.804422
vt 0.500222 0.805652
vt 0.500383 0.805652
vt 0.464051 0.805652
vt 0.460301 0.805652
vt 0.457015 0.815222
vt 0.455085 0.817091
vt 0.451335 0.815253
vt 0.460109 0.815931
vt 0.463990 0.816537
vt 0.460240 0.816537
vt 0.500161 0.816537
vt 0.500446 0.816537
vt 0.664297 0.995669
vt 0.501453 0.744896
vt 0.665300 0.745292
vt 0.501463 0.764293
vt 0.665330 0.764293
vt 0.626999 0.745200
vt 0.627025 0.758636
vt 0.627025 0.764293
vt 0.539685 0.744989
vt 0.539700 0.764293
vt 0.539700 0.758636
vt 0.501509 0.851953
vt 0.665469 0.851953
vt 0.544485 0.851953
vt 0.538572 0.846118
vt 0.576113 0.851953
vt 0.537886 0.844804
vt 0.591037 0.851953
vt 0.665980 0.859344
vt 0.622569 0.851953
vt 0.501678 0.859344
vt 0.540228 0.745530
vt 0.627941 0.745742
vt 0.623375 0.764922
vt 0.623375 0.763076
vt 0.627967 0.763076
vt 0.627967 0.764922
vt 0.540243 0.764922
vt 0.540243 0.763076
vt 0.544979 0.764922
vt 0.544979 0.763076
vt 0.576734 0.764922
vt 0.576734 0.763076
vt 0.591717 0.764922
vt 0.591717 0.763076
vt 0.666023 0.886491
vt 0.501692 0.886491
vt 0.665523 0.885960
vt 0.664117 0.896211
vt 0.501527 0.885960
vt 0.500121 0.896211
vt 0.665480 0.858869
vt 0.501513 0.858869
vt 0.555062 0.768893
vt 0.546836 0.755144
vt 0.546836 0.763798
vt 0.541539 0.764293
vt 0.541539 0.758636
vt 0.544687 0.760777
vt 0.578900 0.764293
vt 0.578900 0.758636
vt 0.578900 0.768922
vt 0.574428 0.768893
vt 0.572602 0.755144
vt 0.574634 0.768428
vt 0.576367 0.760777
vt 0.598619 0.768335
vt 0.593194 0.755144
vt 0.593194 0.763798
vt 0.588064 0.758636
vt 0.588064 0.764293
vt 0.591315 0.760777
vt 0.625329 0.758636
vt 0.625329 0.764293
vt 0.620019 0.768335
vt 0.618864 0.755144
vt 0.618864 0.763798
vt 0.622899 0.760777
vt 0.555119 0.837684
vt 0.546899 0.841838
vt 0.541606 0.850207
vt 0.574497 0.838195
vt 0.574711 0.842418
vt 0.572680 0.842418
vt 0.578989 0.851154
vt 0.565900 0.841645
vt 0.559131 0.846332
vt 0.559503 0.856782
vt 0.598692 0.842532
vt 0.593282 0.842532
vt 0.588159 0.851039
vt 0.620102 0.841727
vt 0.618965 0.841727
vt 0.625443 0.850318
vt 0.608072 0.846330
vt 0.604533 0.846330
vt 0.605175 0.856784
vt 0.537906 0.873065
vt 0.538593 0.874551
vt 0.544157 0.844804
vt 0.544882 0.846118
vt 0.544179 0.873065
vt 0.544904 0.874551
vt 0.537872 0.826603
vt 0.544143 0.826603
vt 0.630001 0.844804
vt 0.631248 0.846118
vt 0.545536 0.876574
vt 0.544690 0.874836
vt 0.538383 0.876574
vt 0.537586 0.874836
vt 0.545558 0.904994
vt 0.544712 0.903056
vt 0.538403 0.904994
vt 0.537607 0.903056
vt 0.544549 0.830170
vt 0.544314 0.826887
vt 0.538034 0.826887
vt 0.538256 0.830170
vt 0.631707 0.873065
vt 0.631286 0.874551
vt 0.636273 0.844804
vt 0.637558 0.846118
vt 0.636312 0.873065
vt 0.637597 0.874551
vt 0.629977 0.826603
vt 0.636248 0.826603
vt 0.638395 0.876574
vt 0.636899 0.874836
vt 0.631242 0.876574
vt 0.629795 0.874836
vt 0.638435 0.904994
vt 0.636937 0.903056
vt 0.631280 0.904994
vt 0.629833 0.903056
vt 0.636967 0.830170
vt 0.636551 0.826887
vt 0.630271 0.826887
vt 0.630674 0.830170
vt 0.664186 0.920695
vt 0.664186 0.931503
vt 0.500143 0.920695
vt 0.500143 0.931503
vt 0.501206 0.902331
vt 0.501206 0.902892
vt 0.667409 0.902331
vt 0.667409 0.902892
vt 0.501230 0.934429
vt 0.501230 0.935820
vt 0.667481 0.934429
vt 0.667481 0.935820
vt 0.664270 0.979245
vt 0.664271 0.990207
vt 0.665355 0.986182
vt 0.665355 0.998988
vt 0.665381 0.999689
vt 0.665381 0.997295
vt 0.540638 0.815892
vt 0.541169 0.816713
vt 0.540645 0.825279
vt 0.541176 0.826142
vt 0.549059 0.824465
vt 0.543349 0.824421
vt 0.543342 0.815058
vt 0.549051 0.815100
vt 0.543384 0.804393
vt 0.540596 0.805081
vt 0.549090 0.804422
vt 0.540987 0.805652
vt 0.543446 0.815222
vt 0.549153 0.815253
vt 0.540658 0.815931
vt 0.541050 0.816537
vt 0.663584 0.815931
vt 0.663868 0.815931
vt 0.664573 0.816713
vt 0.664884 0.816713
vt 0.663518 0.825279
vt 0.663828 0.825279
vt 0.664588 0.826142
vt 0.664899 0.826142
vt 0.623722 0.815892
vt 0.624617 0.816713
vt 0.623734 0.825279
vt 0.624630 0.826142
vt 0.620188 0.826009
vt 0.614563 0.824465
vt 0.620199 0.824421
vt 0.620187 0.815058
vt 0.620176 0.816643
vt 0.614551 0.815100
vt 0.620449 0.804393
vt 0.663643 0.805081
vt 0.663804 0.805081
vt 0.623851 0.805081
vt 0.620421 0.805965
vt 0.614796 0.804422
vt 0.664432 0.805652
vt 0.664594 0.805652
vt 0.624511 0.805652
vt 0.620390 0.815222
vt 0.620362 0.816797
vt 0.614737 0.815253
vt 0.623792 0.815931
vt 0.624452 0.816537
vt 0.664373 0.816537
vt 0.664658 0.816537
vt 0.828416 0.995669
vt 0.665308 0.744896
vt 0.829154 0.745292
vt 0.665338 0.764293
vt 0.829205 0.764293
vt 0.790854 0.745200
vt 0.790900 0.758636
vt 0.790900 0.764293
vt 0.703539 0.744989
vt 0.703575 0.764293
vt 0.703575 0.758636
vt 0.665478 0.851953
vt 0.829437 0.851953
vt 0.708454 0.851953
vt 0.703598 0.846118
vt 0.740082 0.851953
vt 0.701916 0.844804
vt 0.755005 0.851953
vt 0.830291 0.859344
vt 0.786537 0.851953
vt 0.665989 0.859344
vt 0.704831 0.745530
vt 0.792545 0.745742
vt 0.787999 0.764922
vt 0.787999 0.763076
vt 0.792591 0.763076
vt 0.792591 0.764922
vt 0.704867 0.764922
vt 0.704867 0.763076
vt 0.709603 0.764922
vt 0.709603 0.763076
vt 0.741358 0.764922
vt 0.741358 0.763076
vt 0.756341 0.764922
vt 0.756341 0.763076
vt 0.830363 0.886491
vt 0.666032 0.886491
vt 0.829528 0.885960
vt 0.828121 0.896211
vt 0.665531 0.885960
vt 0.664125 0.896211
vt 0.829456 0.858869
vt 0.665489 0.858869
vt 0.717956 0.768011
vt 0.710122 0.755144
vt 0.710122 0.763798
vt 0.705414 0.764293
vt 0.705414 0.758636
vt 0.708923 0.760777
vt 0.742775 0.764293
vt 0.742775 0.758636
vt 0.742775 0.768505
vt 0.736537 0.768011
vt 0.735889 0.755144
vt 0.735889 0.768011
vt 0.740604 0.760777
vt 0.760967 0.767142
vt 0.756480 0.755144
vt 0.756480 0.763798
vt 0.751940 0.758636
vt 0.751940 0.764293
vt 0.755552 0.760777
vt 0.789204 0.758636
vt 0.789204 0.764293
vt 0.781762 0.767142
vt 0.782151 0.755144
vt 0.782151 0.763798
vt 0.787135 0.760777
vt 0.718061 0.835357
vt 0.710269 0.841838
vt 0.705573 0.850207
vt 0.736653 0.835937
vt 0.736050 0.842418
vt 0.742957 0.851154
vt 0.726886 0.839850
vt 0.722505 0.846332
vt 0.723477 0.856782
vt 0.761105 0.842532
vt 0.756652 0.842532
vt 0.759777 0.842532
vt 0.752126 0.851039
vt 0.755251 0.851039
vt 0.781910 0.841727
vt 0.782334 0.841727
vt 0.789410 0.850318
vt 0.770223 0.846330
vt 0.767908 0.846330
vt 0.769149 0.856784
vt 0.701966 0.873065
vt 0.703650 0.874551
vt 0.708187 0.844804
vt 0.709908 0.846118
vt 0.708239 0.873065
vt 0.709960 0.874551
vt 0.701883 0.826603
vt 0.708154 0.826603
vt 0.794032 0.844804
vt 0.796274 0.846118
vt 0.710889 0.876574
vt 0.708885 0.874836
vt 0.703735 0.876574
vt 0.701782 0.874836
vt 0.710941 0.904994
vt 0.708937 0.903056
vt 0.703786 0.904994
vt 0.701832 0.903056
vt 0.709116 0.830170
vt 0.708560 0.826887
vt 0.702280 0.826887
vt 0.702824 0.830170
vt 0.794099 0.873065
vt 0.796342 0.874551
vt 0.800303 0.844804
vt 0.802583 0.846118
vt 0.800372 0.873065
vt 0.802653 0.874551
vt 0.793988 0.826603
vt 0.800259 0.826603
vt 0.803748 0.876574
vt 0.801094 0.874836
vt 0.796594 0.876574
vt 0.793990 0.874836
vt 0.803818 0.904994
vt 0.801162 0.903056
vt 0.796663 0.904994
vt 0.794058 0.903056
vt 0.801534 0.830170
vt 0.800797 0.826887
vt 0.794517 0.826887
vt 0.795242 0.830170
vt 0.828237 0.920695
vt 0.828237 0.931503
vt 0.664195 0.920695
vt 0.664195 0.931503
vt 0.667418 0.902331
vt 0.667418 0.902892
vt 0.833621 0.902331
vt 0.833621 0.902892
vt 0.667489 0.934429
vt 0.667489 0.935820
vt 0.833740 0.934429
vt 0.833740 0.935820
vt 0.828373 0.979245
vt 0.828373 0.990207
vt 0.830183 0.986182
vt 0.830183 0.998988
vt 0.830227 0.999689
vt 0.830227 0.997295
vt 0.704275 0.815892
vt 0.705523 0.816713
vt 0.704292 0.825279
vt 0.705541 0.826142
vt 0.712325 0.824465
vt 0.706579 0.824421
vt 0.706562 0.815058
vt 0.712308 0.815100
vt 0.706757 0.804393
vt 0.704277 0.805081
vt 0.712490 0.804422
vt 0.705197 0.805652
vt 0.706821 0.815222
vt 0.712555 0.815253
vt 0.704342 0.815931
vt 0.705262 0.816537
vt 0.827141 0.815892
vt 0.827267 0.815931
vt 0.827451 0.815892
vt 0.827551 0.815931
vt 0.828928 0.816713
vt 0.829239 0.816713
vt 0.827166 0.825279
vt 0.827476 0.825279
vt 0.828953 0.826142
vt 0.829264 0.826142
vt 0.787359 0.815892
vt 0.788972 0.816713
vt 0.787382 0.825279
vt 0.788995 0.826142
vt 0.777829 0.824465
vt 0.783429 0.824421
vt 0.783407 0.815058
vt 0.777807 0.815100
vt 0.783822 0.804393
vt 0.827325 0.805081
vt 0.827486 0.805081
vt 0.787533 0.805081
vt 0.778196 0.804422
vt 0.828642 0.805652
vt 0.828804 0.805652
vt 0.788722 0.805652
vt 0.783764 0.815222
vt 0.778139 0.815253
vt 0.787475 0.815931
vt 0.788664 0.816537
vt 0.828584 0.816537
vt 0.828870 0.816537
vt 0.992527 0.995669
vt 0.829162 0.744896
vt 0.993010 0.745292
vt 0.829214 0.764293
vt 0.993080 0.764293
vt 0.954709 0.745200
vt 0.954775 0.758636
vt 0.954775 0.764293
vt 0.867394 0.744989
vt 0.867450 0.764293
vt 0.867450 0.758636
vt 0.829446 0.851953
vt 0.993406 0.851953
vt 0.872422 0.851953
vt 0.868518 0.846118
vt 0.904050 0.851953
vt 0.865840 0.844804
vt 0.918974 0.851953
vt 0.994603 0.859344
vt 0.950506 0.851953
vt 0.830300 0.859344
vt 0.869434 0.745530
vt 0.957148 0.745742
vt 0.952623 0.764922
vt 0.952623 0.763076
vt 0.957215 0.763076
vt 0.957215 0.764922
vt 0.869491 0.764922
vt 0.869491 0.763076
vt 0.874227 0.764922
vt 0.874227 0.763076
vt 0.905982 0.764922
vt 0.905982 0.763076
vt 0.920965 0.764922
vt 0.920965 0.763076
vt 0.994704 0.886491
vt 0.830372 0.886491
vt 0.993532 0.885960
vt 0.992126 0.896211
vt 0.829536 0.885960
vt 0.828130 0.896211
vt 0.993432 0.858869
vt 0.829464 0.858869
vt 0.881500 0.768659
vt 0.873409 0.755144
vt 0.873409 0.763798
vt 0.869290 0.764293
vt 0.869290 0.758636
vt 0.873160 0.760777
vt 0.906651 0.758636
vt 0.906651 0.764293
vt 0.897118 0.768659
vt 0.899175 0.755144
vt 0.899175 0.763798
vt 0.904840 0.760777
vt 0.921255 0.769106
vt 0.919767 0.755144
vt 0.919767 0.763798
vt 0.915815 0.758636
vt 0.915815 0.764293
vt 0.919788 0.760777
vt 0.953080 0.758636
vt 0.953080 0.764293
vt 0.940122 0.769106
vt 0.945438 0.755144
vt 0.945438 0.763798
vt 0.951372 0.760777
vt 0.881639 0.841838
vt 0.873638 0.841838
vt 0.869540 0.850207
vt 0.897266 0.842418
vt 0.899419 0.842418
vt 0.906925 0.851154
vt 0.889058 0.846332
vt 0.885879 0.846332
vt 0.887451 0.856782
vt 0.921510 0.842532
vt 0.920022 0.842532
vt 0.916094 0.851039
vt 0.940388 0.841727
vt 0.945703 0.841727
vt 0.953377 0.850318
vt 0.931281 0.846330
vt 0.933123 0.856784
vt 0.865921 0.873065
vt 0.868600 0.874551
vt 0.872111 0.844804
vt 0.874828 0.846118
vt 0.872193 0.873065
vt 0.874911 0.874551
vt 0.865788 0.826603
vt 0.872059 0.826603
vt 0.954515 0.844804
vt 0.957753 0.846118
vt 0.876135 0.876574
vt 0.872974 0.874836
vt 0.868982 0.876574
vt 0.865870 0.874836
vt 0.876219 0.904994
vt 0.873056 0.903056
vt 0.869063 0.904994
vt 0.865951 0.903056
vt 0.873578 0.830170
vt 0.872700 0.826887
vt 0.866420 0.826887
vt 0.867286 0.830170
vt 0.954613 0.873065
vt 0.957852 0.874551
vt 0.960787 0.844804
vt 0.964063 0.846118
vt 0.960886 0.873065
vt 0.964163 0.874551
vt 0.954452 0.826603
vt 0.960723 0.826603
vt 0.965554 0.876574
vt 0.961742 0.874836
vt 0.958400 0.876574
vt 0.954639 0.874836
vt 0.965655 0.904994
vt 0.961841 0.903056
vt 0.958500 0.904994
vt 0.954737 0.903056
vt 0.962556 0.830170
vt 0.961497 0.826887
vt 0.955216 0.826887
vt 0.956264 0.830170
vt 0.992289 0.920695
vt 0.992289 0.931503
vt 0.828246 0.920695
vt 0.828246 0.931503
vt 0.833630 0.902331
vt 0.833630 0.902892
vt 0.965146 0.902331
vt 0.992144 0.902892
vt 0.833749 0.934429
vt 0.833749 0.935820
vt 1.000000 0.934429
vt 0.965312 0.935820
vt 0.992466 0.979245
vt 0.992466 0.990207
vt 0.995003 0.986182
vt 0.995003 0.998988
vt 0.995065 0.999689
vt 0.995065 0.997295
vt 0.867913 0.815892
vt 0.869878 0.816713
vt 0.867940 0.825279
vt 0.869906 0.826142
vt 0.875592 0.824465
vt 0.869809 0.824421
vt 0.869782 0.815058
vt 0.875564 0.815100
vt 0.870130 0.804393
vt 0.867959 0.805081
vt 0.875890 0.804422
vt 0.869407 0.805652
vt 0.870195 0.815222
vt 0.875956 0.815253
vt 0.868025 0.815931
vt 0.869474 0.816537
vt 0.990778 0.815892
vt 0.993282 0.816713
vt 0.990813 0.825279
vt 0.993317 0.826142
vt 0.950997 0.815892
vt 0.953327 0.816713
vt 0.951030 0.825279
vt 0.953359 0.826142
vt 0.941096 0.824465
vt 0.946659 0.824421
vt 0.946627 0.815058
vt 0.941064 0.815100
vt 0.947195 0.804393
vt 0.991006 0.805081
vt 0.951214 0.805081
vt 0.941596 0.804422
vt 0.992853 0.805652
vt 0.952932 0.805652
vt 0.947139 0.815222
vt 0.941540 0.815253
vt 0.951158 0.815931
vt 0.952876 0.816537
vt 0.992797 0.816537
vt 0.990950 0.815931
s 1
usemtl building_dock_apartments
f 1/1/1 2/2/1 6/7/2 5/6/2
f 5/6/2 6/7/2 93/107/12 92/106/12
f 7/8/13 11/14/14 18/23/15 12/16/16 9/12/16
f 9/12/16 12/16/16 16/21/17 17/22/18 14/19/16 10/13/19 4/5/20 3/3/21
f 12/16/16 18/23/15 19/24/22 16/21/17
f 14/19/16 15/20/23 13/17/24 8/10/13 10/13/19
f 18/23/15 11/14/14 63/76/25 64/77/26
f 20/25/27 21/26/28 22/27/29 17/22/18 16/21/17
f 17/22/18 23/28/30 24/29/31 15/20/23 14/19/16
f 29/36/32 28/35/33 46/57/9 47/58/8
f 34/42/34 35/44/35 53/65/36 52/63/37
f 35/43/35 42/51/45 60/73/38 53/66/36
f 36/45/46 34/41/34 52/64/37 54/67/44
f 30/37/47 29/36/32 47/58/8 48/59/7
f 37/46/48 36/45/46 54/67/44 55/68/43
f 31/38/49 30/37/47 48/59/7 49/60/6
f 38/47/50 37/46/48 55/68/43 56/69/42
f 32/39/51 31/38/49 49/60/6 50/61/5
f 39/48/52 38/47/50 56/69/42 57/70/41
f 33/40/53 32/39/51 50/61/5 51/62/4
f 25/31/54 26/33/55 44/54/3 43/52/11
f 40/49/56 39/48/52 57/70/41 58/71/40
f 26/32/55 33/40/53 51/62/4 44/55/3
f 27/34/57 25/30/54 43/53/11 45/56/10
f 41/50/58 40/49/56 58/71/40 59/72/39
f 28/35/33 27/34/57 45/56/10 46/57/9
f 42/51/45 41/50/58 59/72/39 60/73/38
f 19/24/22 18/23/15 64/77/26 65/78/22
f 16/21/17 19/24/22 65/78/22 66/79/59
f 11/14/14 25/30/54 74/87/60 63/76/25
f 20/25/27 16/21/17 66/79/59 67/80/27
f 21/26/28 20/25/27 67/80/27 68/81/28
f 22/27/29 21/26/28 68/81/28 69/82/29
f 26/32/55 34/41/34 83/96/61 82/95/62
f 17/22/18 22/27/29 69/82/29 70/83/63
f 23/28/30 17/22/18 70/83/63 71/84/30
f 66/79/59 65/78/22 64/77/26 63/76/25 74/87/60 75/88/64 76/89/65 77/90/66 78/91/67 79/92/68 80/93/69 81/94/70 82/95/62 83/96/61 84/97/71 85/98/72 86/99/73 87/100/74 88/101/75 89/102/76 90/103/77 73/86/78 61/74/79 62/75/80 72/85/31 71/84/30 70/83/63 69/82/29 68/81/28 67/80/27
f 24/29/31 23/28/30 71/84/30 72/85/31
f 15/20/23 24/29/31 72/85/31 62/75/80
f 13/17/24 15/20/23 62/75/80 61/74/79
f 25/30/54 27/34/57 75/88/64 74/87/60
f 27/34/57 28/35/33 76/89/65 75/88/64
f 28/35/33 29/36/32 77/90/66 76/89/65
f 29/36/32 30/37/47 78/91/67 77/90/66
f 30/37/47 31/38/49 79/92/68 78/91/67
f 31/38/49 32/39/51 80/93/69 79/92/68
f 32/39/51 33/40/53 81/94/70 80/93/69
f 33/40/53 26/32/55 82/95/62 81/94/70
f 34/41/34 36/45/46 84/97/71 83/96/61
f 36/45/46 37/46/48 85/98/72 84/97/71
f 37/46/48 38/47/50 86/99/73 85/98/72
f 38/47/50 39/48/52 87/100/74 86/99/73
f 39/48/52 40/49/56 88/101/75 87/100/74
f 40/49/56 41/50/58 89/102/76 88/101/75
f 41/50/58 42/51/45 90/103/77 89/102/76
f 42/51/45 35/43/35 73/86/78 90/103/77
f 35/43/35 13/17/24 61/74/79 73/86/78
f 92/106/12 93/107/12 94/108/81 95/110/82 97/114/83 100/120/81 99/118/81 98/116/84 96/112/85 91/104/81
f 11/15/14 7/9/13 91/105/81 96/113/85
f 34/42/34 26/33/55 99/119/81 100/121/81
f 25/31/54 11/15/14 96/113/85 98/117/84
f 35/44/35 34/42/34 100/121/81 97/115/83
f 8/11/13 13/18/24 95/111/82 94/109/81
f 13/18/24 35/44/35 97/115/83 95/111/82
f 26/33/55 25/31/54 98/117/84 99/119/81
f 101/122/1 102/123/1 106/127/2 105/126/2
f 105/126/2 106/127/2 193/225/12 192/224/12
f 107/128/13 111/134/14 118/143/15 112/136/1 109/132/1
f 109/132/1 112/136/1 116/141/86 117/142/87 114/139/1 110/133/1 104/125/1 103/124/1
f 112/136/1 118/143/15 119/144/22 116/141/86
f 114/139/1 115/140/88 113/137/24 108/130/13 110/133/1
f 118/143/15 111/134/14 163/194/89 164/195/26
f 120/145/27 121/146/28 122/147/29 117/142/87 116/141/86
f 117/142/87 123/148/30 124/149/31 115/140/88 114/139/1
f 129/156/32 128/155/33 146/177/9 147/178/8
f 134/162/34 135/164/35 153/184/36 152/183/37
f 135/163/35 142/171/45 160/191/38 153/184/36
f 136/165/46 134/161/34 152/183/37 154/185/44
f 130/157/47 129/156/32 147/178/8 148/179/7
f 137/166/48 136/165/46 154/185/44 155/186/43
f 131/158/49 130/157/47 148/179/7 149/180/6
f 138/167/50 137/166/48 155/186/43 156/187/42
f 132/159/51 131/158/49 149/180/6 150/181/5
f 139/168/52 138/167/50 156/187/42 157/188/41
f 133/160/53 132/159/51 150/181/5 151/182/4
f 125/151/54 126/153/55 144/174/3 143/172/11
f 140/169/56 139/168/52 157/188/41 158/189/40
f 126/152/55 133/160/53 151/182/4 144/175/3
f 127/154/57 125/150/54 143/173/11 145/176/10
f 141/170/58 140/169/56 158/189/40 159/190/39
f 128/155/33 127/154/57 145/176/10 146/177/9
f 142/171/45 141/170/58 159/190/39 160/191/38
f 119/144/22 118/143/15 164/195/26 165/196/22
f 116/141/86 119/144/22 165/196/22 166/197/59
f 111/134/14 125/150/54 174/205/60 163/194/89
f 120/145/27 116/141/86 166/197/59 167/198/27
f 121/146/28 120/145/27 167/198/27 168/199/28
f 122/147/29 121/146/28 168/199/28 169/200/29
f 126/152/55 134/161/34 183/214/61 182/213/62
f 117/142/87 122/147/29 169/200/29 170/201/63
f 123/148/30 117/142/87 170/201/63 171/202/30
f 166/197/59 165/196/22 164/195/26 163/194/89 174/205/60 175/206/64 176/207/65 177/208/66 178/209/67 179/210/68 180/211/69 181/212/70 182/213/62 183/214/61 184/215/71 185/216/72 186/217/73 187/218/74 188/219/75 189/220/76 190/221/77 173/204/78 161/192/79 162/193/80 172/203/31 171/202/30 170/201/63 169/200/29 168/199/28 167/198/27
f 124/149/31 123/148/30 171/202/30 172/203/31
f 115/140/88 124/149/31 172/203/31 162/193/80
f 113/137/24 115/140/88 162/193/80 161/192/79
f 125/150/54 127/154/57 175/206/64 174/205/60
f 127/154/57 128/155/33 176/207/65 175/206/64
f 128/155/33 129/156/32 177/208/66 176/207/65
f 129/156/32 130/157/47 178/209/67 177/208/66
f 130/157/47 131/158/49 179/210/68 178/209/67
f 131/158/49 132/159/51 180/211/69 179/210/68
f 132/159/51 133/160/53 181/212/70 180/211/69
f 133/160/53 126/152/55 182/213/62 181/212/70
f 134/161/34 136/165/46 184/215/71 183/214/61
f 136/165/46 137/166/48 185/216/72 184/215/71
f 137/166/48 138/167/50 186/217/73 185/216/72
f 138/167/50 139/168/52 187/218/74 186/217/73
f 139/168/52 140/169/56 188/219/75 187/218/74
f 140/169/56 141/170/58 189/220/76 188/219/75
f 141/170/58 142/171/45 190/221/77 189/220/76
f 142/171/45 135/163/35 173/204/78 190/221/77
f 135/163/35 113/137/24 161/192/79 173/204/78
f 192/224/12 193/225/12 194/226/81 195/228/82 197/232/83 200/238/81 199/236/81 198/234/84 196/230/85 191/222/81
f 111/135/14 107/129/13 191/223/81 196/231/85
f 134/162/34 126/153/55 199/237/81 200/239/81
f 125/151/54 111/135/14 196/231/85 198/235/84
f 135/164/35 134/162/34 200/239/81 197/233/83
f 108/131/13 113/138/24 195/229/82 194/227/81
f 113/138/24 135/164/35 197/233/83 195/229/82
f 126/153/55 125/151/54 198/235/84 199/237/81
f 201/240/1 202/241/1 206/245/2 205/244/2
f 205/244/2 206/245/2 293/342/12 292/341/12
f 207/246/13 211/251/90 218/259/15 212/252/1 209/249/1
f 209/249/1 212/252/1 216/257/86 217/258/87 214/255/1 210/250/1 204/243/1 203/242/1
f 212/252/1 218/259/15 219/260/22 216/257/86
f 214/255/1 215/256/23 213/253/91 208/247/13 210/250/1
f 218/259/15 211/251/90 263/312/89 264/313/26
f 220/261/27 221/262/28 222/263/29 217/258/87 216/257/86
f 217/258/87 223/264/30 224/265/31 215/256/23 214/255/1
f 229/272/32 228/271/33 246/293/9 247/294/8
f 234/278/34 235/280/35 253/301/36 252/299/92
f 235/279/35 242/287/45 260/309/38 253/302/36
f 236/281/46 234/277/34 252/300/92 254/303/44
f 230/273/47 229/272/32 247/294/8 248/295/7
f 237/282/48 236/281/46 254/303/44 255/304/43
f 231/274/49 230/273/47 248/295/7 249/296/6
f 238/283/50 237/282/48 255/304/43 256/305/42
f 232/275/51 231/274/49 249/296/6 250/297/5
f 239/284/52 238/283/50 256/305/42 257/306/41
f 233/276/53 232/275/51 250/297/5 251/298/4
f 225/267/54 226/269/55 244/290/3 243/288/11
f 240/285/56 239/284/52 257/306/41 258/307/40
f 226/268/55 233/276/53 251/298/4 244/291/3
f 227/270/57 225/266/54 243/289/11 245/292/10
f 241/286/58 240/285/56 258/307/40 259/308/39
f 228/271/33 227/270/57 245/292/10 246/293/9
f 242/287/45 241/286/58 259/308/39 260/309/38
f 219/260/22 218/259/15 264/313/26 265/314/22
f 216/257/86 219/260/22 265/314/22 266/315/59
f 211/251/90 225/266/54 274/323/60 263/312/89
f 220/261/27 216/257/86 266/315/59 267/316/27
f 221/262/28 220/261/27 267/316/27 268/317/28
f 222/263/29 221/262/28 268/317/28 269/318/29
f 226/268/55 234/277/34 283/332/61 282/331/62
f 217/258/87 222/263/29 269/318/29 270/319/63
f 223/264/30 217/258/87 270/319/63 271/320/30
f 266/315/59 265/314/22 264/313/26 263/312/89 274/323/60 275/324/64 276/325/65 277/326/66 278/327/67 279/328/68 280/329/69 281/330/70 282/331/62 283/332/61 284/333/71 285/334/72 286/335/73 287/336/74 288/337/75 289/338/76 290/339/77 273/322/78 261/310/79 262/311/80 272/321/31 271/320/30 270/319/63 269/318/29 268/317/28 267/316/27
f 224/265/31 223/264/30 271/320/30 272/321/31
f 215/256/23 224/265/31 272/321/31 262/311/80
f 213/253/91 215/256/23 262/311/80 261/310/79
f 225/266/54 227/270/57 275/324/64 274/323/60
f 227/270/57 228/271/33 276/325/65 275/324/64
f 228/271/33 229/272/32 277/326/66 276/325/65
f 229/272/32 230/273/47 278/327/67 277/326/66
f 230/273/47 231/274/49 279/328/68 278/327/67
f 231/274/49 232/275/51 280/329/69 279/328/68
f 232/275/51 233/276/53 281/330/70 280/329/69
f 233/276/53 226/268/55 282/331/62 281/330/70
f 234/277/34 236/281/46 284/333/71 283/332/61
f 236/281/46 237/282/48 285/334/72 284/333/71
f 237/282/48 238/283/50 286/335/73 285/334/72
f 238/283/50 239/284/52 287/336/74 286/335/73
f 239/284/52 240/285/56 288/337/75 287/336/74
f 240/285/56 241/286/58 289/338/76 288/337/75
f 241/286/58 242/287/45 290/339/77 289/338/76
f 242/287/45 235/279/35 273/322/78 290/339/77
f 235/279/35 213/253/91 261/310/79 273/322/78
f 292/341/12 293/342/12 294/343/81 295/345/82 297/348/83 300/354/81 299/352/81 298/350/84 296/347/85 291/340/81
f 211/251/90 207/246/13 291/340/81 296/347/85
f 234/278/34 226/269/55 299/353/81 300/355/81
f 225/266/54 211/251/90 296/347/85 298/350/84
f 235/280/35 234/278/34 300/355/81 297/349/83
f 208/248/13 213/254/91 295/346/82 294/344/81
f 213/254/91 235/280/35 297/349/83 295/346/82
f 226/269/55 225/267/54 298/351/84 299/353/81
f 2/2/1 301/356/1 303/358/2 6/7/2
f 6/7/2 303/358/2 386/452/12 93/107/12
f 8/10/13 306/362/14 313/371/15 307/364/94 10/13/19
f 10/13/19 307/364/94 311/369/95 312/370/96 309/367/94 305/361/94 302/357/97 4/5/20
f 307/364/94 313/371/15 314/372/22 311/369/95
f 309/367/94 310/368/23 308/365/24 304/359/13 305/361/94
f 313/371/15 306/362/14 358/424/25 359/425/26
f 315/373/27 316/374/28 317/375/29 312/370/96 311/369/95
f 312/370/96 318/376/30 319/377/31 310/368/23 309/367/94
f 324/384/32 323/383/33 341/405/9 342/406/8
f 329/390/34 330/392/35 348/413/36 347/411/92
f 330/391/35 337/399/45 355/421/38 348/414/36
f 331/393/46 329/389/34 347/412/92 349/415/44
f 325/385/47 324/384/32 342/406/8 343/407/7
f 332/394/48 331/393/46 349/415/44 350/416/43
f 326/386/49 325/385/47 343/407/7 344/408/6
f 333/395/50 332/394/48 350/416/43 351/417/42
f 327/387/51 326/386/49 344/408/6 345/409/5
f 334/396/52 333/395/50 351/417/42 352/418/41
f 328/388/53 327/387/51 345/409/5 346/410/4
f 320/379/54 321/381/55 339/402/3 338/400/93
f 335/397/56 334/396/52 352/418/41 353/419/40
f 321/380/55 328/388/53 346/410/4 339/403/3
f 322/382/57 320/378/54 338/401/93 340/404/10
f 336/398/58 335/397/56 353/419/40 354/420/39
f 323/383/33 322/382/57 340/404/10 341/405/9
f 337/399/45 336/398/58 354/420/39 355/421/38
f 314/372/22 313/371/15 359/425/26 360/426/22
f 311/369/95 314/372/22 360/426/22 361/427/59
f 306/362/14 320/378/54 369/435/60 358/424/25
f 315/373/27 311/369/95 361/427/59 362/428/27
f 316/374/28 315/373/27 362/428/27 363/429/28
f 317/375/29 316/374/28 363/429/28 364/430/29
f 321/380/55 329/389/34 378/444/61 377/443/62
f 312/370/96 317/375/29 364/430/29 365/431/63
f 318/376/30 312/370/96 365/431/63 366/432/30
f 361/427/59 360/426/22 359/425/26 358/424/25 369/435/60 370/436/64 371/437/65 372/438/66 373/439/67 374/440/68 375/441/69 376/442/70 377/443/62 378/444/61 379/445/71 380/446/72 381/447/73 382/448/74 383/449/75 384/450/76 385/451/77 368/434/78 356/422/79 357/423/80 367/433/31 366/432/30 365/431/63 364/430/29 363/429/28 362/428/27
f 319/377/31 318/376/30 366/432/30 367/433/31
f 310/368/23 319/377/31 367/433/31 357/423/80
f 308/365/24 310/368/23 357/423/80 356/422/79
f 320/378/54 322/382/57 370/436/64 369/435/60
f 322/382/57 323/383/33 371/437/65 370/436/64
f 323/383/33 324/384/32 372/438/66 371/437/65
f 324/384/32 325/385/47 373/439/67 372/438/66
f 325/385/47 326/386/49 374/440/68 373/439/67
f 326/386/49 327/387/51 375/441/69 374/440/68
f 327/387/51 328/388/53 376/442/70 375/441/69
f 328/388/53 321/380/55 377/443/62 376/442/70
f 329/389/34 331/393/46 379/445/71 378/444/61
f 331/393/46 332/394/48 380/446/72 379/445/71
f 332/394/48 333/395/50 381/447/73 380/446/72
f 333/395/50 334/396/52 382/448/74 381/447/73
f 334/396/52 335/397/56 383/449/75 382/448/74
f 335/397/56 336/398/58 384/450/76 383/449/75
f 336/398/58 337/399/45 385/451/77 384/450/76
f 337/399/45 330/391/35 368/434/78 385/451/77
f 330/391/35 308/365/24 356/422/79 368/434/78
f 93/107/12 386/452/12 387/453/81 388/455/82 390/459/83 393/465/81 392/463/81 391/461/84 389/457/85 94/108/81
f 306/363/14 8/11/13 94/109/81 389/458/85
f 329/390/34 321/381/55 392/464/81 393/466/81
f 320/379/54 306/363/14 389/458/85 391/462/84
f 330/392/35 329/390/34 393/466/81 390/460/83
f 304/360/13 308/366/24 388/456/82 387/454/81
f 308/366/24 330/392/35 390/460/83 388/456/82
f 321/381/55 320/379/54 391/462/84 392/464/81
f 102/123/1 394/467/1 396/469/2 106/127/2
f 106/127/2 396/469/2 479/561/12 193/225/12
f 108/130/13 399/473/90 406/482/15 400/475/1 110/133/1
f 110/133/1 400/475/1 404/480/86 405/481/87 402/478/1 398/472/1 395/468/1 104/125/1
f 400/475/1 406/482/15 407/483/22 404/480/86
f 402/478/1 403/479/88 401/476/24 397/470/13 398/472/1
f 406/482/15 399/473/90 451/533/89 452/534/26
f 408/484/27 409/485/28 410/486/29 405/481/87 404/480/86
f 405/481/87 411/487/30 412/488/31 403/479/88 402/478/1
f 417/495/32 416/494/33 434/516/9 435/517/8
f 422/501/34 423/503/35 441/523/36 440/522/92
f 423/502/35 430/510/45 448/530/38 441/523/36
f 424/504/46 422/500/34 440/522/92 442/524/44
f 418/496/47 417/495/32 435/517/8 436/518/7
f 425/505/48 424/504/46 442/524/44 443/525/43
f 419/497/49 418/496/47 436/518/7 437/519/6
f 426/506/50 425/505/48 443/525/43 444/526/42
f 420/498/51 419/497/49 437/519/6 438/520/5
f 427/507/52 426/506/50 444/526/42 445/527/41
f 421/499/53 420/498/51 438/520/5 439/521/4
f 413/490/54 414/492/55 432/513/3 431/511/11
f 428/508/56 427/507/52 445/527/41 446/528/40
f 414/491/55 421/499/53 439/521/4 432/514/3
f 415/493/57 413/489/54 431/512/11 433/515/10
f 429/509/58 428/508/56 446/528/40 447/529/39
f 416/494/33 415/493/57 433/515/10 434/516/9
f 430/510/45 429/509/58 447/529/39 448/530/38
f 407/483/22 406/482/15 452/534/26 453/535/22
f 404/480/86 407/483/22 453/535/22 454/536/59
f 399/473/90 413/489/54 462/544/60 451/533/89
f 408/484/27 404/480/86 454/536/59 455/537/27
f 409/485/28 408/484/27 455/537/27 456/538/28
f 410/486/29 409/485/28 456/538/28 457/539/29
f 414/491/55 422/500/34 471/553/61 470/552/62
f 405/481/87 410/486/29 457/539/29 458/540/63
f 411/487/30 405/481/87 458/540/63 459/541/30
f 454/536/59 453/535/22 452/534/26 451/533/89 462/544/60 463/545/64 464/546/65 465/547/66 466/548/67 467/549/68 468/550/69 469/551/70 470/552/62 471/553/61 472/554/71 473/555/72 474/556/73 475/557/74 476/558/75 477/559/76 478/560/77 461/543/78 449/531/79 450/532/80 460/542/31 459/541/30 458/540/63 457/539/29 456/538/28 455/537/27
f 412/488/31 411/487/30 459/541/30 460/542/31
f 403/479/88 412/488/31 460/542/31 450/532/80
f 401/476/24 403/479/88 450/532/80 449/531/79
f 413/489/54 415/493/57 463/545/64 462/544/60
f 415/493/57 416/494/33 464/546/65 463/545/64
f 416/494/33 417/495/32 465/547/66 464/546/65
f 417/495/32 418/496/47 466/548/67 465/547/66
f 418/496/47 419/497/49 467/549/68 466/548/67
f 419/497/49 420/498/51 468/550/69 467/549/68
f 420/498/51 421/499/53 469/551/70 468/550/69
f 421/499/53 414/491/55 470/552/62 469/551/70
f 422/500/34 424/504/46 472/554/71 471/553/61
f 424/504/46 425/505/48 473/555/72 472/554/71
f 425/505/48 426/506/50 474/556/73 473/555/72
f 426/506/50 427/507/52 475/557/74 474/556/73
f 427/507/52 428/508/56 476/558/75 475/557/74
f 428/508/56 429/509/58 477/559/76 476/558/75
f 429/509/58 430/510/45 478/560/77 477/559/76
f 430/510/45 423/502/35 461/543/78 478/560/77
f 423/502/35 401/476/24 449/531/79 461/543/78
f 193/225/12 479/561/12 480/562/81 481/564/82 483/568/83 486/574/81 485/572/81 484/570/84 482/566/85 194/226/81
f 399/474/90 108/131/13 194/227/81 482/567/85
f 422/501/34 414/492/55 485/573/81 486/575/81
f 413/490/54 399/474/90 482/567/85 484/571/84
f 423/503/35 422/501/34 486/575/81 483/569/83
f 397/471/13 401/477/24 481/565/82 480/563/81
f 401/477/24 423/503/35 483/569/83 481/565/82
f 414/492/55 413/490/54 484/571/84 485/573/81
f 202/241/1 487/576/1 489/578/2 206/245/2
f 206/245/2 489/578/2 572/672/12 293/342/12
f 208/247/13 492/582/90 499/591/15 493/584/1 210/250/1
f 210/250/1 493/584/1 497/589/86 498/590/87 495/587/1 491/581/1 488/577/1 204/243/1
f 493/584/1 499/591/15 500/592/22 497/589/86
f 495/587/1 496/588/23 494/585/91 490/579/13 491/581/1
f 499/591/15 492/582/90 544/644/89 545/645/26
f 501/593/27 502/594/28 503/595/29 498/590/87 497/589/86
f 498/590/87 504/596/30 505/597/31 496/588/23 495/587/1
f 510/604/32 509/603/33 527/625/9 528/626/8
f 515/610/34 516/612/35 534/633/36 533/631/92
f 516/611/35 523/619/45 541/641/38 534/634/36
f 517/613/46 515/609/34 533/632/92 535/635/44
f 511/605/47 510/604/32 528/626/8 529/627/7
f 518/614/48 517/613/46 535/635/44 536/636/43
f 512/606/49 511/605/47 529/627/7 530/628/6
f 519/615/50 518/614/48 536/636/43 537/637/42
f 513/607/51 512/606/49 530/628/6 531/629/5
f 520/616/52 519/615/50 537/637/42 538/638/41
f 514/608/53 513/607/51 531/629/5 532/630/4
f 506/599/54 507/601/55 525/622/3 524/620/11
f 521/617/56 520/616/52 538/638/41 539/639/40
f 507/600/55 514/608/53 532/630/4 525/623/3
f 508/602/57 506/598/54 524/621/11 526/624/10
f 522/618/58 521/617/56 539/639/40 540/640/39
f 509/603/33 508/602/57 526/624/10 527/625/9
f 523/619/45 522/618/58 540/640/39 541/641/38
f 500/592/22 499/591/15 545/645/26 546/646/22
f 497/589/86 500/592/22 546/646/22 547/647/59
f 492/582/90 506/598/54 555/655/60 544/644/89
f 501/593/27 497/589/86 547/647/59 548/648/27
f 502/594/28 501/593/27 548/648/27 549/649/28
f 503/595/29 502/594/28 549/649/28 550/650/29
f 507/600/55 515/609/34 564/664/61 563/663/62
f 498/590/87 503/595/29 550/650/29 551/651/63
f 504/596/30 498/590/87 551/651/63 552/652/30
f 547/647/59 546/646/22 545/645/26 544/644/89 555/655/60 556/656/64 557/657/65 558/658/66 559/659/67 560/660/68 561/661/69 562/662/70 563/663/62 564/664/61 565/665/71 566/666/72 567/667/73 568/668/74 569/669/75 570/670/76 571/671/77 554/654/78 542/642/79 543/643/80 553/653/31 552/652/30 551/651/63 550/650/29 549/649/28 548/648/27
f 505/597/31 504/596/30 552/652/30 553/653/31
f 496/588/23 505/597/31 553/653/31 543/643/80
f 494/585/91 496/588/23 543/643/80 542/642/79
f 506/598/54 508/602/57 556/656/64 555/655/60
f 508/602/57 509/603/33 557/657/65 556/656/64
f 509/603/33 510/604/32 558/658/66 557/657/65
f 510/604/32 511/605/47 559/659/67 558/658/66
f 511/605/47 512/606/49 560/660/68 559/659/67
f 512/606/49 513/607/51 561/661/69 560/660/68
f 513/607/51 514/608/53 562/662/70 561/661/69
f 514/608/53 507/600/55 563/663/62 562/662/70
f 515/609/34 517/613/46 565/665/71 564/664/61
f 517/613/46 518/614/48 566/666/72 565/665/71
f 518/614/48 519/615/50 567/667/73 566/666/72
f 519/615/50 520/616/52 568/668/74 567/667/73
f 520/616/52 521/617/56 569/669/75 568/668/74
f 521/617/56 522/618/58 570/670/76 569/669/75
f 522/618/58 523/619/45 571/671/77 570/670/76
f 523/619/45 516/611/35 554/654/78 571/671/77
f 516/611/35 494/585/91 542/642/79 554/654/78
f 293/342/12 572/672/12 573/673/81 574/675/82 576/679/83 579/685/81 578/683/81 577/681/84 575/677/85 294/343/81
f 492/583/90 208/248/13 294/344/81 575/678/85
f 515/610/34 507/601/55 578/684/81 579/686/81
f 506/599/54 492/583/90 575/678/85 577/682/84
f 516/612/35 515/610/34 579/686/81 576/680/83
f 490/580/13 494/586/91 574/676/82 573/674/81
f 494/586/91 516/612/35 576/680/83 574/676/82
f 507/601/55 506/599/54 577/682/84 578/684/81
f 301/356/1 580/687/1 582/690/2 303/358/2
f 303/358/2 582/690/2 665/784/12 386/452/12
f 304/359/13 585/694/90 592/703/15 586/696/94 305/361/94
f 305/361/94 586/696/94 590/701/95 591/702/96 588/699/94 584/693/94 581/688/97 302/357/97
f 586/696/94 592/703/15 593/704/22 590/701/95
f 588/699/94 589/700/23 587/697/24 583/691/13 584/693/94
f 592/703/15 585/694/90 637/756/89 638/757/26
f 594/705/27 595/706/28 596/707/29 591/702/96 590/701/95
f 591/702/96 597/708/30 598/709/31 589/700/23 588/699/94
f 603/716/32 602/715/33 620/737/9 621/738/8
f 608/722/34 609/724/35 627/745/36 626/743/92
f 609/723/35 616/731/45 634/753/38 627/746/36
f 610/725/46 608/721/34 626/744/92 628/747/44
f 604/717/47 603/716/32 621/738/8 622/739/7
f 611/726/48 610/725/46 628/747/44 629/748/43
f 605/718/49 604/717/47 622/739/7 623/740/6
f 612/727/50 611/726/48 629/748/43 630/749/42
f 606/719/51 605/718/49 623/740/6 624/741/5
f 613/728/52 612/727/50 630/749/42 631/750/41
f 607/720/53 606/719/51 624/741/5 625/742/4
f 599/711/54 600/713/55 618/734/3 617/732/11
f 614/729/56 613/728/52 631/750/41 632/751/40
f 600/712/55 607/720/53 625/742/4 618/735/3
f 601/714/57 599/710/54 617/733/11 619/736/10
f 615/730/58 614/729/56 632/751/40 633/752/39
f 602/715/33 601/714/57 619/736/10 620/737/9
f 616/731/45 615/730/58 633/752/39 634/753/38
f 593/704/22 592/703/15 638/757/26 639/758/22
f 590/701/95 593/704/22 639/758/22 640/759/59
f 585/694/90 599/710/54 648/767/60 637/756/89
f 594/705/27 590/701/95 640/759/59 641/760/27
f 595/706/28 594/705/27 641/760/27 642/761/28
f 596/707/29 595/706/28 642/761/28 643/762/29
f 600/712/55 608/721/34 657/776/61 656/775/62
f 591/702/96 596/707/29 643/762/29 644/763/63
f 597/708/30 591/702/96 644/763/63 645/764/30
f 640/759/59 639/758/22 638/757/26 637/756/89 648/767/60 649/768/64 650/769/65 651/770/66 652/771/67 653/772/68 654/773/69 655/774/70 656/775/62 657/776/61 658/777/71 659/778/72 660/779/73 661/780/74 662/781/75 663/782/76 664/783/77 647/766/78 635/754/79 636/755/80 646/765/31 645/764/30 644/763/63 643/762/29 642/761/28 641/760/27
f 598/709/31 597/708/30 645/764/30 646/765/31
f 589/700/23 598/709/31 646/765/31 636/755/80
f 587/697/24 589/700/23 636/755/80 635/754/79
f 599/710/54 601/714/57 649/768/64 648/767/60
f 601/714/57 602/715/33 650/769/65 649/768/64
f 602/715/33 603/716/32 651/770/66 650/769/65
f 603/716/32 604/717/47 652/771/67 651/770/66
f 604/717/47 605/718/49 653/772/68 652/771/67
f 605/718/49 606/719/51 654/773/69 653/772/68
f 606/719/51 607/720/53 655/774/70 654/773/69
f 607/720/53 600/712/55 656/775/62 655/774/70
f 608/721/34 610/725/46 658/777/71 657/776/61
f 610/725/46 611/726/48 659/778/72 658/777/71
f 611/726/48 612/727/50 660/779/73 659/778/72
f 612/727/50 613/728/52 661/780/74 660/779/73
f 613/728/52 614/729/56 662/781/75 661/780/74
f 614/729/56 615/730/58 663/782/76 662/781/75
f 615/730/58 616/731/45 664/783/77 663/782/76
f 616/731/45 609/723/35 647/766/78 664/783/77
f 609/723/35 587/697/24 635/754/79 647/766/78
f 386/452/12 665/784/12 666/785/81 667/787/82 669/791/83 672/797/81 671/795/81 670/793/84 668/789/85 387/453/81
f 585/695/90 304/360/13 387/454/81 668/790/85
f 608/722/34 600/713/55 671/796/81 672/798/81
f 599/711/54 585/695/90 668/790/85 670/794/84
f 609/724/35 608/722/34 672/798/81 669/792/83
f 583/692/13 587/698/24 667/788/82 666/786/81
f 587/698/24 609/724/35 669/792/83 667/788/82
f 600/713/55 599/711/54 670/794/84 671/796/81
f 394/467/1 673/799/1 675/801/2 396/469/2
f 396/469/2 675/801/2 758/893/12 479/561/12
f 397/470/13 678/805/14 685/814/15 679/807/1 398/472/1
f 398/472/1 679/807/1 683/812/86 684/813/87 681/810/1 677/804/1 674/800/1 395/468/1
f 679/807/1 685/814/15 686/815/22 683/812/86
f 681/810/1 682/811/88 680/808/24 676/802/13 677/804/1
f 685/814/15 678/805/14 730/865/89 731/866/26
f 687/816/27 688/817/28 689/818/29 684/813/87 683/812/86
f 684/813/87 690/819/30 691/820/31 682/811/88 681/810/1
f 696/827/32 695/826/33 713/848/9 714/849/8
f 701/833/34 702/835/35 720/855/36 719/854/92
f 702/834/35 709/842/45 727/862/38 720/855/36
f 703/836/46 701/832/34 719/854/92 721/856/44
f 697/828/47 696/827/32 714/849/8 715/850/7
f 704/837/48 703/836/46 721/856/44 722/857/43
f 698/829/49 697/828/47 715/850/7 716/851/6
f 705/838/50 704/837/48 722/857/43 723/858/42
f 699/830/51 698/829/49 716/851/6 717/852/5
f 706/839/52 705/838/50 723/858/42 724/859/41
f 700/831/53 699/830/51 717/852/5 718/853/4
f 692/822/54 693/824/55 711/845/3 710/843/93
f 707/840/56 706/839/52 724/859/41 725/860/40
f 693/823/55 700/831/53 718/853/4 711/846/3
f 694/825/57 692/821/54 710/844/93 712/847/10
f 708/841/58 707/840/56 725/860/40 726/861/39
f 695/826/33 694/825/57 712/847/10 713/848/9
f 709/842/45 708/841/58 726/861/39 727/862/38
f 686/815/22 685/814/15 731/866/26 732/867/22
f 683/812/86 686/815/22 732/867/22 733/868/59
f 678/805/14 692/821/54 741/876/60 730/865/89
f 687/816/27 683/812/86 733/868/59 734/869/27
f 688/817/28 687/816/27 734/869/27 735/870/28
f 689/818/29 688/817/28 735/870/28 736/871/29
f 693/823/55 701/832/34 750/885/61 749/884/62
f 684/813/87 689/818/29 736/871/29 737/872/63
f 690/819/30 684/813/87 737/872/63 738/873/30
f 733/868/59 732/867/22 731/866/26 730/865/89 741/876/60 742/877/64 743/878/65 744/879/66 745/880/67 746/881/68 747/882/69 748/883/70 749/884/62 750/885/61 751/886/71 752/887/72 753/888/73 754/889/74 755/890/75 756/891/76 757/892/77 740/875/78 728/863/79 729/864/80 739/874/31 738/873/30 737/872/63 736/871/29 735/870/28 734/869/27
f 691/820/31 690/819/30 738/873/30 739/874/31
f 682/811/88 691/820/31 739/874/31 729/864/80
f 680/808/24 682/811/88 729/864/80 728/863/79
f 692/821/54 694/825/57 742/877/64 741/876/60
f 694/825/57 695/826/33 743/878/65 742/877/64
f 695/826/33 696/827/32 744/879/66 743/878/65
f 696/827/32 697/828/47 745/880/67 744/879/66
f 697/828/47 698/829/49 746/881/68 745/880/67
f 698/829/49 699/830/51 747/882/69 746/881/68
f 699/830/51 700/831/53 748/883/70 747/882/69
f 700/831/53 693/823/55 749/884/62 748/883/70
f 701/832/34 703/836/46 751/886/71 750/885/61
f 703/836/46 704/837/48 752/887/72 751/886/71
f 704/837/48 705/838/50 753/888/73 752/887/72
f 705/838/50 706/839/52 754/889/74 753/888/73
f 706/839/52 707/840/56 755/890/75 754/889/74
f 707/840/56 708/841/58 756/891/76 755/890/75
f 708/841/58 709/842/45 757/892/77 756/891/76
f 709/842/45 702/834/35 740/875/78 757/892/77
f 702/834/35 680/808/24 728/863/79 740/875/78
f 479/561/12 758/893/12 759/894/81 760/896/82 762/900/83 765/906/81 764/904/81 763/902/84 761/898/85 480/562/81
f 678/806/14 397/471/13 480/563/81 761/899/85
f 701/833/34 693/824/55 764/905/81 765/907/81
f 692/822/54 678/806/14 761/899/85 763/903/84
f 702/835/35 701/833/34 765/907/81 762/901/83
f 676/803/13 680/809/24 760/897/82 759/895/81
f 680/809/24 702/835/35 762/901/83 760/897/82
f 693/824/55 692/822/54 763/903/84 764/905/81
f 487/576/1 766/908/1 768/910/2 489/578/2
f 489/578/2 768/910/2 851/1026/12 572/672/12
f 490/579/13 771/914/90 778/923/15 772/916/1 491/581/1
f 491/581/1 772/916/1 776/921/86 777/922/87 774/919/1 770/913/1 767/909/1 488/577/1
f 772/916/1 778/923/15 779/924/22 776/921/86
f 774/919/1 775/920/23 773/917/91 769/911/13 770/913/1
f 778/923/15 771/914/90 823/980/25 824/981/26
f 780/925/27 781/926/28 782/927/29 777/922/87 776/921/86
f 777/922/87 783/928/30 784/929/31 775/920/23 774/919/1
f 789/938/32 788/937/33 806/961/9 807/962/8
f 794/945/34 795/948/35 813/969/36 812/967/92
f 795/946/35 802/955/45 820/977/38 813/970/36
f 796/949/46 794/944/34 812/968/92 814/971/44
f 790/939/47 789/938/32 807/962/8 808/963/7
f 797/950/48 796/949/46 814/971/44 815/972/43
f 791/940/49 790/939/47 808/963/7 809/964/6
f 798/951/50 797/950/48 815/972/43 816/973/42
f 792/941/51 791/940/49 809/964/6 810/965/5
f 799/952/52 798/951/50 816/973/42 817/974/41
f 793/942/53 792/941/51 810/965/5 811/966/4
f 785/932/54 786/935/55 804/958/3 803/956/11
f 800/953/56 799/952/52 817/974/41 818/975/40
f 786/934/55 793/942/53 811/966/4 804/959/3
f 787/936/57 785/931/54 803/957/11 805/960/10
f 801/954/58 800/953/56 818/975/40 819/976/39
f 788/937/33 787/936/57 805/960/10 806/961/9
f 802/955/45 801/954/58 819/976/39 820/977/38
f 779/924/22 778/923/15 824/981/26 825/982/22
f 776/921/86 779/924/22 825/982/22 826/983/59
f 771/914/90 785/930/54 834/992/60 823/980/25
f 780/925/27 776/921/86 826/983/59 827/984/27
f 781/926/28 780/925/27 827/984/27 828/985/28
f 782/927/29 781/926/28 828/985/28 829/986/29
f 786/933/55 794/943/34 843/1010/61 842/1008/62
f 777/922/87 782/927/29 829/986/29 830/987/63
f 783/928/30 777/922/87 830/987/63 831/988/30
f 826/983/59 825/982/22 824/981/26 823/980/25 834/992/60 835/994/64 836/996/65 837/998/66 838/1000/67 839/1002/68 840/1004/69 841/1006/70 842/1008/62 843/1010/61 844/1012/71 845/1014/72 846/1016/73 847/1018/74 848/1020/75 849/1022/76 850/1024/77 833/991/78 821/978/79 822/979/80 832/989/31 831/988/30 830/987/63 829/986/29 828/985/28 827/984/27
f 784/929/31 783/928/30 831/988/30 832/989/31
f 775/920/23 784/929/31 832/989/31 822/979/80
f 773/917/91 775/920/23 822/979/80 821/978/79
f 785/931/54 787/936/57 835/995/64 834/993/60
f 787/936/57 788/937/33 836/997/65 835/995/64
f 788/937/33 789/938/32 837/999/66 836/997/65
f 789/938/32 790/939/47 838/1001/67 837/999/66
f 790/939/47 791/940/49 839/1003/68 838/1001/67
f 791/940/49 792/941/51 840/1005/69 839/1003/68
f 792/941/51 793/942/53 841/1007/70 840/1005/69
f 793/942/53 786/934/55 842/1009/62 841/1007/70
f 794/944/34 796/949/46 844/1013/71 843/1011/61
f 796/949/46 797/950/48 845/1015/72 844/1013/71
f 797/950/48 798/951/50 846/1017/73 845/1015/72
f 798/951/50 799/952/52 847/1019/74 846/1017/73
f 799/952/52 800/953/56 848/1021/75 847/1019/74
f 800/953/56 801/954/58 849/1023/76 848/1021/75
f 801/954/58 802/955/45 850/1025/77 849/1023/76
f 802/955/45 795/946/35 833/990/78 850/1025/77
f 795/947/35 773/917/91 821/978/79 833/991/78
f 572/672/12 851/1026/12 852/1027/81 853/1029/82 855/1033/83 858/1039/81 857/1037/81 856/1035/84 854/1031/85 573/673/81
f 771/915/90 490/580/13 573/674/81 854/1032/85
f 794/945/34 786/935/55 857/1038/81 858/1040/81
f 785/932/54 771/915/90 854/1032/85 856/1036/84
f 795/948/35 794/945/34 858/1040/81 855/1034/83
f 769/912/13 773/918/91 853/1030/82 852/1028/81
f 773/918/91 795/948/35 855/1034/83 853/1030/82
f 786/935/55 785/932/54 856/1036/84 857/1038/81
f 580/687/1 859/1041/1 861/1044/2 582/690/2
f 582/690/2 861/1044/2 944/1138/12 665/784/12
f 583/691/13 864/1048/90 871/1057/15 865/1050/94 584/693/94
f 584/693/94 865/1050/94 869/1055/95 870/1056/96 867/1053/94 863/1047/94 860/1042/97 581/688/97
f 865/1050/94 871/1057/15 872/1058/22 869/1055/95
f 867/1053/94 868/1054/23 866/1051/24 862/1045/13 863/1047/94
f 871/1057/15 864/1048/90 916/1110/89 917/1111/26
f 873/1059/27 874/1060/28 875/1061/29 870/1056/96 869/1055/95
f 870/1056/96 876/1062/30 877/1063/31 868/1054/23 867/1053/94
f 882/1070/32 881/1069/33 899/1091/9 900/1092/8
f 887/1076/34 888/1078/35 906/1099/36 905/1097/37
f 888/1077/35 895/1085/45 913/1107/38 906/1100/36
f 889/1079/46 887/1075/34 905/1098/37 907/1101/44
f 883/1071/47 882/1070/32 900/1092/8 901/1093/7
f 890/1080/48 889/1079/46 907/1101/44 908/1102/43
f 884/1072/49 883/1071/47 901/1093/7 902/1094/98
f 891/1081/50 890/1080/48 908/1102/43 909/1103/42
f 885/1073/51 884/1072/49 902/1094/98 903/1095/5
f 892/1082/52 891/1081/50 909/1103/42 910/1104/41
f 886/1074/53 885/1073/51 903/1095/5 904/1096/4
f 878/1065/54 879/1067/55 897/1088/3 896/1086/11
f 893/1083/56 892/1082/52 910/1104/41 911/1105/40
f 879/1066/55 886/1074/53 904/1096/4 897/1089/3
f 880/1068/57 878/1064/54 896/1087/11 898/1090/10
f 894/1084/58 893/1083/56 911/1105/40 912/1106/39
f 881/1069/33 880/1068/57 898/1090/10 899/1091/9
f 895/1085/45 894/1084/58 912/1106/39 913/1107/38
f 872/1058/22 871/1057/15 917/1111/26 918/1112/22
f 869/1055/95 872/1058/22 918/1112/22 919/1113/59
f 864/1048/90 878/1064/54 927/1121/60 916/1110/89
f 873/1059/27 869/1055/95 919/1113/59 920/1114/27
f 874/1060/28 873/1059/27 920/1114/27 921/1115/28
f 875/1061/29 874/1060/28 921/1115/28 922/1116/29
f 879/1066/55 887/1075/34 936/1130/61 935/1129/62
f 870/1056/96 875/1061/29 922/1116/29 923/1117/63
f 876/1062/30 870/1056/96 923/1117/63 924/1118/30
f 919/1113/59 918/1112/22 917/1111/26 916/1110/89 927/1121/60 928/1122/64 929/1123/65 930/1124/66 931/1125/67 932/1126/68 933/1127/69 934/1128/70 935/1129/62 936/1130/61 937/1131/71 938/1132/72 939/1133/73 940/1134/74 941/1135/75 942/1136/76 943/1137/77 926/1120/78 914/1108/79 915/1109/80 925/1119/31 924/1118/30 923/1117/63 922/1116/29 921/1115/28 920/1114/27
f 877/1063/31 876/1062/30 924/1118/30 925/1119/31
f 868/1054/23 877/1063/31 925/1119/31 915/1109/80
f 866/1051/24 868/1054/23 915/1109/80 914/1108/79
f 878/1064/54 880/1068/57 928/1122/64 927/1121/60
f 880/1068/57 881/1069/33 929/1123/65 928/1122/64
f 881/1069/33 882/1070/32 930/1124/66 929/1123/65
f 882/1070/32 883/1071/47 931/1125/67 930/1124/66
f 883/1071/47 884/1072/49 932/1126/68 931/1125/67
f 884/1072/49 885/1073/51 933/1127/69 932/1126/68
f 885/1073/51 886/1074/53 934/1128/70 933/1127/69
f 886/1074/53 879/1066/55 935/1129/62 934/1128/70
f 887/1075/34 889/1079/46 937/1131/71 936/1130/61
f 889/1079/46 890/1080/48 938/1132/72 937/1131/71
f 890/1080/48 891/1081/50 939/1133/73 938/1132/72
f 891/1081/50 892/1082/52 940/1134/74 939/1133/73
f 892/1082/52 893/1083/56 941/1135/75 940/1134/74
f 893/1083/56 894/1084/58 942/1136/76 941/1135/75
f 894/1084/58 895/1085/45 943/1137/77 942/1136/76
f 895/1085/45 888/1077/35 926/1120/78 943/1137/77
f 888/1077/35 866/1051/24 914/1108/79 926/1120/78
f 665/784/12 944/1138/12 945/1139/81 946/1141/82 948/1145/83 951/1151/81 950/1149/81 949/1147/84 947/1143/85 666/785/81
f 864/1049/90 583/692/13 666/786/81 947/1144/85
f 887/1076/34 879/1067/55 950/1150/81 951/1152/81
f 878/1065/54 864/1049/90 947/1144/85 949/1148/84
f 888/1078/35 887/1076/34 951/1152/81 948/1146/83
f 862/1046/13 866/1052/24 946/1142/82 945/1140/81
f 866/1052/24 888/1078/35 948/1146/83 946/1142/82
f 879/1067/55 878/1065/54 949/1148/84 950/1150/81
f 673/799/1 952/1153/1 954/1155/2 675/801/2
f 675/801/2 954/1155/2 1037/1268/12 758/893/12
f 676/802/13 957/1159/14 964/1168/15 958/1161/1 677/804/1
f 677/804/1 958/1161/1 962/1166/86 963/1167/87 960/1164/1 956/1158/1 953/1154/1 674/800/1
f 958/1161/1 964/1168/15 965/1169/22 962/1166/86
f 960/1164/1 961/1165/88 959/1162/24 955/1156/13 956/1158/1
f 964/1168/15 957/1159/14 1009/1240/89 1010/1241/26
f 966/1170/27 967/1171/28 968/1172/29 963/1167/87 962/1166/86
f 963/1167/87 969/1173/30 970/1174/31 961/1165/88 960/1164/1
f 975/1183/32 974/1181/33 992/1215/9 993/1216/8
f 980/1193/34 981/1196/35 999/1224/36 998/1223/37
f 981/1194/35 988/1205/45 1006/1237/38 999/1225/36
f 982/1197/46 980/1192/34 998/1223/37 1000/1227/44
f 976/1184/47 975/1182/32 993/1217/8 994/1218/7
f 983/1198/48 982/1197/46 1000/1227/44 1001/1229/43
f 977/1186/49 976/1184/47 994/1218/7 995/1219/6
f 984/1199/50 983/1198/48 1001/1229/43 1002/1231/42
f 978/1188/51 977/1186/49 995/1219/6 996/1220/5
f 985/1200/52 984/1199/50 1002/1231/42 1003/1233/41
f 979/1190/53 978/1188/51 996/1220/5 997/1221/4
f 971/1176/54 972/1179/55 990/1210/3 989/1208/93
f 986/1202/56 985/1200/52 1003/1233/41 1004/1234/40
f 972/1177/55 979/1190/53 997/1221/4 990/1211/3
f 973/1180/57 971/1175/54 989/1209/93 991/1213/10
f 987/1203/58 986/1201/56 1004/1235/40 1005/1236/39
f 974/1181/33 973/1180/57 991/1213/10 992/1215/9
f 988/1205/45 987/1203/58 1005/1236/39 1006/1237/38
f 965/1169/22 964/1168/15 1010/1241/26 1011/1242/22
f 962/1166/86 965/1169/22 1011/1242/22 1012/1243/59
f 957/1159/14 971/1175/54 1020/1251/60 1009/1240/89
f 966/1170/27 962/1166/86 1012/1243/59 1013/1244/27
f 967/1171/28 966/1170/27 1013/1244/27 1014/1245/28
f 968/1172/29 967/1171/28 1014/1245/28 1015/1246/29
f 972/1178/55 980/1192/34 1029/1260/61 1028/1259/62
f 963/1167/87 968/1172/29 1015/1246/29 1016/1247/63
f 969/1173/30 963/1167/87 1016/1247/63 1017/1248/30
f 1012/1243/59 1011/1242/22 1010/1241/26 1009/1240/89 1020/1251/60 1021/1252/64 1022/1253/65 1023/1254/66 1024/1255/67 1025/1256/68 1026/1257/69 1027/1258/70 1028/1259/62 1029/1260/61 1030/1261/71 1031/1262/72 1032/1263/73 1033/1264/74 1034/1265/75 1035/1266/76 1036/1267/77 1019/1250/78 1007/1238/79 1008/1239/80 1018/1249/31 1017/1248/30 1016/1247/63 1015/1246/29 1014/1245/28 1013/1244/27
f 970/1174/31 969/1173/30 1017/1248/30 1018/1249/31
f 961/1165/88 970/1174/31 1018/1249/31 1008/1239/80
f 959/1162/24 961/1165/88 1008/1239/80 1007/1238/79
f 971/1175/54 973/1180/57 1021/1252/64 1020/1251/60
f 973/1180/57 974/1181/33 1022/1253/65 1021/1252/64
f 974/1181/33 975/1183/32 1023/1254/66 1022/1253/65
f 975/1183/32 976/1185/47 1024/1255/67 1023/1254/66
f 976/1185/47 977/1187/49 1025/1256/68 1024/1255/67
f 977/1187/49 978/1189/51 1026/1257/69 1025/1256/68
f 978/1189/51 979/1191/53 1027/1258/70 1026/1257/69
f 979/1191/53 972/1178/55 1028/1259/62 1027/1258/70
f 980/1192/34 982/1197/46 1030/1261/71 1029/1260/61
f 982/1197/46 983/1198/48 1031/1262/72 1030/1261/71
f 983/1198/48 984/1199/50 1032/1263/73 1031/1262/72
f 984/1199/50 985/1200/52 1033/1264/74 1032/1263/73
f 985/1200/52 986/1202/56 1034/1265/75 1033/1264/74
f 986/1202/56 987/1204/58 1035/1266/76 1034/1265/75
f 987/1204/58 988/1206/45 1036/1267/77 1035/1266/76
f 988/1206/45 981/1195/35 1019/1250/78 1036/1267/77
f 981/1195/35 959/1162/24 1007/1238/79 1019/1250/78
f 758/893/12 1037/1268/12 1038/1269/81 1039/1271/82 1041/1275/83 1044/1281/81 1043/1279/81 1042/1277/84 1040/1273/85 759/894/81
f 957/1160/14 676/803/13 759/895/81 1040/1274/85
f 980/1193/34 972/1179/55 1043/1280/81 1044/1282/81
f 971/1176/54 957/1160/14 1040/1274/85 1042/1278/84
f 981/1196/35 980/1193/34 1044/1282/81 1041/1276/83
f 955/1157/13 959/1163/24 1039/1272/82 1038/1270/81
f 959/1163/24 981/1196/35 1041/1276/83 1039/1272/82
f 972/1179/55 971/1176/54 1042/1278/84 1043/1280/81
f 766/908/1 1045/1283/1 1047/1285/2 768/910/2
f 768/910/2 1047/1285/2 1130/1401/12 851/1026/12
f 769/911/13 1050/1289/90 1057/1298/15 1051/1291/1 770/913/1
f 770/913/1 1051/1291/1 1055/1296/86 1056/1297/87 1053/1294/1 1049/1288/1 1046/1284/1 767/909/1
f 1051/1291/1 1057/1298/15 1058/1299/22 1055/1296/86
f 1053/1294/1 1054/1295/23 1052/1292/91 1048/1286/13 1049/1288/1
f 1057/1298/15 1050/1289/90 1102/1355/25 1103/1356/26
f 1059/1300/27 1060/1301/28 1061/1302/29 1056/1297/87 1055/1296/86
f 1056/1297/87 1062/1303/30 1063/1304/31 1054/1295/23 1053/1294/1
f 1068/1313/32 1067/1312/33 1085/1336/9 1086/1337/8
f 1073/1320/34 1074/1323/35 1092/1344/36 1091/1342/37
f 1074/1321/35 1081/1330/45 1099/1352/38 1092/1345/36
f 1075/1324/46 1073/1319/34 1091/1343/37 1093/1346/44
f 1069/1314/47 1068/1313/32 1086/1337/8 1087/1338/7
f 1076/1325/48 1075/1324/46 1093/1346/44 1094/1347/43
f 1070/1315/49 1069/1314/47 1087/1338/7 1088/1339/6
f 1077/1326/50 1076/1325/48 1094/1347/43 1095/1348/42
f 1071/1316/51 1070/1315/49 1088/1339/6 1089/1340/5
f 1078/1327/52 1077/1326/50 1095/1348/42 1096/1349/41
f 1072/1317/53 1071/1316/51 1089/1340/5 1090/1341/4
f 1064/1307/54 1065/1310/55 1083/1333/3 1082/1331/11
f 1079/1328/56 1078/1327/52 1096/1349/41 1097/1350/40
f 1065/1309/55 1072/1317/53 1090/1341/4 1083/1334/3
f 1066/1311/57 1064/1306/54 1082/1332/11 1084/1335/10
f 1080/1329/58 1079/1328/56 1097/1350/40 1098/1351/39
f 1067/1312/33 1066/1311/57 1084/1335/10 1085/1336/9
f 1081/1330/45 1080/1329/58 1098/1351/39 1099/1352/38
f 1058/1299/22 1057/1298/15 1103/1356/26 1104/1357/22
f 1055/1296/86 1058/1299/22 1104/1357/22 1105/1358/59
f 1050/1289/90 1064/1305/54 1113/1367/60 1102/1355/25
f 1059/1300/27 1055/1296/86 1105/1358/59 1106/1359/27
f 1060/1301/28 1059/1300/27 1106/1359/27 1107/1360/28
f 1061/1302/29 1060/1301/28 1107/1360/28 1108/1361/29
f 1065/1308/55 1073/1318/34 1122/1385/61 1121/1383/62
f 1056/1297/87 1061/1302/29 1108/1361/29 1109/1362/63
f 1062/1303/30 1056/1297/87 1109/1362/63 1110/1363/30
f 1105/1358/59 1104/1357/22 1103/1356/26 1102/1355/25 1113/1367/60 1114/1369/64 1115/1371/65 1116/1373/66 1117/1375/67 1118/1377/68 1119/1379/69 1120/1381/70 1121/1383/62 1122/1385/61 1123/1387/71 1124/1389/72 1125/1391/73 1126/1393/74 1127/1395/75 1128/1397/76 1129/1399/77 1112/1366/78 1100/1353/99 1101/1354/80 1111/1364/31 1110/1363/30 1109/1362/63 1108/1361/29 1107/1360/28 1106/1359/27
f 1063/1304/31 1062/1303/30 1110/1363/30 1111/1364/31
f 1054/1295/23 1063/1304/31 1111/1364/31 1101/1354/80
f 1052/1292/91 1054/1295/23 1101/1354/80 1100/1353/99
f 1064/1306/54 1066/1311/57 1114/1370/64 1113/1368/60
f 1066/1311/57 1067/1312/33 1115/1372/65 1114/1370/64
f 1067/1312/33 1068/1313/32 1116/1374/66 1115/1372/65
f 1068/1313/32 1069/1314/47 1117/1376/67 1116/1374/66
f 1069/1314/47 1070/1315/49 1118/1378/68 1117/1376/67
f 1070/1315/49 1071/1316/51 1119/1380/69 1118/1378/68
f 1071/1316/51 1072/1317/53 1120/1382/70 1119/1380/69
f 1072/1317/53 1065/1309/55 1121/1384/62 1120/1382/70
f 1073/1319/34 1075/1324/46 1123/1388/71 1122/1386/61
f 1075/1324/46 1076/1325/48 1124/1390/72 1123/1388/71
f 1076/1325/48 1077/1326/50 1125/1392/73 1124/1390/72
f 1077/1326/50 1078/1327/52 1126/1394/74 1125/1392/73
f 1078/1327/52 1079/1328/56 1127/1396/75 1126/1394/74
f 1079/1328/56 1080/1329/58 1128/1398/76 1127/1396/75
f 1080/1329/58 1081/1330/45 1129/1400/77 1128/1398/76
f 1081/1330/45 1074/1321/35 1112/1365/78 1129/1400/77
f 1074/1322/35 1052/1292/91 1100/1353/99 1112/1366/78
f 851/1026/12 1130/1401/12 1131/1402/81 1132/1404/82 1134/1408/83 1137/1414/81 1136/1412/81 1135/1410/84 1133/1406/85 852/1027/81
f 1050/1290/90 769/912/13 852/1028/81 1133/1407/85
f 1073/1320/34 1065/1310/55 1136/1413/81 1137/1415/81
f 1064/1307/54 1050/1290/90 1133/1407/85 1135/1411/84
f 1074/1323/35 1073/1320/34 1137/1415/81 1134/1409/83
f 1048/1287/13 1052/1293/91 1132/1405/82 1131/1403/81
f 1052/1293/91 1074/1323/35 1134/1409/83 1132/1405/82
f 1065/1310/55 1064/1307/54 1135/1411/84 1136/1413/81
f 859/1041/1 1138/1416/1 1140/1419/2 861/1044/2
f 861/1044/2 1140/1419/2 1223/1513/12 944/1138/12
f 862/1045/13 1143/1423/14 1150/1432/15 1144/1425/94 863/1047/94
f 863/1047/94 1144/1425/94 1148/1430/95 1149/1431/96 1146/1428/94 1142/1422/100 1139/1417/101 860/1042/97
f 1144/1425/94 1150/1432/15 1151/1433/22 1148/1430/95
f 1146/1428/94 1147/1429/23 1145/1426/24 1141/1420/13 1142/1422/100
f 1150/1432/15 1143/1423/14 1195/1485/89 1196/1486/26
f 1152/1434/27 1153/1435/28 1154/1436/29 1149/1431/96 1148/1430/95
f 1149/1431/96 1155/1437/30 1156/1438/31 1147/1429/23 1146/1428/94
f 1161/1445/32 1160/1444/33 1178/1466/9 1179/1467/8
f 1166/1451/34 1167/1453/35 1185/1474/36 1184/1472/37
f 1167/1452/35 1174/1460/45 1192/1482/38 1185/1475/36
f 1168/1454/46 1166/1450/34 1184/1473/37 1186/1476/44
f 1162/1446/47 1161/1445/32 1179/1467/8 1180/1468/7
f 1169/1455/48 1168/1454/46 1186/1476/44 1187/1477/43
f 1163/1447/49 1162/1446/47 1180/1468/7 1181/1469/98
f 1170/1456/50 1169/1455/48 1187/1477/43 1188/1478/42
f 1164/1448/51 1163/1447/49 1181/1469/98 1182/1470/5
f 1171/1457/52 1170/1456/50 1188/1478/42 1189/1479/41
f 1165/1449/53 1164/1448/51 1182/1470/5 1183/1471/4
f 1157/1440/54 1158/1442/55 1176/1463/3 1175/1461/11
f 1172/1458/56 1171/1457/52 1189/1479/41 1190/1480/40
f 1158/1441/55 1165/1449/53 1183/1471/4 1176/1464/3
f 1159/1443/57 1157/1439/54 1175/1462/11 1177/1465/10
f 1173/1459/58 1172/1458/56 1190/1480/40 1191/1481/39
f 1160/1444/33 1159/1443/57 1177/1465/10 1178/1466/9
f 1174/1460/45 1173/1459/58 1191/1481/39 1192/1482/38
f 1151/1433/22 1150/1432/15 1196/1486/26 1197/1487/22
f 1148/1430/95 1151/1433/22 1197/1487/22 1198/1488/59
f 1143/1423/14 1157/1439/54 1206/1496/60 1195/1485/89
f 1152/1434/27 1148/1430/95 1198/1488/59 1199/1489/27
f 1153/1435/28 1152/1434/27 1199/1489/27 1200/1490/28
f 1154/1436/29 1153/1435/28 1200/1490/28 1201/1491/29
f 1158/1441/55 1166/1450/34 1215/1505/61 1214/1504/62
f 1149/1431/96 1154/1436/29 1201/1491/29 1202/1492/63
f 1155/1437/30 1149/1431/96 1202/1492/63 1203/1493/30
f 1198/1488/59 1197/1487/22 1196/1486/26 1195/1485/89 1206/1496/60 1207/1497/64 1208/1498/65 1209/1499/66 1210/1500/67 1211/1501/68 1212/1502/69 1213/1503/70 1214/1504/62 1215/1505/61 1216/1506/71 1217/1507/72 1218/1508/73 1219/1509/74 1220/1510/75 1221/1511/76 1222/1512/77 1205/1495/78 1193/1483/79 1194/1484/80 1204/1494/31 1203/1493/30 1202/1492/63 1201/1491/29 1200/1490/28 1199/1489/27
f 1156/1438/31 1155/1437/30 1203/1493/30 1204/1494/31
f 1147/1429/23 1156/1438/31 1204/1494/31 1194/1484/80
f 1145/1426/24 1147/1429/23 1194/1484/80 1193/1483/79
f 1157/1439/54 1159/1443/57 1207/1497/64 1206/1496/60
f 1159/1443/57 1160/1444/33 1208/1498/65 1207/1497/64
f 1160/1444/33 1161/1445/32 1209/1499/66 1208/1498/65
f 1161/1445/32 1162/1446/47 1210/1500/67 1209/1499/66
f 1162/1446/47 1163/1447/49 1211/1501/68 1210/1500/67
f 1163/1447/49 1164/1448/51 1212/1502/69 1211/1501/68
f 1164/1448/51 1165/1449/53 1213/1503/70 1212/1502/69
f 1165/1449/53 1158/1441/55 1214/1504/62 1213/1503/70
f 1166/1450/34 1168/1454/46 1216/1506/71 1215/1505/61
f 1168/1454/46 1169/1455/48 1217/1507/72 1216/1506/71
f 1169/1455/48 1170/1456/50 1218/1508/73 1217/1507/72
f 1170/1456/50 1171/1457/52 1219/1509/74 1218/1508/73
f 1171/1457/52 1172/1458/56 1220/1510/75 1219/1509/74
f 1172/1458/56 1173/1459/58 1221/1511/76 1220/1510/75
f 1173/1459/58 1174/1460/45 1222/1512/77 1221/1511/76
f 1174/1460/45 1167/1452/35 1205/1495/78 1222/1512/77
f 1167/1452/35 1145/1426/24 1193/1483/79 1205/1495/78
f 944/1138/12 1223/1513/12 1224/1514/81 1225/1516/82 1227/1520/83 1230/1526/81 1229/1524/81 1228/1522/84 1226/1518/85 945/1139/81
f 1143/1424/14 862/1046/13 945/1140/81 1226/1519/85
f 1166/1451/34 1158/1442/55 1229/1525/81 1230/1527/81
f 1157/1440/54 1143/1424/14 1226/1519/85 1228/1523/84
f 1167/1453/35 1166/1451/34 1230/1527/81 1227/1521/83
f 1141/1421/13 1145/1427/24 1225/1517/82 1224/1515/81
f 1145/1427/24 1167/1453/35 1227/1521/83 1225/1517/82
f 1158/1442/55 1157/1440/54 1228/1523/84 1229/1525/81
f 952/1153/1 1231/1528/1 1233/1530/2 954/1155/2
f 954/1155/2 1233/1530/2 1316/1651/12 1037/1268/12
f 955/1156/13 1236/1534/14 1243/1543/15 1237/1536/1 956/1158/1
f 956/1158/1 1237/1536/1 1241/1541/86 1242/1542/87 1239/1539/1 1235/1533/1 1232/1529/1 953/1154/1
f 1237/1536/1 1243/1543/15 1244/1544/22 1241/1541/86
f 1239/1539/1 1240/1540/88 1238/1537/24 1234/1531/13 1235/1533/1
f 1243/1543/15 1236/1534/14 1288/1608/89 1289/1609/26
f 1245/1545/27 1246/1546/28 1247/1547/29 1242/1542/87 1241/1541/86
f 1242/1542/87 1248/1548/30 1249/1549/31 1240/1540/88 1239/1539/1
f 1254/1559/32 1253/1557/33 1271/1588/9 1272/1589/8
f 1259/1568/34 1260/1571/35 1278/1597/36 1277/1595/37
f 1260/1569/35 1267/1578/45 1285/1605/38 1278/1598/36
f 1261/1572/46 1259/1567/34 1277/1596/37 1279/1599/44
f 1255/1562/47 1254/1561/32 1272/1590/8 1273/1591/7
f 1262/1573/48 1261/1572/46 1279/1599/44 1280/1600/43
f 1256/1563/49 1255/1562/47 1273/1591/7 1274/1592/6
f 1263/1574/50 1262/1573/48 1280/1600/43 1281/1601/42
f 1257/1564/51 1256/1563/49 1274/1592/6 1275/1593/5
f 1264/1575/52 1263/1574/50 1281/1601/42 1282/1602/41
f 1258/1565/53 1257/1564/51 1275/1593/5 1276/1594/4
f 1250/1551/54 1251/1554/55 1269/1582/3 1268/1580/93
f 1265/1576/56 1264/1575/52 1282/1602/41 1283/1603/40
f 1251/1553/55 1258/1565/53 1276/1594/4 1269/1583/3
f 1252/1556/57 1250/1550/54 1268/1581/93 1270/1585/10
f 1266/1577/58 1265/1576/56 1283/1603/40 1284/1604/39
f 1253/1557/33 1252/1555/57 1270/1586/10 1271/1588/9
f 1267/1578/45 1266/1577/58 1284/1604/39 1285/1605/38
f 1244/1544/22 1243/1543/15 1289/1609/26 1290/1610/22
f 1241/1541/86 1244/1544/22 1290/1610/22 1291/1611/59
f 1236/1534/14 1250/1550/54 1299/1620/60 1288/1608/89
f 1245/1545/27 1241/1541/86 1291/1611/59 1292/1612/27
f 1246/1546/28 1245/1545/27 1292/1612/27 1293/1613/28
f 1247/1547/29 1246/1546/28 1293/1613/28 1294/1614/29
f 1251/1552/55 1259/1566/34 1308/1635/61 1307/1633/62
f 1242/1542/87 1247/1547/29 1294/1614/29 1295/1615/63
f 1248/1548/30 1242/1542/87 1295/1615/63 1296/1616/30
f 1291/1611/59 1290/1610/22 1289/1609/26 1288/1608/89 1299/1620/60 1300/1621/64 1301/1622/65 1302/1623/66 1303/1625/67 1304/1627/68 1305/1629/69 1306/1631/70 1307/1633/62 1308/1635/61 1309/1637/71 1310/1639/72 1311/1641/73 1312/1643/74 1313/1645/75 1314/1647/76 1315/1649/77 1298/1619/78 1286/1606/79 1287/1607/80 1297/1617/31 1296/1616/30 1295/1615/63 1294/1614/29 1293/1613/28 1292/1612/27
f 1249/1549/31 1248/1548/30 1296/1616/30 1297/1617/31
f 1240/1540/88 1249/1549/31 1297/1617/31 1287/1607/80
f 1238/1537/24 1240/1540/88 1287/1607/80 1286/1606/79
f 1250/1550/54 1252/1556/57 1300/1621/64 1299/1620/60
f 1252/1556/57 1253/1558/33 1301/1622/65 1300/1621/64
f 1253/1558/33 1254/1560/32 1302/1623/66 1301/1622/65
f 1254/1561/32 1255/1562/47 1303/1626/67 1302/1624/66
f 1255/1562/47 1256/1563/49 1304/1628/68 1303/1626/67
f 1256/1563/49 1257/1564/51 1305/1630/69 1304/1628/68
f 1257/1564/51 1258/1565/53 1306/1632/70 1305/1630/69
f 1258/1565/53 1251/1553/55 1307/1634/62 1306/1632/70
f 1259/1567/34 1261/1572/46 1309/1638/71 1308/1636/61
f 1261/1572/46 1262/1573/48 1310/1640/72 1309/1638/71
f 1262/1573/48 1263/1574/50 1311/1642/73 1310/1640/72
f 1263/1574/50 1264/1575/52 1312/1644/74 1311/1642/73
f 1264/1575/52 1265/1576/56 1313/1646/75 1312/1644/74
f 1265/1576/56 1266/1577/58 1314/1648/76 1313/1646/75
f 1266/1577/58 1267/1578/45 1315/1650/77 1314/1648/76
f 1267/1578/45 1260/1569/35 1298/1618/78 1315/1650/77
f 1260/1570/35 1238/1537/24 1286/1606/79 1298/1619/78
f 1037/1268/12 1316/1651/12 1317/1652/81 1318/1654/82 1320/1658/83 1323/1664/81 1322/1662/81 1321/1660/84 1319/1656/85 1038/1269/81
f 1236/1535/14 955/1157/13 1038/1270/81 1319/1657/85
f 1259/1568/34 1251/1554/55 1322/1663/81 1323/1665/81
f 1250/1551/54 1236/1535/14 1319/1657/85 1321/1661/84
f 1260/1571/35 1259/1568/34 1323/1665/81 1320/1659/83
f 1234/1532/13 1238/1538/24 1318/1655/82 1317/1653/81
f 1238/1538/24 1260/1571/35 1320/1659/83 1318/1655/82
f 1251/1554/55 1250/1551/54 1321/1661/84 1322/1663/81
f 1045/1283/1 1324/1666/1 1326/1668/2 1047/1285/2
f 1047/1285/2 1326/1668/2 1409/1784/12 1130/1401/12
f 1048/1286/13 1329/1672/90 1336/1681/15 1330/1674/1 1049/1288/1
f 1049/1288/1 1330/1674/1 1334/1679/86 1335/1680/87 1332/1677/1 1328/1671/1 1325/1667/1 1046/1284/1
f 1330/1674/1 1336/1681/15 1337/1682/22 1334/1679/86
f 1332/1677/1 1333/1678/23 1331/1675/91 1327/1669/13 1328/1671/1
f 1336/1681/15 1329/1672/90 1381/1738/25 1382/1739/26
f 1338/1683/27 1339/1684/28 1340/1685/29 1335/1680/87 1334/1679/86
f 1335/1680/87 1341/1686/30 1342/1687/31 1333/1678/23 1332/1677/1
f 1347/1696/32 1346/1695/33 1364/1719/9 1365/1720/8
f 1352/1703/34 1353/1706/35 1371/1727/36 1370/1725/37
f 1353/1704/35 1360/1713/45 1378/1735/38 1371/1728/36
f 1354/1707/46 1352/1702/34 1370/1726/37 1372/1729/44
f 1348/1697/47 1347/1696/32 1365/1720/8 1366/1721/7
f 1355/1708/48 1354/1707/46 1372/1729/44 1373/1730/43
f 1349/1698/49 1348/1697/47 1366/1721/7 1367/1722/6
f 1356/1709/50 1355/1708/48 1373/1730/43 1374/1731/42
f 1350/1699/51 1349/1698/49 1367/1722/6 1368/1723/5
f 1357/1710/52 1356/1709/50 1374/1731/42 1375/1732/41
f 1351/1700/53 1350/1699/51 1368/1723/5 1369/1724/4
f 1343/1690/54 1344/1693/55 1362/1716/3 1361/1714/11
f 1358/1711/56 1357/1710/52 1375/1732/41 1376/1733/40
f 1344/1692/55 1351/1700/53 1369/1724/4 1362/1717/3
f 1345/1694/57 1343/1689/54 1361/1715/11 1363/1718/10
f 1359/1712/58 1358/1711/56 1376/1733/40 1377/1734/39
f 1346/1695/33 1345/1694/57 1363/1718/10 1364/1719/9
f 1360/1713/45 1359/1712/58 1377/1734/39 1378/1735/38
f 1337/1682/22 1336/1681/15 1382/1739/26 1383/1740/22
f 1334/1679/86 1337/1682/22 1383/1740/22 1384/1741/59
f 1329/1672/90 1343/1688/54 1392/1750/60 1381/1738/25
f 1338/1683/27 1334/1679/86 1384/1741/59 1385/1742/27
f 1339/1684/28 1338/1683/27 1385/1742/27 1386/1743/28
f 1340/1685/29 1339/1684/28 1386/1743/28 1387/1744/29
f 1344/1691/55 1352/1701/34 1401/1768/61 1400/1766/62
f 1335/1680/87 1340/1685/29 1387/1744/29 1388/1745/63
f 1341/1686/30 1335/1680/87 1388/1745/63 1389/1746/30
f 1384/1741/59 1383/1740/22 1382/1739/26 1381/1738/25 1392/1750/60 1393/1752/64 1394/1754/65 1395/1756/66 1396/1758/67 1397/1760/68 1398/1762/69 1399/1764/70 1400/1766/62 1401/1768/61 1402/1770/71 1403/1772/72 1404/1774/73 1405/1776/74 1406/1778/75 1407/1780/76 1408/1782/77 1391/1749/78 1379/1736/99 1380/1737/80 1390/1747/31 1389/1746/30 1388/1745/63 1387/1744/29 1386/1743/28 1385/1742/27
f 1342/1687/31 1341/1686/30 1389/1746/30 1390/1747/31
f 1333/1678/23 1342/1687/31 1390/1747/31 1380/1737/80
f 1331/1675/91 1333/1678/23 1380/1737/80 1379/1736/99
f 1343/1689/54 1345/1694/57 1393/1753/64 1392/1751/60
f 1345/1694/57 1346/1695/33 1394/1755/65 1393/1753/64
f 1346/1695/33 1347/1696/32 1395/1757/66 1394/1755/65
f 1347/1696/32 1348/1697/47 1396/1759/67 1395/1757/66
f 1348/1697/47 1349/1698/49 1397/1761/68 1396/1759/67
f 1349/1698/49 1350/1699/51 1398/1763/69 1397/1761/68
f 1350/1699/51 1351/1700/53 1399/1765/70 1398/1763/69
f 1351/1700/53 1344/1692/55 1400/1767/62 1399/1765/70
f 1352/1702/34 1354/1707/46 1402/1771/71 1401/1769/61
f 1354/1707/46 1355/1708/48 1403/1773/72 1402/1771/71
f 1355/1708/48 1356/1709/50 1404/1775/73 1403/1773/72
f 1356/1709/50 1357/1710/52 1405/1777/74 1404/1775/73
f 1357/1710/52 1358/1711/56 1406/1779/75 1405/1777/74
f 1358/1711/56 1359/1712/58 1407/1781/76 1406/1779/75
f 1359/1712/58 1360/1713/45 1408/1783/77 1407/1781/76
f 1360/1713/45 1353/1704/35 1391/1748/78 1408/1783/77
f 1353/1705/35 1331/1675/91 1379/1736/99 1391/1749/78
f 1130/1401/12 1409/1784/12 1410/1785/81 1411/1787/82 1413/1791/83 1416/1797/81 1415/1795/81 1414/1793/84 1412/1789/85 1131/1402/81
f 1329/1673/90 1048/1287/13 1131/1403/81 1412/1790/85
f 1352/1703/34 1344/1693/55 1415/1796/81 1416/1798/81
f 1343/1690/54 1329/1673/90 1412/1790/85 1414/1794/84
f 1353/1706/35 1352/1703/34 1416/1798/81 1413/1792/83
f 1327/1670/13 1331/1676/91 1411/1788/82 1410/1786/81
f 1331/1676/91 1353/1706/35 1413/1792/83 1411/1788/82
f 1344/1693/55 1343/1690/54 1414/1794/84 1415/1796/81
f 1138/1416/1 1417/1799/1 1419/1802/2 1140/1419/2
f 1140/1419/2 1419/1802/2 1502/1896/12 1223/1513/12
f 1141/1420/13 1422/1806/14 1429/1815/15 1423/1808/102 1142/1422/100
f 1142/1422/100 1423/1808/102 1427/1813/103 1428/1814/104 1425/1811/102 1421/1805/102 1418/1800/105 1139/1417/101
f 1423/1808/102 1429/1815/15 1430/1816/22 1427/1813/103
f 1425/1811/102 1426/1812/23 1424/1809/24 1420/1803/13 1421/1805/102
f 1429/1815/15 1422/1806/14 1474/1868/89 1475/1869/26
f 1431/1817/27 1432/1818/28 1433/1819/29 1428/1814/104 1427/1813/103
f 1428/1814/104 1434/1820/30 1435/1821/31 1426/1812/23 1425/1811/102
f 1440/1828/32 1439/1827/33 1457/1849/9 1458/1850/8
f 1445/1834/34 1446/1836/35 1464/1857/36 1463/1855/37
f 1446/1835/35 1453/1843/45 1471/1865/38 1464/1858/36
f 1447/1837/46 1445/1833/34 1463/1856/37 1465/1859/44
f 1441/1829/47 1440/1828/32 1458/1850/8 1459/1851/7
f 1448/1838/48 1447/1837/46 1465/1859/44 1466/1860/43
f 1442/1830/49 1441/1829/47 1459/1851/7 1460/1852/6
f 1449/1839/50 1448/1838/48 1466/1860/43 1467/1861/42
f 1443/1831/51 1442/1830/49 1460/1852/6 1461/1853/5
f 1450/1840/52 1449/1839/50 1467/1861/42 1468/1862/41
f 1444/1832/53 1443/1831/51 1461/1853/5 1462/1854/4
f 1436/1823/54 1437/1825/106 1455/1846/3 1454/1844/93
f 1451/1841/56 1450/1840/52 1468/1862/41 1469/1863/40
f 1437/1824/106 1444/1832/53 1462/1854/4 1455/1847/3
f 1438/1826/57 1436/1822/54 1454/1845/93 1456/1848/10
f 1452/1842/58 1451/1841/56 1469/1863/40 1470/1864/39
f 1439/1827/33 1438/1826/57 1456/1848/10 1457/1849/9
f 1453/1843/45 1452/1842/58 1470/1864/39 1471/1865/38
f 1430/1816/22 1429/1815/15 1475/1869/26 1476/1870/22
f 1427/1813/103 1430/1816/22 1476/1870/22 1477/1871/59
f 1422/1806/14 1436/1822/54 1485/1879/60 1474/1868/89
f 1431/1817/27 1427/1813/103 1477/1871/59 1478/1872/27
f 1432/1818/28 1431/1817/27 1478/1872/27 1479/1873/28
f 1433/1819/29 1432/1818/28 1479/1873/28 1480/1874/29
f 1437/1824/106 1445/1833/34 1494/1888/61 1493/1887/62
f 1428/1814/104 1433/1819/29 1480/1874/29 1481/1875/63
f 1434/1820/30 1428/1814/104 1481/1875/63 1482/1876/30
f 1477/1871/59 1476/1870/22 1475/1869/26 1474/1868/89 1485/1879/60 1486/1880/64 1487/1881/65 1488/1882/66 1489/1883/67 1490/1884/68 1491/1885/69 1492/1886/70 1493/1887/62 1494/1888/61 1495/1889/71 1496/1890/72 1497/1891/73 1498/1892/74 1499/1893/75 1500/1894/76 1501/1895/77 1484/1878/78 1472/1866/79 1473/1867/80 1483/1877/31 1482/1876/30 1481/1875/63 1480/1874/29 1479/1873/28 1478/1872/27
f 1435/1821/31 1434/1820/30 1482/1876/30 1483/1877/31
f 1426/1812/23 1435/1821/31 1483/1877/31 1473/1867/80
f 1424/1809/24 1426/1812/23 1473/1867/80 1472/1866/79
f 1436/1822/54 1438/1826/57 1486/1880/64 1485/1879/60
f 1438/1826/57 1439/1827/33 1487/1881/65 1486/1880/64
f 1439/1827/33 1440/1828/32 1488/1882/66 1487/1881/65
f 1440/1828/32 1441/1829/47 1489/1883/67 1488/1882/66
f 1441/1829/47 1442/1830/49 1490/1884/68 1489/1883/67
f 1442/1830/49 1443/1831/51 1491/1885/69 1490/1884/68
f 1443/1831/51 1444/1832/53 1492/1886/70 1491/1885/69
f 1444/1832/53 1437/1824/106 1493/1887/62 1492/1886/70
f 1445/1833/34 1447/1837/46 1495/1889/71 1494/1888/61
f 1447/1837/46 1448/1838/48 1496/1890/72 1495/1889/71
f 1448/1838/48 1449/1839/50 1497/1891/73 1496/1890/72
f 1449/1839/50 1450/1840/52 1498/1892/74 1497/1891/73
f 1450/1840/52 1451/1841/56 1499/1893/75 1498/1892/74
f 1451/1841/56 1452/1842/58 1500/1894/76 1499/1893/75
f 1452/1842/58 1453/1843/45 1501/1895/77 1500/1894/76
f 1453/1843/45 1446/1835/35 1484/1878/78 1501/1895/77
f 1446/1835/35 1424/1809/24 1472/1866/79 1484/1878/78
f 1223/1513/12 1502/1896/12 1503/1897/81 1504/1899/82 1506/1903/83 1509/1909/81 1508/1907/81 1507/1905/84 1505/1901/85 1224/1514/81
f 1422/1807/14 1141/1421/13 1224/1515/81 1505/1902/85
f 1445/1834/34 1437/1825/106 1508/1908/81 1509/1910/81
f 1436/1823/54 1422/1807/14 1505/1902/85 1507/1906/84
f 1446/1836/35 1445/1834/34 1509/1910/81 1506/1904/83
f 1420/1804/13 1424/1810/24 1504/1900/82 1503/1898/81
f 1424/1810/24 1446/1836/35 1506/1904/83 1504/1900/82
f 1437/1825/106 1436/1823/54 1507/1906/84 1508/1908/81
f 1231/1528/1 1510/1911/1 1512/1913/2 1233/1530/2
f 1233/1530/2 1512/1913/2 1595/2016/12 1316/1651/12
f 1234/1531/13 1515/1917/14 1522/1926/15 1516/1919/1 1235/1533/1
f 1235/1533/1 1516/1919/1 1520/1924/86 1521/1925/87 1518/1922/1 1514/1916/1 1511/1912/1 1232/1529/1
f 1516/1919/1 1522/1926/15 1523/1927/22 1520/1924/86
f 1518/1922/1 1519/1923/88 1517/1920/24 1513/1914/13 1514/1916/1
f 1522/1926/15 1515/1917/14 1567/1979/89 1568/1980/26
f 1524/1928/27 1525/1929/28 1526/1930/29 1521/1925/87 1520/1924/86
f 1521/1925/87 1527/1931/30 1528/1932/31 1519/1923/88 1518/1922/1
f 1533/1941/32 1532/1940/33 1550/1962/9 1551/1963/8
f 1538/1947/34 1539/1949/35 1557/1969/36 1556/1968/37
f 1539/1948/35 1546/1956/45 1564/1976/38 1557/1969/36
f 1540/1950/46 1538/1946/34 1556/1968/37 1558/1970/44
f 1534/1942/47 1533/1941/32 1551/1963/8 1552/1964/7
f 1541/1951/48 1540/1950/46 1558/1970/44 1559/1971/43
f 1535/1943/49 1534/1942/47 1552/1964/7 1553/1965/6
f 1542/1952/50 1541/1951/48 1559/1971/43 1560/1972/42
f 1536/1944/51 1535/1943/49 1553/1965/6 1554/1966/107
f 1543/1953/52 1542/1952/50 1560/1972/42 1561/1973/41
f 1537/1945/53 1536/1944/51 1554/1966/107 1555/1967/4
f 1529/1935/54 1530/1938/106 1548/1959/3 1547/1957/11
f 1544/1954/56 1543/1953/52 1561/1973/41 1562/1974/40
f 1530/1937/106 1537/1945/53 1555/1967/4 1548/1960/3
f 1531/1939/57 1529/1934/54 1547/1958/11 1549/1961/10
f 1545/1955/58 1544/1954/56 1562/1974/40 1563/1975/39
f 1532/1940/33 1531/1939/57 1549/1961/10 1550/1962/9
f 1546/1956/45 1545/1955/58 1563/1975/39 1564/1976/38
f 1523/1927/22 1522/1926/15 1568/1980/26 1569/1981/22
f 1520/1924/86 1523/1927/22 1569/1981/22 1570/1982/59
f 1515/1917/14 1529/1933/54 1578/1990/60 1567/1979/89
f 1524/1928/27 1520/1924/86 1570/1982/59 1571/1983/27
f 1525/1929/28 1524/1928/27 1571/1983/27 1572/1984/28
f 1526/1930/29 1525/1929/28 1572/1984/28 1573/1985/29
f 1530/1936/106 1538/1946/34 1587/2008/108 1586/2006/62
f 1521/1925/87 1526/1930/29 1573/1985/29 1574/1986/63
f 1527/1931/30 1521/1925/87 1574/1986/63 1575/1987/30
f 1570/1982/59 1569/1981/22 1568/1980/26 1567/1979/89 1578/1990/60 1579/1992/64 1580/1994/65 1581/1996/66 1582/1998/67 1583/2000/68 1584/2002/69 1585/2004/70 1586/2006/62 1587/2008/108 1588/2009/71 1589/2010/72 1590/2011/73 1591/2012/74 1592/2013/75 1593/2014/76 1594/2015/77 1577/1989/78 1565/1977/79 1566/1978/80 1576/1988/31 1575/1987/30 1574/1986/63 1573/1985/29 1572/1984/28 1571/1983/27
f 1528/1932/31 1527/1931/30 1575/1987/30 1576/1988/31
f 1519/1923/88 1528/1932/31 1576/1988/31 1566/1978/80
f 1517/1920/24 1519/1923/88 1566/1978/80 1565/1977/79
f 1529/1934/54 1531/1939/57 1579/1993/64 1578/1991/60
f 1531/1939/57 1532/1940/33 1580/1995/65 1579/1993/64
f 1532/1940/33 1533/1941/32 1581/1997/66 1580/1995/65
f 1533/1941/32 1534/1942/47 1582/1999/67 1581/1997/66
f 1534/1942/47 1535/1943/49 1583/2001/68 1582/1999/67
f 1535/1943/49 1536/1944/51 1584/2003/69 1583/2001/68
f 1536/1944/51 1537/1945/53 1585/2005/70 1584/2003/69
f 1537/1945/53 1530/1937/106 1586/2007/62 1585/2005/70
f 1538/1946/34 1540/1950/46 1588/2009/71 1587/2008/108
f 1540/1950/46 1541/1951/48 1589/2010/72 1588/2009/71
f 1541/1951/48 1542/1952/50 1590/2011/73 1589/2010/72
f 1542/1952/50 1543/1953/52 1591/2012/74 1590/2011/73
f 1543/1953/52 1544/1954/56 1592/2013/75 1591/2012/74
f 1544/1954/56 1545/1955/58 1593/2014/76 1592/2013/75
f 1545/1955/58 1546/1956/45 1594/2015/77 1593/2014/76
f 1546/1956/45 1539/1948/35 1577/1989/78 1594/2015/77
f 1539/1948/35 1517/1920/24 1565/1977/79 1577/1989/78
f 1316/1651/12 1595/2016/12 1596/2017/81 1597/2019/82 1599/2023/83 1602/2029/81 1601/2027/81 1600/2025/84 1598/2021/85 1317/1652/81
f 1515/1918/14 1234/1532/13 1317/1653/81 1598/2022/85
f 1538/1947/34 1530/1938/106 1601/2028/81 1602/2030/81
f 1529/1935/54 1515/1918/14 1598/2022/85 1600/2026/84
f 1539/1949/35 1538/1947/34 1602/2030/81 1599/2024/83
f 1513/1915/13 1517/1921/24 1597/2020/82 1596/2018/81
f 1517/1921/24 1539/1949/35 1599/2024/83 1597/2020/82
f 1530/1938/106 1529/1935/54 1600/2026/84 1601/2028/81
f 1324/1666/1 1603/2031/1 1605/2033/2 1326/1668/2
f 1326/1668/2 1605/2033/2 1688/2167/12 1409/1784/12
f 1327/1669/13 1608/2037/90 1615/2046/15 1609/2039/1 1328/1671/1
f 1328/1671/1 1609/2039/1 1613/2044/86 1614/2045/87 1611/2042/1 1607/2036/1 1604/2032/1 1325/1667/1
f 1609/2039/1 1615/2046/15 1616/2047/22 1613/2044/86
f 1611/2042/1 1612/2043/23 1610/2040/91 1606/2034/13 1607/2036/1
f 1615/2046/15 1608/2037/90 1660/2126/25 1661/2127/26
f 1617/2048/27 1618/2049/28 1619/2050/29 1614/2045/87 1613/2044/86
f 1614/2045/87 1620/2051/30 1621/2052/31 1612/2043/23 1611/2042/1
f 1626/2062/32 1625/2059/33 1643/2091/9 1644/2094/8
f 1631/2068/34 1632/2071/35 1650/2106/36 1649/2103/37
f 1632/2069/35 1639/2081/45 1657/2123/38 1650/2108/36
f 1633/2072/46 1631/2067/34 1649/2105/37 1651/2110/44
f 1627/2063/47 1626/2062/32 1644/2094/8 1645/2096/7
f 1634/2073/48 1633/2072/46 1651/2110/44 1652/2112/43
f 1628/2064/49 1627/2063/47 1645/2096/7 1646/2098/6
f 1635/2074/50 1634/2073/48 1652/2112/43 1653/2114/42
f 1629/2065/51 1628/2064/49 1646/2098/6 1647/2100/107
f 1636/2075/52 1635/2074/50 1653/2114/42 1654/2116/41
f 1630/2066/53 1629/2065/51 1647/2100/107 1648/2102/4
f 1622/2054/54 1623/2057/106 1641/2086/3 1640/2083/11
f 1637/2077/56 1636/2076/52 1654/2117/41 1655/2119/40
f 1623/2056/106 1630/2066/53 1648/2102/4 1641/2087/3
f 1624/2058/57 1622/2053/54 1640/2084/11 1642/2089/10
f 1638/2078/58 1637/2077/56 1655/2119/40 1656/2121/39
f 1625/2060/33 1624/2058/57 1642/2089/10 1643/2092/9
f 1639/2081/45 1638/2078/58 1656/2121/39 1657/2123/38
f 1616/2047/22 1615/2046/15 1661/2127/26 1662/2128/22
f 1613/2044/86 1616/2047/22 1662/2128/22 1663/2129/59
f 1608/2037/90 1622/2053/54 1671/2138/60 1660/2126/25
f 1617/2048/27 1613/2044/86 1663/2129/59 1664/2130/27
f 1618/2049/28 1617/2048/27 1664/2130/27 1665/2131/28
f 1619/2050/29 1618/2049/28 1665/2131/28 1666/2132/29
f 1623/2055/106 1631/2067/34 1680/2153/108 1679/2151/62
f 1614/2045/87 1619/2050/29 1666/2132/29 1667/2133/63
f 1620/2051/30 1614/2045/87 1667/2133/63 1668/2134/30
f 1663/2129/59 1662/2128/22 1661/2127/26 1660/2126/25 1671/2138/60 1672/2139/64 1673/2140/65 1674/2141/66 1675/2143/67 1676/2145/68 1677/2147/69 1678/2149/70 1679/2151/62 1680/2153/108 1681/2154/71 1682/2155/72 1683/2156/73 1684/2157/74 1685/2159/75 1686/2161/76 1687/2164/77 1670/2137/78 1658/2124/99 1659/2125/80 1669/2135/31 1668/2134/30 1667/2133/63 1666/2132/29 1665/2131/28 1664/2130/27
f 1621/2052/31 1620/2051/30 1668/2134/30 1669/2135/31
f 1612/2043/23 1621/2052/31 1669/2135/31 1659/2125/80
f 1610/2040/91 1612/2043/23 1659/2125/80 1658/2124/99
f 1622/2053/54 1624/2058/57 1672/2139/64 1671/2138/60
f 1624/2058/57 1625/2060/33 1673/2140/65 1672/2139/64
f 1625/2060/33 1626/2061/32 1674/2141/66 1673/2140/65
f 1626/2062/32 1627/2063/47 1675/2144/67 1674/2142/66
f 1627/2063/47 1628/2064/49 1676/2146/68 1675/2144/67
f 1628/2064/49 1629/2065/51 1677/2148/69 1676/2146/68
f 1629/2065/51 1630/2066/53 1678/2150/70 1677/2148/69
f 1630/2066/53 1623/2056/106 1679/2152/62 1678/2150/70
f 1631/2067/34 1633/2072/46 1681/2154/71 1680/2153/108
f 1633/2072/46 1634/2073/48 1682/2155/72 1681/2154/71
f 1634/2073/48 1635/2074/50 1683/2156/73 1682/2155/72
f 1635/2074/50 1636/2075/52 1684/2157/74 1683/2156/73
f 1636/2076/52 1637/2077/56 1685/2160/75 1684/2158/74
f 1637/2077/56 1638/2078/58 1686/2162/76 1685/2160/75
f 1638/2079/58 1639/2080/45 1687/2165/77 1686/2163/76
f 1639/2081/45 1632/2069/35 1670/2136/78 1687/2166/77
f 1632/2070/35 1610/2040/91 1658/2124/99 1670/2137/78
f 1409/1784/12 1688/2167/12 1689/2168/81 1690/2170/82 1692/2174/83 1695/2180/81 1694/2178/81 1693/2176/84 1691/2172/85 1410/1785/81
f 1608/2038/90 1327/1670/13 1410/1786/81 1691/2173/85
f 1631/2068/34 1623/2057/106 1694/2179/81 1695/2181/81
f 1622/2054/54 1608/2038/90 1691/2173/85 1693/2177/84
f 1632/2071/35 1631/2068/34 1695/2181/81 1692/2175/83
f 1606/2035/13 1610/2041/91 1690/2171/82 1689/2169/81
f 1610/2041/91 1632/2071/35 1692/2175/83 1690/2171/82
f 1623/2057/106 1622/2054/54 1693/2177/84 1694/2179/81
f 1697/2183/109 1698/2184/110 1702/2191/111 1701/2188/112
f 1704/2194/113 1705/2196/114 1700/2186/115 1699/2185/116
f 1705/2197/114 1703/2192/117 1696/2182/1 1700/2187/115
f 1708/2206/118 1706/2199/119 1713/2218/120 1709/2209/111
f 1701/2189/112 1702/2190/111 1708/2204/118 1707/2201/121
f 1702/2191/111 1698/2184/110 1706/2200/119 1708/2205/118
f 1709/2207/111 1713/2219/120 1711/2213/122 1710/2210/123
f 1714/2220/124 1709/2208/111 1710/2211/123 1712/2215/125
f 1703/2193/117 1705/2198/114 1710/2212/123 1711/2214/122
f 1707/2202/121 1708/2206/118 1709/2209/111 1714/2221/124
f 1704/2195/113 1707/2203/121 1714/2222/124 1712/2216/125
f 1705/2198/114 1704/2195/113 1712/2217/125 1710/2212/123
f 1716/2224/109 1720/2228/126 1721/2229/127 1717/2225/110
f 1723/2232/128 1718/2226/129 1719/2227/130 1724/2234/131
f 1724/2234/131 1719/2227/130 1715/2223/1 1722/2230/117
f 1727/2241/132 1728/2243/133 1732/2251/120 1725/2236/119
f 1720/2228/126 1726/2239/134 1727/2240/132 1721/2229/127
f 1721/2229/127 1727/2240/132 1725/2237/119 1717/2225/110
f 1728/2242/133 1729/2244/135 1730/2246/122 1732/2252/120
f 1733/2253/136 1731/2248/137 1729/2244/135 1728/2242/133
f 1722/2231/117 1730/2247/122 1729/2245/135 1724/2235/131
f 1726/2238/134 1733/2254/136 1728/2243/133 1727/2241/132
f 1723/2232/128 1731/2249/137 1733/2255/136 1726/2239/134
f 1724/2235/131 1729/2245/135 1731/2250/137 1723/2233/128
f 3/4/21 4/5/20 1737/2259/138 1740/2262/139 1742/2264/140 1736/2258/138
f 1758/2282/127 1754/2277/141 1755/2278/142 1757/2281/111 1756/2279/143 1761/2288/143 1760/2286/143 1759/2284/143
f 1736/2258/138 1742/2264/140 1743/2265/144 1738/2260/1
f 1748/2271/145 1783/2323/146 1771/2304/147 1775/2312/148 1787/2328/149 1750/2273/150
f 1741/2263/151 1740/2262/139 1737/2259/138 1739/2261/1
f 1750/2273/150 1787/2328/149 1791/2334/157
f 1785/2325/158 1783/2323/146 1748/2271/145
f 1776/2313/109 1775/2311/148 1771/2303/147 1773/2307/109 1760/2287/143 1761/2289/143
f 1791/2334/157 1789/2331/159 1752/2275/1
f 1746/2269/1 1781/2321/160 1785/2325/158
f 1743/2265/144 1742/2264/140 1754/2277/141 1758/2282/127
f 1752/2275/1 1789/2331/159 1777/2314/147 1741/2263/151 1739/2261/1 1745/2268/1
f 1741/2263/151 1777/2314/147 1779/2319/109 1756/2279/143 1757/2281/111
f 1738/2260/1 1743/2265/144 1769/2300/148 1781/2321/160 1746/2269/1 1744/2267/1
f 1740/2262/139 1741/2263/151 1757/2281/111 1755/2278/142
f 1742/2264/140 1740/2262/139 1755/2278/142 1754/2277/141
f 1744/2267/1 1746/2269/1 1785/2325/158 1748/2271/145 1750/2273/150 1791/2334/157 1752/2275/1 1745/2268/1 1766/2296/164 1767/2297/89
f 1773/2307/109 1772/2305/156 1768/2298/155 1770/2302/109 1759/2285/143 1760/2287/143
f 1753/2276/89 1751/2274/99 1762/2290/143 1763/2291/127
f 1779/2318/109 1778/2316/156 1774/2309/155 1776/2313/109 1761/2289/143 1756/2280/143
f 1768/2298/155 1769/2301/148 1770/2302/109
f 1771/2303/147 1772/2305/156 1773/2307/109
f 1774/2309/155 1775/2311/148 1776/2313/109
f 1777/2314/147 1778/2317/156 1779/2319/109
f 1768/2299/155 1780/2320/163 1781/2321/160 1769/2300/148
f 1771/2304/147 1783/2323/146 1782/2322/161 1772/2306/156
f 1780/2320/163 1784/2324/162 1785/2325/158 1781/2321/160
f 1784/2324/162 1782/2322/161 1783/2323/146 1785/2325/158
f 1774/2310/155 1786/2327/154 1787/2328/149 1775/2312/148
f 1777/2314/147 1789/2331/159 1788/2330/152 1778/2317/156
f 1786/2327/154 1790/2333/153 1791/2334/157 1787/2328/149
f 1790/2333/153 1788/2330/152 1789/2331/159 1791/2334/157
f 1770/2302/109 1769/2301/148 1743/2266/144 1758/2283/127 1759/2285/143
f 1766/2296/164 1764/2292/165 1762/2290/143 1751/2274/99
f 1834/2377/143 1835/2379/143 1838/2385/143 1839/2387/143
f 1764/2292/165 1765/2294/129 1763/2291/127 1762/2290/143
f 1767/2297/89 1766/2296/164 1751/2274/99 1753/2276/89
f 1765/2294/129 1767/2297/89 1753/2276/89 1763/2291/127
f 1836/2381/185 1837/2383/185 1839/2388/143 1838/2386/143
f 1835/2380/143 1834/2378/143 1840/2389/185 1841/2391/185
f 1765/2295/129 1764/2293/165 1837/2384/185 1836/2382/185
f 1845/2399/185 1842/2393/185 1843/2395/143 1844/2397/143
f 1841/2392/185 1840/2390/185 1842/2394/185 1845/2400/185
f 1735/2257/109 1734/2256/109 1844/2398/143 1843/2396/143
f 1850/2405/186 1852/2407/187 1855/2410/188 1856/2411/189
f 1848/2403/109 1849/2404/143 1853/2408/190 1852/2407/187
f 1857/2412/191 1851/2406/192 1867/2422/193 1865/2420/194
f 1851/2406/192 1847/2402/195 1868/2423/196 1867/2422/193
f 1855/2410/188 1854/2409/197 1857/2412/191 1856/2411/189
f 1853/2408/190 1849/2404/143 1847/2402/195 1851/2406/192
f 1853/2408/190 1851/2406/192 1857/2412/191 1854/2409/197
f 1852/2407/187 1853/2408/190 1854/2409/197 1855/2410/188
f 1846/2401/198 1850/2405/186 1866/2421/199 1869/2424/200
f 1850/2405/186 1856/2411/189 1864/2419/201 1866/2421/199
f 1847/2402/195 1846/2401/198 1869/2424/200 1868/2423/196
f 1860/2415/202 1863/2418/203 1862/2417/204 1859/2414/205
f 1866/2421/199 1864/2419/201 1858/2413/206 1860/2415/202
f 1863/2418/203 1860/2415/202 1858/2413/206 1861/2416/207
f 1856/2411/189 1857/2412/191 1865/2420/194 1864/2419/201
f 1868/2423/196 1869/2424/200 1859/2414/205 1862/2417/204
f 1865/2420/194 1867/2422/193 1863/2418/203 1861/2416/207
f 1869/2424/200 1866/2421/199 1860/2415/202 1859/2414/205
f 1867/2422/193 1868/2423/196 1862/2417/204 1863/2418/203
f 1864/2419/201 1865/2420/194 1861/2416/207 1858/2413/206
f 1874/2433/208 1880/2439/209 1879/2438/210 1876/2435/211
f 1872/2429/109 1876/2435/211 1877/2436/212 1873/2431/143
f 1881/2440/213 1889/2452/214 1891/2454/215 1875/2434/216
f 1875/2434/216 1891/2454/215 1892/2455/217 1871/2427/218
f 1879/2438/210 1880/2439/209 1881/2440/213 1878/2437/219
f 1877/2436/212 1875/2434/216 1871/2427/218 1873/2431/143
f 1877/2436/212 1878/2437/219 1881/2440/213 1875/2434/216
f 1876/2435/211 1879/2438/210 1878/2437/219 1877/2436/212
f 1870/2425/220 1890/2453/221 1874/2433/208
f 1874/2433/208 1890/2453/221 1888/2450/222 1880/2439/209
f 1871/2427/218 1892/2455/217 1870/2425/220
f 1884/2444/223 1883/2442/224 1886/2447/225 1887/2449/226
f 1890/2453/221 1884/2444/223 1882/2441/227 1888/2450/222
f 1887/2449/226 1885/2446/228 1882/2441/227 1884/2444/223
f 1880/2439/209 1888/2450/222 1889/2452/214 1881/2440/213
f 1889/2451/214 1885/2445/228 1887/2449/226 1891/2454/215
f 1870/2425/220 1883/2442/224 1884/2444/223 1890/2453/221
f 1891/2454/215 1887/2449/226 1886/2447/225 1892/2455/217
f 1888/2450/222 1882/2441/227 1885/2446/228 1889/2452/214
f 4/5/20 302/357/97 1895/2459/229 1898/2462/230 1900/2465/231 1894/2458/232
f 1916/2484/233 1912/2478/141 1913/2479/142 1915/2483/111 1914/2480/143 1919/2490/143 1918/2488/143 1917/2486/143
f 1894/2458/232 1900/2465/231 1901/2466/144 1896/2460/1
f 1906/2472/129 1939/2525/146 1927/2504/147 1931/2513/148 1943/2531/149 1908/2474/150
f 1899/2464/151 1898/2462/230 1895/2459/229 1897/2461/1
f 1908/2474/150 1943/2531/149 1947/2537/157
f 1941/2528/158 1939/2525/146 1906/2472/129
f 1932/2514/109 1931/2512/148 1927/2503/147 1929/2508/109 1918/2489/143 1919/2491/143
f 1947/2537/157 1945/2534/159 1910/2476/1
f 1904/2470/1 1937/2523/160 1941/2528/158
f 1901/2466/144 1900/2465/231 1912/2478/141 1916/2484/233
f 1910/2476/1 1945/2534/159 1933/2516/147 1899/2464/151 1897/2461/1 1903/2469/1
f 1899/2463/151 1933/2515/147 1935/2520/109 1914/2481/143 1915/2482/111
f 1896/2460/1 1901/2466/144 1925/2500/148 1937/2523/160 1904/2470/1 1902/2468/1
f 1898/2462/230 1899/2464/151 1915/2483/111 1913/2479/142
f 1900/2465/231 1898/2462/230 1913/2479/142 1912/2478/141
f 1902/2468/1 1904/2470/1 1941/2528/158 1906/2472/129 1908/2474/150 1947/2537/157 1910/2476/1 1903/2469/1 1922/2495/79 1923/2496/234
f 1929/2508/109 1928/2506/156 1924/2498/155 1926/2502/109 1917/2487/143 1918/2489/143
f 1911/2477/235 1909/2475/79 1920/2492/111 1762/2290/143
f 1935/2520/109 1934/2518/156 1930/2510/155 1932/2514/109 1919/2491/143 1914/2481/143
f 1924/2498/155 1925/2501/148 1926/2502/109
f 1927/2503/147 1928/2506/156 1929/2508/109
f 1930/2510/155 1931/2512/148 1932/2514/109
f 1933/2515/147 1934/2518/156 1935/2520/109
f 1924/2499/155 1936/2522/163 1937/2523/160 1925/2500/148
f 1927/2504/147 1939/2525/146 1938/2524/161 1928/2507/156
f 1936/2522/163 1940/2527/162 1941/2528/158 1937/2523/160
f 1940/2527/162 1938/2524/161 1939/2525/146 1941/2528/158
f 1930/2511/155 1942/2530/154 1943/2531/149 1931/2513/148
f 1933/2516/147 1945/2534/159 1944/2533/152 1934/2519/156
f 1942/2530/154 1946/2536/153 1947/2537/157 1943/2531/149
f 1946/2536/153 1944/2533/152 1945/2534/159 1947/2537/157
f 1926/2502/109 1925/2501/148 1901/2467/144 1916/2485/233 1917/2487/143
f 1922/2495/79 1921/2493/116 1920/2492/111 1909/2475/79
f 1990/2580/143 1834/2377/143 1839/2387/143 1992/2584/143
f 1921/2493/116 1764/2292/165 1762/2290/143 1920/2492/111
f 1923/2496/234 1922/2495/79 1909/2475/79 1911/2477/235
f 1764/2292/165 1923/2496/234 1911/2477/235 1762/2290/143
f 1837/2383/185 1991/2582/185 1992/2585/143 1839/2388/143
f 1834/2378/143 1990/2581/143 1993/2586/185 1840/2389/185
f 1764/2293/165 1921/2494/116 1991/2583/185 1837/2384/185
f 1842/2393/185 1994/2588/185 1995/2590/143 1843/2395/143
f 1840/2390/185 1993/2587/185 1994/2589/185 1842/2394/185
f 1893/2457/109 1735/2257/109 1843/2396/143 1995/2591/143
f 1996/2592/237 1998/2594/187 2001/2597/188 2002/2598/189
f 1872/2430/109 1873/2432/143 1999/2595/190 1998/2594/187
f 2003/2599/238 1997/2593/239 2011/2607/240 2009/2605/241
f 1997/2593/239 1871/2428/218 1892/2456/217 2011/2607/240
f 2001/2597/188 2000/2596/197 2003/2599/238 2002/2598/189
f 1999/2595/190 1873/2432/143 1871/2428/218 1997/2593/239
f 1999/2595/190 1997/2593/239 2003/2599/238 2000/2596/197
f 1998/2594/187 1999/2595/190 2000/2596/197 2001/2597/188
f 1870/2426/220 1996/2592/237 2010/2606/242
f 1996/2592/237 2002/2598/189 2008/2604/243 2010/2606/242
f 2005/2601/244 2007/2603/203 1886/2448/225 1883/2443/224
f 2010/2606/242 2008/2604/243 2004/2600/206 2005/2601/244
f 2007/2603/203 2005/2601/244 2004/2600/206 2006/2602/207
f 2002/2598/189 2003/2599/238 2009/2605/241 2008/2604/243
f 1892/2456/217 1870/2426/220 1883/2443/224 1886/2448/225
f 2009/2605/241 2011/2607/240 2007/2603/203 2006/2602/207
f 1870/2426/220 2010/2606/242 2005/2601/244 1883/2443/224
f 2011/2607/240 1892/2456/217 1886/2448/225 2007/2603/203
f 2008/2604/243 2009/2605/241 2006/2602/207 2004/2600/206
f 2016/2616/208 2022/2622/209 2021/2621/210 2018/2618/211
f 2014/2612/109 2018/2618/211 2019/2619/212 2015/2614/143
f 2023/2623/245 2031/2633/246 2033/2635/247 2017/2617/248
f 2017/2617/248 2033/2635/247 2034/2636/249 2013/2610/218
f 2021/2621/210 2022/2622/209 2023/2623/245 2020/2620/219
f 2019/2619/212 2017/2617/248 2013/2610/218 2015/2614/143
f 2019/2619/212 2020/2620/219 2023/2623/245 2017/2617/248
f 2018/2618/211 2021/2621/210 2020/2620/219 2019/2619/212
f 2012/2608/220 2032/2634/221 2016/2616/208
f 2016/2616/208 2032/2634/221 2030/2632/222 2022/2622/209
f 2013/2610/218 2034/2636/249 2012/2608/220
f 2026/2627/223 2025/2625/224 2028/2629/225 2029/2631/226
f 2032/2634/221 2026/2627/223 2024/2624/227 2030/2632/222
f 2029/2631/226 2027/2628/228 2024/2624/227 2026/2627/223
f 2022/2622/209 2030/2632/222 2031/2633/246 2023/2623/245
f 2031/2633/246 2027/2628/228 2029/2631/226 2033/2635/247
f 2012/2608/220 2025/2625/224 2026/2627/223 2032/2634/221
f 2033/2635/247 2029/2631/226 2028/2629/225 2034/2636/249
f 2030/2632/222 2024/2624/227 2027/2628/228 2031/2633/246
f 302/357/97 581/689/97 2037/2640/229 2040/2643/230 2042/2646/231 2036/2639/232
f 2058/2665/250 2054/2659/141 2055/2660/142 2057/2664/111 2056/2661/143 2061/2671/143 2060/2669/143 2059/2667/143
f 2036/2639/232 2042/2646/231 2043/2647/144 2038/2641/1
f 2048/2653/145 2083/2709/146 2071/2688/147 2075/2697/148 2087/2715/149 2050/2655/150
f 2041/2645/151 2040/2643/230 2037/2640/229 2039/2642/1
f 2050/2655/150 2087/2715/149 2091/2720/157
f 2085/2712/158 2083/2709/146 2048/2653/145
f 2076/2698/109 2075/2696/148 2071/2687/147 2073/2692/109 2060/2670/143 2061/2672/143
f 2091/2720/157 2089/2717/159 2052/2657/1
f 2046/2651/1 2081/2707/160 2085/2712/158
f 2043/2647/144 2042/2646/231 2054/2659/141 2058/2665/250
f 2052/2657/1 2089/2717/159 2077/2700/147 2041/2645/151 2039/2642/1 2045/2650/1
f 2041/2644/151 2077/2699/147 2079/2704/109 2056/2662/143 2057/2663/111
f 2038/2641/1 2043/2647/144 2069/2684/148 2081/2707/160 2046/2651/1 2044/2649/1
f 2040/2643/230 2041/2645/151 2057/2664/111 2055/2660/142
f 2042/2646/231 2040/2643/230 2055/2660/142 2054/2659/141
f 2044/2649/1 2046/2651/1 2085/2712/158 2048/2653/145 2050/2655/150 2091/2720/157 2052/2657/1 2045/2650/1 2066/2679/79 2067/2680/89
f 2073/2692/109 2072/2690/156 2068/2682/155 2070/2686/109 2059/2668/143 2060/2670/143
f 2053/2658/89 2051/2656/79 2062/2673/111 2063/2674/127
f 2079/2704/109 2078/2702/156 2074/2694/155 2076/2698/109 2061/2672/143 2056/2662/143
f 2068/2682/155 2069/2685/148 2070/2686/109
f 2071/2687/147 2072/2690/156 2073/2692/109
f 2074/2694/155 2075/2696/148 2076/2698/109
f 2077/2699/147 2078/2702/156 2079/2704/109
f 2068/2683/155 2080/2706/163 2081/2707/160 2069/2684/148
f 2071/2688/147 2083/2709/146 2082/2708/161 2072/2691/156
f 2080/2706/163 2084/2711/162 2085/2712/158 2081/2707/160
f 2084/2711/162 2082/2708/161 2083/2709/146 2085/2712/158
f 2074/2695/155 2086/2714/154 2087/2715/149 2075/2697/148
f 2077/2700/147 2089/2717/159 2088/2716/152 2078/2703/156
f 2086/2714/154 2090/2719/153 2091/2720/157 2087/2715/149
f 2090/2719/153 2088/2716/152 2089/2717/159 2091/2720/157
f 2070/2686/109 2069/2685/148 2043/2648/144 2058/2666/250 2059/2668/143
f 2066/2679/79 2064/2675/116 2062/2673/111 2051/2656/79
f 2134/2763/143 2135/2765/143 2138/2771/143 2139/2773/143
f 2064/2675/116 2065/2677/129 2063/2674/127 2062/2673/111
f 2067/2680/89 2066/2679/79 2051/2656/79 2053/2658/89
f 2065/2677/129 2067/2680/89 2053/2658/89 2063/2674/127
f 2136/2767/185 2137/2769/185 2139/2774/143 2138/2772/143
f 2135/2766/143 2134/2764/143 2140/2775/185 1993/2586/185
f 2065/2678/129 2064/2676/116 2137/2770/185 2136/2768/185
f 1994/2588/185 2141/2777/185 2142/2779/143 1995/2590/143
f 1993/2587/185 2140/2776/185 2141/2778/185 1994/2589/185
f 2035/2638/109 1893/2457/109 1995/2591/143 2142/2780/143
f 2143/2781/237 2145/2783/187 2148/2786/188 2149/2787/189
f 2014/2613/109 2015/2615/143 2146/2784/190 2145/2783/187
f 2150/2788/251 2144/2782/252 2158/2796/253 2156/2794/254
f 2144/2782/252 2013/2611/218 2034/2637/249 2158/2796/253
f 2148/2786/188 2147/2785/197 2150/2788/251 2149/2787/189
f 2146/2784/190 2015/2615/143 2013/2611/218 2144/2782/252
f 2146/2784/190 2144/2782/252 2150/2788/251 2147/2785/197
f 2145/2783/187 2146/2784/190 2147/2785/197 2148/2786/188
f 2012/2609/220 2143/2781/237 2157/2795/242
f 2143/2781/237 2149/2787/189 2155/2793/243 2157/2795/242
f 2152/2790/244 2154/2792/203 2028/2630/225 2025/2626/224
f 2157/2795/242 2155/2793/243 2151/2789/206 2152/2790/244
f 2154/2792/203 2152/2790/244 2151/2789/206 2153/2791/207
f 2149/2787/189 2150/2788/251 2156/2794/254 2155/2793/243
f 2034/2637/249 2012/2609/220 2025/2626/224 2028/2630/225
f 2156/2794/254 2158/2796/253 2154/2792/203 2153/2791/207
f 2012/2609/220 2157/2795/242 2152/2790/244 2025/2626/224
f 2158/2796/253 2034/2637/249 2028/2630/225 2154/2792/203
f 2155/2793/243 2156/2794/254 2153/2791/207 2151/2789/206
f 2163/2805/208 2169/2814/209 2168/2813/210 2165/2808/211
f 2161/2801/109 2165/2808/211 2166/2810/212 2162/2803/143
f 2170/2816/255 2178/2829/256 2180/2832/257 2164/2806/258
f 2164/2806/258 2180/2832/257 2181/2833/259 2160/2799/218
f 2168/2813/210 2169/2814/209 2170/2816/255 2167/2812/219
f 2166/2810/212 2164/2806/258 2160/2799/218 2162/2803/143
f 2166/2809/212 2167/2811/219 2170/2815/255 2164/2807/258
f 2165/2808/211 2168/2813/210 2167/2812/219 2166/2810/212
f 2159/2797/220 2179/2830/221 2163/2805/208
f 2163/2805/208 2179/2830/221 2177/2827/222 2169/2814/209
f 2160/2799/218 2181/2833/259 2159/2797/220
f 2173/2820/223 2172/2818/224 2175/2823/260 2176/2826/226
f 2179/2830/221 2173/2820/223 2171/2817/227 2177/2827/222
f 2176/2826/226 2174/2822/228 2171/2817/227 2173/2820/223
f 2169/2814/209 2177/2827/222 2178/2829/256 2170/2816/255
f 2178/2828/256 2174/2821/228 2176/2825/226 2180/2831/257
f 2159/2797/220 2172/2818/224 2173/2820/223 2179/2830/221
f 2180/2832/257 2176/2826/226 2175/2823/260 2181/2833/259
f 2177/2827/222 2171/2817/227 2174/2822/228 2178/2829/256
f 581/689/97 860/1043/97 2184/2837/229 2187/2840/230 2189/2843/231 2183/2836/232
f 2205/2862/127 2201/2856/141 2202/2857/142 2204/2861/111 2203/2858/143 2208/2868/143 2207/2866/143 2206/2864/143
f 2183/2836/232 2189/2843/231 2190/2844/144 2185/2838/1
f 2195/2850/261 2230/2909/146 2218/2884/147 2222/2895/148 2234/2915/149 2197/2852/145
f 2188/2842/151 2187/2840/230 2184/2837/229 2186/2839/1
f 2197/2852/145 2234/2915/149 2238/2921/157
f 2232/2912/158 2230/2909/146 2195/2850/261
f 2223/2896/109 2222/2894/148 2218/2885/147 2220/2890/109 2207/2867/143 2208/2869/143
f 2238/2921/157 2236/2918/159 2199/2854/1
f 2193/2848/1 2228/2905/160 2232/2912/158
f 2190/2844/144 2189/2843/231 2201/2856/141 2205/2862/127
f 2199/2854/1 2236/2918/159 2224/2898/147 2188/2842/151 2186/2839/1 2192/2847/1
f 2188/2841/151 2224/2897/147 2226/2902/109 2203/2859/143 2204/2860/111
f 2185/2838/1 2190/2844/144 2216/2881/148 2228/2905/160 2193/2848/1 2191/2846/1
f 2187/2840/230 2188/2842/151 2204/2861/111 2202/2857/142
f 2189/2843/231 2187/2840/230 2202/2857/142 2201/2856/141
f 2191/2846/1 2193/2848/1 2232/2912/158 2195/2850/261 2197/2852/145 2238/2921/157 2199/2854/1 2192/2847/1 2213/2876/79 2214/2877/89
f 2220/2890/109 2219/2888/156 2215/2879/155 2217/2883/109 2206/2865/143 2207/2867/143
f 2200/2855/89 2198/2853/79 2209/2870/111 2210/2871/127
f 2226/2902/109 2225/2900/156 2221/2892/155 2223/2896/109 2208/2869/143 2203/2859/143
f 2215/2879/155 2216/2882/148 2217/2883/109
f 2218/2885/147 2219/2888/156 2220/2890/109
f 2221/2892/155 2222/2894/148 2223/2896/109
f 2224/2897/147 2225/2900/156 2226/2902/109
f 2215/2880/155 2227/2904/163 2228/2905/160 2216/2881/148
f 2218/2886/147 2230/2909/146 2229/2907/161 2219/2889/156
f 2227/2904/163 2231/2911/162 2232/2912/158 2228/2905/160
f 2231/2911/162 2229/2908/161 2230/2909/146 2232/2912/158
f 2221/2893/155 2233/2914/154 2234/2915/149 2222/2895/148
f 2224/2898/147 2236/2918/159 2235/2917/152 2225/2901/156
f 2233/2914/154 2237/2920/153 2238/2921/157 2234/2915/149
f 2237/2920/153 2235/2917/152 2236/2918/159 2238/2921/157
f 2217/2883/109 2216/2882/148 2190/2845/144 2205/2863/127 2206/2865/143
f 2213/2876/79 2211/2872/116 2209/2870/111 2198/2853/79
f 2281/2964/143 2282/2966/143 2285/2972/143 2286/2974/143
f 2211/2872/116 2212/2874/129 2210/2871/127 2209/2870/111
f 2214/2877/89 2213/2876/79 2198/2853/79 2200/2855/89
f 2212/2874/129 2214/2877/89 2200/2855/89 2210/2871/127
f 2283/2968/185 2284/2970/185 2286/2975/143 2285/2973/143
f 2282/2967/143 2281/2965/143 2287/2976/185 2140/2775/185
f 2212/2875/129 2211/2873/116 2284/2971/185 2283/2969/185
f 2141/2777/185 2288/2978/185 2289/2980/143 2142/2779/143
f 2140/2776/185 2287/2977/185 2288/2979/185 2141/2778/185
f 2182/2835/109 2035/2638/109 2142/2780/143 2289/2981/143
f 2290/2982/237 2292/2984/187 2295/2987/188 2296/2988/262
f 2161/2802/109 2162/2804/143 2293/2985/190 2292/2984/187
f 2297/2989/263 2291/2983/264 2305/2997/265 2303/2995/266
f 2291/2983/264 2160/2800/218 2181/2834/259 2305/2997/265
f 2295/2987/188 2294/2986/197 2297/2989/263 2296/2988/262
f 2293/2985/190 2162/2804/143 2160/2800/218 2291/2983/264
f 2293/2985/190 2291/2983/264 2297/2989/263 2294/2986/197
f 2292/2984/187 2293/2985/190 2294/2986/197 2295/2987/188
f 2159/2798/220 2290/2982/237 2304/2996/242
f 2290/2982/237 2296/2988/262 2302/2994/243 2304/2996/242
f 2299/2991/244 2301/2993/203 2175/2824/260 2172/2819/224
f 2304/2996/242 2302/2994/243 2298/2990/206 2299/2991/244
f 2301/2993/203 2299/2991/244 2298/2990/206 2300/2992/207
f 2296/2988/262 2297/2989/263 2303/2995/266 2302/2994/243
f 2181/2834/259 2159/2798/220 2172/2819/224 2175/2824/260
f 2303/2995/266 2305/2997/265 2301/2993/203 2300/2992/207
f 2159/2798/220 2304/2996/242 2299/2991/244 2172/2819/224
f 2305/2997/265 2181/2834/259 2175/2824/260 2301/2993/203
f 2302/2994/243 2303/2995/266 2300/2992/207 2298/2990/206
f 2310/3006/267 2316/3013/209 2315/3012/210 2312/3008/211
f 2308/3002/109 2312/3008/211 2313/3009/212 2309/3004/143
f 2317/3015/268 2325/3027/269 2327/3029/270 2311/3007/271
f 2311/3007/271 2327/3029/270 2328/3030/249 2307/3000/218
f 2315/3012/210 2316/3013/209 2317/3015/268 2314/3011/219
f 2313/3009/212 2311/3007/271 2307/3000/218 2309/3004/143
f 2313/3009/212 2314/3010/219 2317/3014/268 2311/3007/271
f 2312/3008/211 2315/3012/210 2314/3011/219 2313/3009/212
f 2306/2998/220 2326/3028/221 2310/3006/267
f 2310/3006/267 2326/3028/221 2324/3025/222 2316/3013/209
f 2307/3000/218 2328/3030/249 2306/2998/220
f 2320/3019/223 2319/3017/224 2322/3022/260 2323/3024/226
f 2326/3028/221 2320/3019/223 2318/3016/227 2324/3025/222
f 2323/3024/226 2321/3021/228 2318/3016/227 2320/3019/223
f 2316/3013/209 2324/3025/222 2325/3027/269 2317/3015/268
f 2325/3026/269 2321/3020/228 2323/3024/226 2327/3029/270
f 2306/2998/220 2319/3017/224 2320/3019/223 2326/3028/221
f 2327/3029/270 2323/3024/226 2322/3022/260 2328/3030/249
f 2324/3025/222 2318/3016/227 2321/3021/228 2325/3027/269
f 860/1043/97 1139/1418/101 2331/3034/229 2334/3037/230 2336/3040/231 2330/3033/232
f 2352/3059/127 2348/3053/141 2349/3054/142 2351/3058/111 2350/3055/143 2355/3065/143 2354/3063/143 2353/3061/143
f 2330/3033/232 2336/3040/231 2337/3041/144 2332/3035/1
f 2342/3047/261 2377/3105/146 2365/3081/147 2369/3092/148 2381/3112/149 2344/3049/145
f 2335/3039/151 2334/3037/230 2331/3034/229 2333/3036/1
f 2344/3049/145 2381/3112/149 2385/3119/157
f 2379/3108/158 2377/3105/146 2342/3047/261
f 2370/3093/109 2369/3091/148 2365/3082/147 2367/3087/109 2354/3064/143 2355/3066/143
f 2385/3119/157 2383/3116/159 2346/3051/1
f 2340/3045/1 2375/3102/160 2379/3108/158
f 2337/3041/144 2336/3040/231 2348/3053/141 2352/3059/127
f 2346/3051/1 2383/3116/159 2371/3095/147 2335/3039/151 2333/3036/1 2339/3044/1
f 2335/3038/151 2371/3094/147 2373/3099/109 2350/3056/143 2351/3057/111
f 2332/3035/1 2337/3041/144 2363/3078/148 2375/3102/160 2340/3045/1 2338/3043/1
f 2334/3037/230 2335/3039/151 2351/3058/111 2349/3054/142
f 2336/3040/231 2334/3037/230 2349/3054/142 2348/3053/141
f 2338/3043/1 2340/3045/1 2379/3108/158 2342/3047/261 2344/3049/145 2385/3119/157 2346/3051/1 2339/3044/1 2360/3073/79 2361/3074/89
f 2367/3087/109 2366/3085/156 2362/3076/155 2364/3080/109 2353/3062/143 2354/3064/143
f 2347/3052/89 2345/3050/79 2356/3067/111 2357/3068/127
f 2373/3099/109 2372/3097/156 2368/3089/155 2370/3093/109 2355/3066/143 2350/3056/143
f 2362/3076/155 2363/3079/148 2364/3080/109
f 2365/3082/147 2366/3085/156 2367/3087/109
f 2368/3089/155 2369/3091/148 2370/3093/109
f 2371/3094/147 2372/3097/156 2373/3099/109
f 2362/3077/155 2374/3101/163 2375/3102/160 2363/3078/148
f 2365/3083/147 2377/3105/146 2376/3104/161 2366/3086/156
f 2374/3101/163 2378/3107/162 2379/3108/158 2375/3102/160
f 2378/3107/162 2376/3104/161 2377/3105/146 2379/3108/158
f 2368/3090/155 2380/3110/154 2381/3112/149 2369/3092/148
f 2371/3095/147 2383/3116/159 2382/3115/152 2372/3098/156
f 2380/3111/154 2384/3118/153 2385/3119/157 2381/3113/149
f 2384/3118/153 2382/3115/152 2383/3116/159 2385/3119/157
f 2364/3080/109 2363/3079/148 2337/3042/144 2352/3060/127 2353/3062/143
f 2360/3073/79 2358/3069/116 2356/3067/111 2345/3050/79
f 2428/3162/143 2429/3164/143 2432/3170/143 2433/3172/143
f 2358/3069/116 2359/3071/129 2357/3068/127 2356/3067/111
f 2361/3074/89 2360/3073/79 2345/3050/79 2347/3052/89
f 2359/3071/129 2361/3074/89 2347/3052/89 2357/3068/127
f 2430/3166/185 2431/3168/185 2433/3173/143 2432/3171/143
f 2429/3165/143 2428/3163/143 2434/3174/185 2287/2976/185
f 2359/3072/129 2358/3070/116 2431/3169/185 2430/3167/185
f 2288/2978/185 2435/3176/185 2436/3178/143 2289/2980/143
f 2287/2977/185 2434/3175/185 2435/3177/185 2288/2979/185
f 2329/3032/109 2182/2835/109 2289/2981/143 2436/3179/143
f 2437/3180/237 2439/3182/187 2442/3185/188 2443/3186/189
f 2308/3003/109 2309/3005/143 2440/3183/190 2439/3182/187
f 2444/3187/191 2438/3181/192 2452/3195/193 2450/3193/194
f 2438/3181/192 2307/3001/218 2328/3031/249 2452/3195/193
f 2442/3185/188 2441/3184/197 2444/3187/191 2443/3186/189
f 2440/3183/190 2309/3005/143 2307/3001/218 2438/3181/192
f 2440/3183/190 2438/3181/192 2444/3187/191 2441/3184/197
f 2439/3182/187 2440/3183/190 2441/3184/197 2442/3185/188
f 2306/2999/220 2437/3180/237 2451/3194/272
f 2437/3180/237 2443/3186/189 2449/3192/243 2451/3194/272
f 2446/3189/244 2448/3191/273 2322/3023/260 2319/3018/224
f 2451/3194/272 2449/3192/243 2445/3188/206 2446/3189/244
f 2448/3191/273 2446/3189/244 2445/3188/206 2447/3190/207
f 2443/3186/189 2444/3187/191 2450/3193/194 2449/3192/243
f 2328/3031/249 2306/2999/220 2319/3018/224 2322/3023/260
f 2450/3193/194 2452/3195/193 2448/3191/273 2447/3190/207
f 2306/2999/220 2451/3194/272 2446/3189/244 2319/3018/224
f 2452/3195/193 2328/3031/249 2322/3023/260 2448/3191/273
f 2449/3192/243 2450/3193/194 2447/3190/207 2445/3188/206
f 2457/3206/267 2463/3212/209 2462/3211/210 2459/3208/211
f 2455/3202/109 2459/3208/211 2460/3209/212 2456/3204/143
f 2464/3213/274 2472/3223/275 2474/3225/276 2458/3207/277
f 2458/3207/277 2474/3225/276 2475/3226/217 2454/3200/218
f 2462/3211/210 2463/3212/209 2464/3213/274 2461/3210/219
f 2460/3209/212 2458/3207/277 2454/3200/218 2456/3204/143
f 2460/3209/212 2461/3210/219 2464/3213/274 2458/3207/277
f 2459/3208/211 2462/3211/210 2461/3210/219 2460/3209/212
f 2453/3197/220 2473/3224/221 2457/3206/267
f 2457/3206/267 2473/3224/221 2471/3222/222 2463/3212/209
f 2454/3200/218 2475/3226/217 2453/3196/220
f 2467/3217/223 2466/3215/224 2469/3219/260 2470/3221/226
f 2473/3224/221 2467/3217/223 2465/3214/227 2471/3222/222
f 2470/3221/226 2468/3218/228 2465/3214/227 2467/3217/223
f 2463/3212/209 2471/3222/222 2472/3223/275 2464/3213/274
f 2472/3223/275 2468/3218/228 2470/3221/226 2474/3225/276
f 2453/3197/220 2466/3215/224 2467/3217/223 2473/3224/221
f 2474/3225/276 2470/3221/226 2469/3219/260 2475/3226/217
f 2471/3222/222 2465/3214/227 2468/3218/228 2472/3223/275
f 1139/1418/101 1418/1801/105 2478/3230/278 2481/3233/279 2483/3236/280 2477/3229/281
f 2499/3255/127 2495/3249/141 2496/3250/142 2498/3254/282 2497/3251/143 2502/3261/143 2501/3259/143 2500/3257/143
f 2477/3229/281 2483/3236/280 2484/3237/144 2479/3231/1
f 2489/3243/1 2524/3300/146 2512/3278/147 2516/3287/148 2528/3306/149 2491/3245/145
f 2482/3235/151 2481/3233/279 2478/3230/278 2480/3232/1
f 2491/3245/145 2528/3306/149 2532/3311/157
f 2526/3303/158 2524/3300/146 2489/3243/1
f 2517/3288/109 2516/3286/148 2512/3277/147 2514/3282/109 2501/3260/143 2502/3262/143
f 2532/3311/157 2530/3309/159 2493/3247/1
f 2487/3241/1 2522/3297/160 2526/3303/158
f 2484/3237/144 2483/3236/280 2495/3249/141 2499/3255/127
f 2493/3247/1 2530/3309/159 2518/3290/147 2482/3235/151 2480/3232/1 2486/3240/1
f 2482/3234/151 2518/3289/147 2520/3294/109 2497/3252/143 2498/3253/282
f 2479/3231/1 2484/3237/144 2510/3274/148 2522/3297/160 2487/3241/1 2485/3239/1
f 2481/3233/279 2482/3235/151 2498/3254/282 2496/3250/142
f 2483/3236/280 2481/3233/279 2496/3250/142 2495/3249/141
f 2485/3239/1 2487/3241/1 2526/3303/158 2489/3243/1 2491/3245/145 2532/3311/157 2493/3247/1 2486/3240/1 2507/3269/79 2508/3270/89
f 2514/3282/109 2513/3280/156 2509/3272/155 2511/3276/109 2500/3258/143 2501/3260/143
f 2494/3248/89 2492/3246/79 2503/3263/111 2504/3264/127
f 2520/3294/109 2519/3292/156 2515/3284/155 2517/3288/109 2502/3262/143 2497/3252/143
f 2509/3272/155 2510/3275/148 2511/3276/109
f 2512/3277/147 2513/3280/156 2514/3282/109
f 2515/3284/155 2516/3286/148 2517/3288/109
f 2518/3289/147 2519/3292/156 2520/3294/109
f 2509/3273/155 2521/3296/163 2522/3297/160 2510/3274/148
f 2512/3278/147 2524/3300/146 2523/3299/161 2513/3281/156
f 2521/3296/163 2525/3302/162 2526/3303/158 2522/3297/160
f 2525/3302/162 2523/3299/161 2524/3300/146 2526/3303/158
f 2515/3285/155 2527/3305/154 2528/3306/149 2516/3287/148
f 2518/3290/147 2530/3309/159 2529/3308/152 2519/3293/156
f 2527/3305/154 2531/3310/153 2532/3311/157 2528/3306/149
f 2531/3310/153 2529/3308/152 2530/3309/159 2532/3311/157
f 2511/3276/109 2510/3275/148 2484/3238/144 2499/3256/127 2500/3258/143
f 2507/3269/79 2505/3265/116 2503/3263/111 2492/3246/79
f 2575/3354/143 2576/3356/143 2579/3362/143 2580/3364/143
f 2505/3265/116 2506/3267/129 2504/3264/127 2503/3263/111
f 2508/3270/89 2507/3269/79 2492/3246/79 2494/3248/89
f 2506/3267/129 2508/3270/89 2494/3248/89 2504/3264/127
f 2577/3358/185 2578/3360/185 2580/3365/143 2579/3363/143
f 2576/3357/143 2575/3355/143 2581/3366/185 2434/3174/185
f 2506/3268/129 2505/3266/116 2578/3361/185 2577/3359/185
f 2435/3176/185 2582/3368/185 2583/3370/143 2436/3178/143
f 2434/3175/185 2581/3367/185 2582/3369/185 2435/3177/185
f 2476/3228/109 2329/3032/109 2436/3179/143 2583/3371/143
f 2584/3372/237 2586/3374/187 2589/3377/188 2590/3378/189
f 2455/3203/109 2456/3205/143 2587/3375/190 2586/3374/187
f 2591/3379/283 2585/3373/284 2599/3387/285 2597/3385/286
f 2585/3373/284 2454/3201/218 2475/3227/217 2599/3387/285
f 2589/3377/188 2588/3376/197 2591/3379/283 2590/3378/189
f 2587/3375/190 2456/3205/143 2454/3201/218 2585/3373/284
f 2587/3375/190 2585/3373/284 2591/3379/283 2588/3376/197
f 2586/3374/187 2587/3375/190 2588/3376/197 2589/3377/188
f 2453/3198/220 2584/3372/237 2598/3386/242
f 2584/3372/237 2590/3378/189 2596/3384/243 2598/3386/242
f 2593/3381/244 2595/3383/273 2469/3220/260 2466/3216/224
f 2598/3386/242 2596/3384/243 2592/3380/206 2593/3381/244
f 2595/3383/273 2593/3381/244 2592/3380/206 2594/3382/207
f 2590/3378/189 2591/3379/283 2597/3385/286 2596/3384/243
f 2475/3227/217 2453/3199/220 2466/3216/224 2469/3220/260
f 2597/3385/286 2599/3387/285 2595/3383/273 2594/3382/207
f 2453/3199/220 2598/3386/242 2593/3381/244 2466/3216/224
f 2599/3387/285 2475/3227/217 2469/3220/260 2595/3383/273
f 2596/3384/243 2597/3385/286 2594/3382/207 2592/3380/206
f 2604/3392/287 2610/3398/209 2609/3397/210 2606/3394/211
f 2602/3390/109 2606/3394/211 2607/3395/212 2603/3391/143
f 2611/3399/288 2619/3407/289 2621/3409/290 2605/3393/291
f 2605/3393/291 2621/3409/290 2622/3410/292 2601/3389/293
f 2609/3397/210 2610/3398/209 2611/3399/288 2608/3396/219
f 2607/3395/212 2605/3393/291 2601/3389/293 2603/3391/143
f 2607/3395/212 2608/3396/219 2611/3399/288 2605/3393/291
f 2606/3394/211 2609/3397/210 2608/3396/219 2607/3395/212
f 2600/3388/294 2623/3411/295 2620/3408/296 2604/3392/287
f 2604/3392/287 2620/3408/296 2618/3406/222 2610/3398/209
f 2601/3389/293 2622/3410/292 2623/3411/295 2600/3388/294
f 2614/3402/297 2613/3401/298 2616/3404/299 2617/3405/226
f 2620/3408/296 2614/3402/297 2612/3400/227 2618/3406/222
f 2617/3405/226 2615/3403/228 2612/3400/227 2614/3402/297
f 2610/3398/209 2618/3406/222 2619/3407/289 2611/3399/288
f 2619/3407/289 2615/3403/228 2617/3405/226 2621/3409/290
f 2623/3411/295 2613/3401/298 2614/3402/297 2620/3408/296
f 2621/3409/290 2617/3405/226 2616/3404/299 2622/3410/292
f 2618/3406/222 2612/3400/227 2615/3403/228 2619/3407/289
usemtl building_dock_apartmentsFULL
f 1749/2272/129 1747/2270/166 1793/2336/167 1792/2335/168
f 1792/2335/168 1793/2336/167 1804/2347/169 1805/2348/170
f 1796/2339/171 1797/2340/172 1795/2338/173 1794/2337/116
f 1747/2270/166 1749/2272/129 1798/2341/174 1812/2355/175 1813/2356/176
f 1795/2338/173 1747/2270/166 1813/2356/176 1810/2353/177
f 1797/2340/172 1793/2336/167 1747/2270/166 1795/2338/173
f 1800/2343/129 1801/2344/166 1815/2358/178 1814/2357/168
f 1794/2337/116 1795/2338/173 1810/2353/177 1811/2354/179 1799/2342/180
f 1802/2345/181 1803/2346/182 1807/2350/112 1806/2349/111
f 1793/2336/167 1797/2340/172 1802/2345/181 1804/2347/169
f 1797/2340/172 1796/2339/171 1803/2346/182 1802/2345/181
f 1796/2339/171 1792/2335/168 1805/2348/170 1803/2346/182
f 1809/2352/126 1808/2351/127 1806/2349/111 1807/2350/112
f 1805/2348/170 1804/2347/169 1808/2351/127 1809/2352/126
f 1804/2347/169 1802/2345/181 1806/2349/111 1808/2351/127
f 1810/2353/177 1813/2356/176 1812/2355/175 1811/2354/179
f 1799/2342/180 1811/2354/179 1812/2355/175 1798/2341/174
f 1814/2357/168 1815/2358/178 1824/2367/169 1825/2368/170
f 1818/2361/171 1819/2362/183 1817/2360/173 1816/2359/116
f 1801/2344/166 1800/2343/129 1820/2363/174 1832/2375/175 1833/2376/176
f 1817/2360/173 1801/2344/166 1833/2376/176 1830/2373/177
f 1819/2362/183 1815/2358/178 1801/2344/166 1817/2360/173
f 1816/2359/116 1817/2360/173 1830/2373/177 1831/2374/179 1821/2364/180
f 1822/2365/181 1823/2366/184 1827/2370/112 1826/2369/111
f 1815/2358/178 1819/2362/183 1822/2365/181 1824/2367/169
f 1819/2362/183 1818/2361/171 1823/2366/184 1822/2365/181
f 1818/2361/171 1814/2357/168 1825/2368/170 1823/2366/184
f 1829/2372/126 1828/2371/127 1826/2369/111 1827/2370/112
f 1825/2368/170 1824/2367/169 1828/2371/127 1829/2372/126
f 1824/2367/169 1822/2365/181 1826/2369/111 1828/2371/127
f 1830/2373/177 1833/2376/176 1832/2375/175 1831/2374/179
f 1821/2364/180 1831/2374/179 1832/2375/175 1820/2363/174
f 1907/2473/129 1905/2471/166 1949/2539/167 1948/2538/168
f 1948/2538/168 1949/2539/167 1960/2550/169 1961/2551/236
f 1952/2542/171 1953/2543/183 1951/2541/173 1950/2540/116
f 1905/2471/166 1907/2473/129 1954/2544/174 1968/2558/175 1969/2559/176
f 1951/2541/173 1905/2471/166 1969/2559/176 1966/2556/177
f 1953/2543/183 1949/2539/167 1905/2471/166 1951/2541/173
f 1956/2546/129 1957/2547/166 1971/2561/167 1970/2560/168
f 1950/2540/116 1951/2541/173 1966/2556/177 1967/2557/179 1955/2545/180
f 1958/2548/181 1959/2549/184 1963/2553/112 1962/2552/111
f 1949/2539/167 1953/2543/183 1958/2548/181 1960/2550/169
f 1953/2543/183 1952/2542/171 1959/2549/184 1958/2548/181
f 1952/2542/171 1948/2538/168 1961/2551/236 1959/2549/184
f 1965/2555/126 1964/2554/127 1962/2552/111 1963/2553/112
f 1961/2551/236 1960/2550/169 1964/2554/127 1965/2555/126
f 1960/2550/169 1958/2548/181 1962/2552/111 1964/2554/127
f 1966/2556/177 1969/2559/176 1968/2558/175 1967/2557/179
f 1955/2545/180 1967/2557/179 1968/2558/175 1954/2544/174
f 1970/2560/168 1971/2561/167 1980/2570/169 1981/2571/236
f 1974/2564/171 1975/2565/172 1973/2563/173 1972/2562/116
f 1957/2547/166 1956/2546/129 1976/2566/174 1988/2578/175 1989/2579/176
f 1973/2563/173 1957/2547/166 1989/2579/176 1986/2576/177
f 1975/2565/172 1971/2561/167 1957/2547/166 1973/2563/173
f 1972/2562/116 1973/2563/173 1986/2576/177 1987/2577/179 1977/2567/180
f 1978/2568/181 1979/2569/182 1983/2573/112 1982/2572/111
f 1971/2561/167 1975/2565/172 1978/2568/181 1980/2570/169
f 1975/2565/172 1974/2564/171 1979/2569/182 1978/2568/181
f 1974/2564/171 1970/2560/168 1981/2571/236 1979/2569/182
f 1985/2575/126 1984/2574/127 1982/2572/111 1983/2573/112
f 1981/2571/236 1980/2570/169 1984/2574/127 1985/2575/126
f 1980/2570/169 1978/2568/181 1982/2572/111 1984/2574/127
f 1986/2576/177 1989/2579/176 1988/2578/175 1987/2577/179
f 1977/2567/180 1987/2577/179 1988/2578/175 1976/2566/174
f 2049/2654/129 2047/2652/166 2093/2722/178 2092/2721/168
f 2092/2721/168 2093/2722/178 2104/2733/169 2105/2734/170
f 2096/2725/171 2097/2726/183 2095/2724/173 2094/2723/116
f 2047/2652/166 2049/2654/129 2098/2727/174 2112/2741/175 2113/2742/176
f 2095/2724/173 2047/2652/166 2113/2742/176 2110/2739/177
f 2097/2726/183 2093/2722/178 2047/2652/166 2095/2724/173
f 2100/2729/129 2101/2730/166 2115/2744/167 2114/2743/168
f 2094/2723/116 2095/2724/173 2110/2739/177 2111/2740/179 2099/2728/180
f 2102/2731/181 2103/2732/184 2107/2736/112 2106/2735/111
f 2093/2722/178 2097/2726/183 2102/2731/181 2104/2733/169
f 2097/2726/183 2096/2725/171 2103/2732/184 2102/2731/181
f 2096/2725/171 2092/2721/168 2105/2734/170 2103/2732/184
f 2109/2738/126 2108/2737/127 2106/2735/111 2107/2736/112
f 2105/2734/170 2104/2733/169 2108/2737/127 2109/2738/126
f 2104/2733/169 2102/2731/181 2106/2735/111 2108/2737/127
f 2110/2739/177 2113/2742/176 2112/2741/175 2111/2740/179
f 2099/2728/180 2111/2740/179 2112/2741/175 2098/2727/174
f 2114/2743/168 2115/2744/167 2124/2753/169 2125/2754/236
f 2118/2747/171 2119/2748/172 2117/2746/173 2116/2745/116
f 2101/2730/166 2100/2729/129 2120/2749/174 2132/2761/175 2133/2762/176
f 2117/2746/173 2101/2730/166 2133/2762/176 2130/2759/177
f 2119/2748/172 2115/2744/167 2101/2730/166 2117/2746/173
f 2116/2745/116 2117/2746/173 2130/2759/177 2131/2760/179 2121/2750/180
f 2122/2751/181 2123/2752/182 2127/2756/112 2126/2755/111
f 2115/2744/167 2119/2748/172 2122/2751/181 2124/2753/169
f 2119/2748/172 2118/2747/171 2123/2752/182 2122/2751/181
f 2118/2747/171 2114/2743/168 2125/2754/236 2123/2752/182
f 2129/2758/126 2128/2757/127 2126/2755/111 2127/2756/112
f 2125/2754/236 2124/2753/169 2128/2757/127 2129/2758/126
f 2124/2753/169 2122/2751/181 2126/2755/111 2128/2757/127
f 2130/2759/177 2133/2762/176 2132/2761/175 2131/2760/179
f 2121/2750/180 2131/2760/179 2132/2761/175 2120/2749/174
f 2196/2851/129 2194/2849/166 2240/2923/167 2239/2922/168
f 2239/2922/168 2240/2923/167 2251/2934/169 2252/2935/170
f 2243/2926/171 2244/2927/172 2242/2925/173 2241/2924/116
f 2194/2849/166 2196/2851/129 2245/2928/174 2259/2942/175 2260/2943/176
f 2242/2925/173 2194/2849/166 2260/2943/176 2257/2940/177
f 2244/2927/172 2240/2923/167 2194/2849/166 2242/2925/173
f 2247/2930/129 2248/2931/166 2262/2945/167 2261/2944/168
f 2241/2924/116 2242/2925/173 2257/2940/177 2258/2941/179 2246/2929/180
f 2249/2932/181 2250/2933/182 2254/2937/112 2253/2936/111
f 2240/2923/167 2244/2927/172 2249/2932/181 2251/2934/169
f 2244/2927/172 2243/2926/171 2250/2933/182 2249/2932/181
f 2243/2926/171 2239/2922/168 2252/2935/170 2250/2933/182
f 2256/2939/126 2255/2938/127 2253/2936/111 2254/2937/112
f 2252/2935/170 2251/2934/169 2255/2938/127 2256/2939/126
f 2251/2934/169 2249/2932/181 2253/2936/111 2255/2938/127
f 2257/2940/177 2260/2943/176 2259/2942/175 2258/2941/179
f 2246/2929/180 2258/2941/179 2259/2942/175 2245/2928/174
f 2261/2944/168 2262/2945/167 2271/2954/169 2272/2955/236
f 2265/2948/171 2266/2949/172 2264/2947/173 2263/2946/116
f 2248/2931/166 2247/2930/129 2267/2950/174 2279/2962/175 2280/2963/176
f 2264/2947/173 2248/2931/166 2280/2963/176 2277/2960/177
f 2266/2949/172 2262/2945/167 2248/2931/166 2264/2947/173
f 2263/2946/116 2264/2947/173 2277/2960/177 2278/2961/179 2268/2951/180
f 2269/2952/181 2270/2953/182 2274/2957/112 2273/2956/111
f 2262/2945/167 2266/2949/172 2269/2952/181 2271/2954/169
f 2266/2949/172 2265/2948/171 2270/2953/182 2269/2952/181
f 2265/2948/171 2261/2944/168 2272/2955/236 2270/2953/182
f 2276/2959/126 2275/2958/127 2273/2956/111 2274/2957/112
f 2272/2955/236 2271/2954/169 2275/2958/127 2276/2959/126
f 2271/2954/169 2269/2952/181 2273/2956/111 2275/2958/127
f 2277/2960/177 2280/2963/176 2279/2962/175 2278/2961/179
f 2268/2951/180 2278/2961/179 2279/2962/175 2267/2950/174
f 2343/3048/129 2341/3046/166 2387/3121/167 2386/3120/168
f 2386/3120/168 2387/3121/167 2398/3132/169 2399/3133/236
f 2390/3124/171 2391/3125/183 2389/3123/173 2388/3122/116
f 2341/3046/166 2343/3048/129 2392/3126/174 2406/3140/175 2407/3141/176
f 2389/3123/173 2341/3046/166 2407/3141/176 2404/3138/177
f 2391/3125/183 2387/3121/167 2341/3046/166 2389/3123/173
f 2394/3128/129 2395/3129/166 2409/3143/178 2408/3142/168
f 2388/3122/116 2389/3123/173 2404/3138/177 2405/3139/179 2393/3127/180
f 2396/3130/181 2397/3131/184 2401/3135/112 2400/3134/111
f 2387/3121/167 2391/3125/183 2396/3130/181 2398/3132/169
f 2391/3125/183 2390/3124/171 2397/3131/184 2396/3130/181
f 2390/3124/171 2386/3120/168 2399/3133/236 2397/3131/184
f 2403/3137/126 2402/3136/127 2400/3134/111 2401/3135/112
f 2399/3133/236 2398/3132/169 2402/3136/127 2403/3137/126
f 2398/3132/169 2396/3130/181 2400/3134/111 2402/3136/127
f 2404/3138/177 2407/3141/176 2406/3140/175 2405/3139/179
f 2393/3127/180 2405/3139/179 2406/3140/175 2392/3126/174
f 2408/3142/168 2409/3143/178 2418/3152/169 2419/3153/170
f 2412/3146/171 2413/3147/183 2411/3145/173 2410/3144/116
f 2395/3129/166 2394/3128/129 2414/3148/174 2426/3160/175 2427/3161/176
f 2411/3145/173 2395/3129/166 2427/3161/176 2424/3158/177
f 2413/3147/183 2409/3143/178 2395/3129/166 2411/3145/173
f 2410/3144/116 2411/3145/173 2424/3158/177 2425/3159/179 2415/3149/180
f 2416/3150/181 2417/3151/184 2421/3155/112 2420/3154/111
f 2409/3143/178 2413/3147/183 2416/3150/181 2418/3152/169
f 2413/3147/183 2412/3146/171 2417/3151/184 2416/3150/181
f 2412/3146/171 2408/3142/168 2419/3153/170 2417/3151/184
f 2423/3157/126 2422/3156/127 2420/3154/111 2421/3155/112
f 2419/3153/170 2418/3152/169 2422/3156/127 2423/3157/126
f 2418/3152/169 2416/3150/181 2420/3154/111 2422/3156/127
f 2424/3158/177 2427/3161/176 2426/3160/175 2425/3159/179
f 2415/3149/180 2425/3159/179 2426/3160/175 2414/3148/174
f 2490/3244/129 2488/3242/166 2534/3313/167 2533/3312/168
f 2533/3312/168 2534/3313/167 2545/3324/169 2546/3325/236
f 2537/3316/171 2538/3317/183 2536/3315/173 2535/3314/116
f 2488/3242/166 2490/3244/129 2539/3318/174 2553/3332/175 2554/3333/176
f 2536/3315/173 2488/3242/166 2554/3333/176 2551/3330/177
f 2538/3317/183 2534/3313/167 2488/3242/166 2536/3315/173
f 2541/3320/129 2542/3321/166 2556/3335/178 2555/3334/168
f 2535/3314/116 2536/3315/173 2551/3330/177 2552/3331/179 2540/3319/180
f 2543/3322/181 2544/3323/184 2548/3327/112 2547/3326/111
f 2534/3313/167 2538/3317/183 2543/3322/181 2545/3324/169
f 2538/3317/183 2537/3316/171 2544/3323/184 2543/3322/181
f 2537/3316/171 2533/3312/168 2546/3325/236 2544/3323/184
f 2550/3329/126 2549/3328/127 2547/3326/111 2548/3327/112
f 2546/3325/236 2545/3324/169 2549/3328/127 2550/3329/126
f 2545/3324/169 2543/3322/181 2547/3326/111 2549/3328/127
f 2551/3330/177 2554/3333/176 2553/3332/175 2552/3331/179
f 2540/3319/180 2552/3331/179 2553/3332/175 2539/3318/174
f 2555/3334/168 2556/3335/178 2565/3344/169 2566/3345/170
f 2559/3338/171 2560/3339/172 2558/3337/173 2557/3336/116
f 2542/3321/166 2541/3320/129 2561/3340/174 2573/3352/175 2574/3353/176
f 2558/3337/173 2542/3321/166 2574/3353/176 2571/3350/177
f 2560/3339/172 2556/3335/178 2542/3321/166 2558/3337/173
f 2557/3336/116 2558/3337/173 2571/3350/177 2572/3351/179 2562/3341/180
f 2563/3342/181 2564/3343/182 2568/3347/112 2567/3346/111
f 2556/3335/178 2560/3339/172 2563/3342/181 2565/3344/169
f 2560/3339/172 2559/3338/171 2564/3343/182 2563/3342/181
f 2559/3338/171 2555/3334/168 2566/3345/170 2564/3343/182
f 2570/3349/126 2569/3348/127 2567/3346/111 2568/3347/112
f 2566/3345/170 2565/3344/169 2569/3348/127 2570/3349/126
f 2565/3344/169 2563/3342/181 2567/3346/111 2569/3348/127
f 2571/3350/177 2574/3353/176 2573/3352/175 2572/3351/179
f 2562/3341/180 2572/3351/179 2573/3352/175 2561/3340/174
usemtl building_dock_apartmentsGLASS
f 44/55/3 51/62/4 50/61/5 49/60/6 48/59/7 47/58/8 46/57/9 45/56/10 43/53/11
f 53/66/36 60/73/38 59/72/39 58/71/40 57/70/41 56/69/42 55/68/43 54/67/44 52/64/37
f 144/175/3 151/182/4 150/181/5 149/180/6 148/179/7 147/178/8 146/177/9 145/176/10 143/173/11
f 153/184/36 160/191/38 159/190/39 158/189/40 157/188/41 156/187/42 155/186/43 154/185/44 152/183/37
f 244/291/3 251/298/4 250/297/5 249/296/6 248/295/7 247/294/8 246/293/9 245/292/10 243/289/11
f 253/302/36 260/309/38 259/308/39 258/307/40 257/306/41 256/305/42 255/304/43 254/303/44 252/300/92
f 339/403/3 346/410/4 345/409/5 344/408/6 343/407/7 342/406/8 341/405/9 340/404/10 338/401/93
f 348/414/36 355/421/38 354/420/39 353/419/40 352/418/41 351/417/42 350/416/43 349/415/44 347/412/92
f 432/514/3 439/521/4 438/520/5 437/519/6 436/518/7 435/517/8 434/516/9 433/515/10 431/512/11
f 441/523/36 448/530/38 447/529/39 446/528/40 445/527/41 444/526/42 443/525/43 442/524/44 440/522/92
f 525/623/3 532/630/4 531/629/5 530/628/6 529/627/7 528/626/8 527/625/9 526/624/10 524/621/11
f 534/634/36 541/641/38 540/640/39 539/639/40 538/638/41 537/637/42 536/636/43 535/635/44 533/632/92
f 618/735/3 625/742/4 624/741/5 623/740/6 622/739/7 621/738/8 620/737/9 619/736/10 617/733/11
f 627/746/36 634/753/38 633/752/39 632/751/40 631/750/41 630/749/42 629/748/43 628/747/44 626/744/92
f 711/846/3 718/853/4 717/852/5 716/851/6 715/850/7 714/849/8 713/848/9 712/847/10 710/844/93
f 720/855/36 727/862/38 726/861/39 725/860/40 724/859/41 723/858/42 722/857/43 721/856/44 719/854/92
f 804/959/3 811/966/4 810/965/5 809/964/6 808/963/7 807/962/8 806/961/9 805/960/10 803/957/11
f 813/970/36 820/977/38 819/976/39 818/975/40 817/974/41 816/973/42 815/972/43 814/971/44 812/968/92
f 897/1089/3 904/1096/4 903/1095/5 902/1094/98 901/1093/7 900/1092/8 899/1091/9 898/1090/10 896/1087/11
f 906/1100/36 913/1107/38 912/1106/39 911/1105/40 910/1104/41 909/1103/42 908/1102/43 907/1101/44 905/1098/37
f 990/1211/3 997/1221/4 996/1220/5 995/1219/6 994/1218/7 993/1217/8 992/1214/9 991/1212/10 989/1207/93
f 999/1225/36 1006/1237/38 1005/1236/39 1004/1235/40 1003/1232/41 1002/1230/42 1001/1228/43 1000/1226/44 998/1222/37
f 1083/1334/3 1090/1341/4 1089/1340/5 1088/1339/6 1087/1338/7 1086/1337/8 1085/1336/9 1084/1335/10 1082/1332/11
f 1092/1345/36 1099/1352/38 1098/1351/39 1097/1350/40 1096/1349/41 1095/1348/42 1094/1347/43 1093/1346/44 1091/1343/37
f 1176/1464/3 1183/1471/4 1182/1470/5 1181/1469/98 1180/1468/7 1179/1467/8 1178/1466/9 1177/1465/10 1175/1462/11
f 1185/1475/36 1192/1482/38 1191/1481/39 1190/1480/40 1189/1479/41 1188/1478/42 1187/1477/43 1186/1476/44 1184/1473/37
f 1269/1583/3 1276/1594/4 1275/1593/5 1274/1592/6 1273/1591/7 1272/1590/8 1271/1587/9 1270/1584/10 1268/1579/93
f 1278/1598/36 1285/1605/38 1284/1604/39 1283/1603/40 1282/1602/41 1281/1601/42 1280/1600/43 1279/1599/44 1277/1596/37
f 1362/1717/3 1369/1724/4 1368/1723/5 1367/1722/6 1366/1721/7 1365/1720/8 1364/1719/9 1363/1718/10 1361/1715/11
f 1371/1728/36 1378/1735/38 1377/1734/39 1376/1733/40 1375/1732/41 1374/1731/42 1373/1730/43 1372/1729/44 1370/1726/37
f 1455/1847/3 1462/1854/4 1461/1853/5 1460/1852/6 1459/1851/7 1458/1850/8 1457/1849/9 1456/1848/10 1454/1845/93
f 1464/1858/36 1471/1865/38 1470/1864/39 1469/1863/40 1468/1862/41 1467/1861/42 1466/1860/43 1465/1859/44 1463/1856/37
f 1548/1960/3 1555/1967/4 1554/1966/107 1553/1965/6 1552/1964/7 1551/1963/8 1550/1962/9 1549/1961/10 1547/1958/11
f 1557/1969/36 1564/1976/38 1563/1975/39 1562/1974/40 1561/1973/41 1560/1972/42 1559/1971/43 1558/1970/44 1556/1968/37
f 1641/2085/3 1648/2101/4 1647/2099/107 1646/2097/6 1645/2095/7 1644/2093/8 1643/2090/9 1642/2088/10 1640/2082/11
f 1650/2107/36 1657/2122/38 1656/2120/39 1655/2118/40 1654/2115/41 1653/2113/42 1652/2111/43 1651/2109/44 1649/2104/37
f 1788/2329/152 1790/2332/153 1786/2326/154 1774/2308/155 1778/2315/156
f 1782/2322/161 1784/2324/162 1780/2320/163 1768/2299/155 1772/2306/156
f 1944/2532/152 1946/2535/153 1942/2529/154 1930/2509/155 1934/2517/156
f 1938/2524/161 1940/2526/162 1936/2521/163 1924/2497/155 1928/2505/156
f 2088/2716/152 2090/2718/153 2086/2713/154 2074/2693/155 2078/2701/156
f 2082/2708/161 2084/2710/162 2080/2705/163 2068/2681/155 2072/2689/156
f 2235/2916/152 2237/2919/153 2233/2913/154 2221/2891/155 2225/2899/156
f 2229/2906/161 2231/2910/162 2227/2903/163 2215/2878/155 2219/2887/156
f 2382/3114/152 2384/3117/153 2380/3109/154 2368/3088/155 2372/3096/156
f 2376/3103/161 2378/3106/162 2374/3100/163 2362/3075/155 2366/3084/156
f 2529/3307/152 2531/3310/153 2527/3304/154 2515/3283/155 2519/3291/156
f 2523/3298/161 2525/3301/162 2521/3295/163 2509/3271/155 2513/3279/156
