# Blender 3.3.1
# www.blender.org
mtllib warehouse_shutters1.mtl
o warehouse_shutters1
v -2.498801 0.029058 -0.000000
v 2.499333 0.029058 -0.000000
v -2.498801 3.363698 0.000000
v 2.499333 3.363698 0.000000
v -2.080126 0.029058 -0.000000
v 1.951723 0.029058 -0.000000
v -2.498801 2.859203 0.000000
v 2.499333 2.859203 0.000000
v -2.080126 2.859203 0.000000
v 1.951723 2.859203 0.000000
v 2.266310 0.029058 -0.000000
v 2.266310 2.859203 0.000000
v 2.148340 2.859203 0.000000
v 2.148340 0.029058 -0.000000
v -2.080126 0.029058 -0.297786
v 1.951723 0.029058 -0.297786
v -2.080126 2.859203 -0.297786
v 1.951723 2.859203 -0.297786
v 2.148340 0.029058 -0.101982
v 2.266310 0.029058 -0.101982
v 2.266310 2.859203 -0.101982
v 2.148340 2.859203 -0.101982
v -1.328020 2.966348 -0.000829
v -1.328020 2.966348 0.016164
v -1.328020 3.236134 -0.000828
v -1.328020 3.236134 0.016164
v -1.283657 2.966348 -0.000829
v -1.283657 2.966348 0.016164
v -1.283657 3.236134 -0.000828
v -1.283657 3.236134 0.016164
v -1.328020 3.312409 0.016164
v -1.328020 3.312409 -0.000828
v -1.286052 3.312708 -0.000828
v -1.286052 3.312708 0.016164
v -1.167445 3.088292 0.016164
v -1.167445 3.088292 -0.000829
v -1.167445 3.160674 0.016164
v -1.167445 3.160674 -0.000829
v -1.006869 2.966348 -0.000829
v -1.006869 2.966348 0.016164
v -1.006869 3.236134 -0.000828
v -1.006869 3.236134 0.016164
v -1.051233 2.966348 -0.000829
v -1.051233 2.966348 0.016164
v -1.051233 3.236134 -0.000828
v -1.051233 3.236134 0.016164
v -1.006869 3.312409 0.016164
v -1.006869 3.312409 -0.000828
v -1.048838 3.312708 -0.000828
v -1.048838 3.312708 0.016164
v -0.810884 3.274866 -0.000826
v -0.810884 3.274866 0.016166
v -0.810884 3.318582 -0.000826
v -0.810884 3.318582 0.016166
v -0.682424 3.274866 -0.000826
v -0.682424 3.274866 0.016166
v -0.682424 3.318582 -0.000826
v -0.682424 3.318582 0.016166
v -0.856213 3.318582 -0.000826
v -0.856213 3.274866 -0.000826
v -0.856213 3.274866 0.016166
v -0.856213 3.318582 0.016166
v -0.810884 3.171293 -0.000826
v -0.810884 3.171293 0.016166
v -0.856213 3.171293 -0.000826
v -0.856213 3.171293 0.016166
v -0.810884 3.128820 -0.000826
v -0.810884 3.128820 0.016166
v -0.856213 3.128820 -0.000826
v -0.856213 3.128820 0.016166
v -0.810884 3.015560 -0.000826
v -0.810884 3.015560 0.016166
v -0.856213 3.015560 -0.000826
v -0.856213 3.015560 0.016166
v -0.810884 2.969362 -0.000826
v -0.810884 2.969362 0.016166
v -0.856213 2.969362 -0.000826
v -0.856213 2.969362 0.016166
v -0.682722 3.171293 -0.000826
v -0.682722 3.171293 0.016166
v -0.682722 3.128820 -0.000826
v -0.682722 3.128820 0.016166
v -0.682722 3.015560 -0.000826
v -0.682722 3.015560 0.016166
v -0.682722 2.969362 -0.000826
v -0.682722 2.969362 0.016166
v -0.510605 2.961809 -0.000818
v -0.510605 2.961809 0.016224
v -0.513182 3.110567 -0.000818
v -0.513182 3.110567 0.016224
v -0.469998 2.961809 -0.000818
v -0.469998 2.961809 0.016224
v -0.467831 3.117055 -0.000818
v -0.467831 3.117055 0.016224
v -0.513182 3.158255 0.016224
v -0.513182 3.158255 -0.000818
v -0.468909 3.160078 -0.000818
v -0.468909 3.160078 0.016224
v -0.514014 3.276358 0.016224
v -0.514014 3.276358 -0.000818
v -0.468799 3.274606 -0.000818
v -0.468799 3.274606 0.016224
v -0.514014 3.319402 0.016224
v -0.514014 3.319402 -0.000818
v -0.467803 3.319639 -0.000818
v -0.467803 3.319639 0.016224
v -0.422502 3.117055 0.016224
v -0.422502 3.117055 -0.000818
v -0.422502 3.158255 0.016224
v -0.422502 3.158255 -0.000818
v -0.366192 3.122785 0.016224
v -0.366192 3.122785 -0.000818
v -0.371742 3.171641 0.016224
v -0.371742 3.171641 -0.000818
v -0.318511 2.969347 0.016224
v -0.318511 2.969347 -0.000818
v -0.268222 2.969659 0.016224
v -0.268222 2.969659 -0.000818
v -0.394607 3.159941 0.016224
v -0.394611 3.159940 -0.000818
v -0.324297 3.159600 0.016224
v -0.324297 3.159600 -0.000818
v -0.359764 3.182763 0.016224
v -0.359764 3.182763 -0.000818
v -0.310194 3.193341 0.016224
v -0.310194 3.193341 -0.000818
v -0.352846 3.192507 0.016224
v -0.352846 3.192507 -0.000818
v -0.312709 3.241216 0.016224
v -0.312709 3.241216 -0.000818
v -0.353636 3.239088 0.016224
v -0.353636 3.239088 -0.000818
v -0.338684 3.288178 0.016224
v -0.338684 3.288178 -0.000818
v -0.365937 3.253034 0.016224
v -0.365937 3.253034 -0.000818
v -0.364183 3.308138 0.016224
v -0.364183 3.308138 -0.000818
v -0.389356 3.274033 0.016224
v -0.389356 3.274033 -0.000818
v -0.398897 3.320112 0.016224
v -0.398897 3.320112 -0.000818
v -0.398733 3.274034 0.016224
v -0.398733 3.274034 -0.000818
v 0.107014 3.251133 -0.000830
v 0.107014 3.251133 0.016163
v 0.107014 3.300035 -0.000830
v 0.107014 3.300035 0.016163
v 0.119502 3.245547 -0.000830
v 0.119502 3.245547 0.016163
v 0.119502 3.294448 -0.000830
v 0.119502 3.294448 0.016163
v 0.071350 3.316792 -0.000830
v 0.071350 3.267891 -0.000830
v 0.071350 3.267891 0.016163
v 0.071350 3.316792 0.016163
v 0.015920 3.325386 -0.000830
v 0.015920 3.276485 -0.000830
v 0.015920 3.276485 0.016163
v 0.015920 3.325386 0.016163
v -0.039509 3.320230 -0.000830
v -0.039509 3.271328 -0.000830
v -0.039509 3.271328 0.016163
v -0.039509 3.320230 0.016163
v -0.093097 3.290932 -0.000830
v -0.067562 3.255939 -0.000830
v -0.067562 3.255939 0.016163
v -0.093097 3.290932 0.016163
v -0.136506 3.244771 -0.000830
v -0.097717 3.225544 -0.000830
v -0.097717 3.225544 0.016163
v -0.136506 3.244771 0.016163
v -0.160979 3.201195 -0.000830
v -0.117229 3.186769 -0.000830
v -0.117229 3.186769 0.016163
v -0.160979 3.201195 0.016163
v -0.165580 3.143448 -0.000830
v -0.120005 3.144244 -0.000830
v -0.120005 3.144244 0.016163
v -0.165580 3.143448 0.016163
v -0.164366 3.107765 -0.000830
v -0.115806 3.108561 -0.000830
v -0.115806 3.108561 0.016163
v -0.164366 3.107765 0.016163
v -0.143156 3.059546 -0.000830
v -0.099772 3.077411 -0.000830
v -0.099772 3.077411 0.016163
v -0.143156 3.059546 0.016163
v -0.101729 3.008894 -0.000830
v -0.075448 3.047763 -0.000830
v -0.075448 3.047763 0.016163
v -0.101729 3.008894 0.016163
v -0.032277 2.975650 -0.000830
v -0.032063 3.022569 -0.000830
v -0.032063 3.022569 0.016163
v -0.032277 2.975650 0.016163
v 0.014655 2.967975 -0.000830
v 0.014870 3.018707 -0.000830
v 0.014870 3.018707 0.016163
v 0.014655 2.967975 0.016163
v 0.052484 2.974524 -0.000830
v 0.052699 3.021443 -0.000830
v 0.052699 3.021443 0.016163
v 0.052484 2.974524 0.016163
v 0.097551 2.987536 -0.000830
v 0.082196 3.031872 -0.000830
v 0.082196 3.031872 0.016163
v 0.097551 2.987536 0.016163
v 0.126586 2.999716 -0.000830
v 0.126024 3.056463 -0.000830
v 0.126024 3.056463 0.016163
v 0.126586 2.999716 0.016163
v 0.250101 3.125339 -0.000620
v 0.250101 3.125339 0.015356
v 0.250101 3.173822 -0.000620
v 0.250101 3.173822 0.015356
v 0.448528 3.125339 -0.000620
v 0.448528 3.125339 0.015356
v 0.448528 3.173822 -0.000620
v 0.448528 3.173822 0.015356
v 0.490603 3.173822 0.015356
v 0.490603 3.173822 -0.000620
v 0.490603 3.125339 -0.000620
v 0.490603 3.125339 0.015356
v 0.204932 3.173822 -0.000620
v 0.204932 3.125339 -0.000620
v 0.204932 3.125339 0.015356
v 0.204932 3.173822 0.015356
v 0.250101 2.977081 -0.000620
v 0.250101 2.977081 0.015356
v 0.250101 3.322081 0.015356
v 0.250101 3.322081 -0.000620
v 0.448528 3.322081 0.015356
v 0.448528 3.322081 -0.000620
v 0.448528 2.977081 0.015356
v 0.448528 2.977081 -0.000620
v 0.490603 3.322081 0.015356
v 0.490603 3.322081 -0.000620
v 0.490603 2.977081 0.015356
v 0.490603 2.977081 -0.000620
v 0.204932 2.977081 -0.000620
v 0.204932 2.977081 0.015356
v 0.204932 3.322081 0.015356
v 0.204932 3.322081 -0.000620
v 0.524741 2.970872 -0.000828
v 0.524741 2.970872 0.016165
v 0.564429 3.078707 -0.000828
v 0.564429 3.078707 0.016165
v 0.571818 2.970872 -0.000828
v 0.571818 2.970872 0.016165
v 0.616987 3.077891 -0.000828
v 0.616987 3.077891 0.016165
v 0.581491 3.122793 0.016165
v 0.581491 3.122793 -0.000828
v 0.629276 3.123013 -0.000828
v 0.629276 3.123013 0.016165
v 0.628862 3.246500 0.016165
v 0.628862 3.246500 -0.000828
v 0.676260 3.246500 -0.000828
v 0.676260 3.246500 0.016165
v 0.658253 3.323843 0.016165
v 0.658253 3.323843 -0.000828
v 0.676260 3.323843 -0.000828
v 0.676260 3.323843 0.016165
v 0.676260 3.076809 0.016165
v 0.676260 3.076809 -0.000828
v 0.676260 3.123543 0.016165
v 0.676260 3.123543 -0.000828
v 0.827780 2.970872 -0.000828
v 0.827780 2.970872 0.016165
v 0.788092 3.078707 -0.000828
v 0.788092 3.078707 0.016165
v 0.780703 2.970872 -0.000828
v 0.780703 2.970872 0.016165
v 0.735534 3.077891 -0.000828
v 0.735534 3.077891 0.016165
v 0.771030 3.122793 0.016165
v 0.771030 3.122793 -0.000828
v 0.723245 3.123013 -0.000828
v 0.723245 3.123013 0.016165
v 0.723659 3.246500 0.016165
v 0.723659 3.246500 -0.000828
v 0.694268 3.323843 0.016165
v 0.694268 3.323843 -0.000828
v 0.938249 2.974943 -0.000828
v 0.938249 2.974943 0.016165
v 0.938249 3.244729 -0.000828
v 0.938249 3.244729 0.016165
v 0.982613 2.974943 -0.000828
v 0.982613 2.974943 0.016165
v 0.982613 3.244729 -0.000828
v 0.982613 3.244729 0.016165
v 0.938249 3.321004 0.016165
v 0.938249 3.321004 -0.000828
v 0.980217 3.321303 -0.000828
v 0.980217 3.321303 0.016165
v 1.213100 2.969750 0.016165
v 1.213100 2.969750 -0.000828
v 1.210705 3.046324 0.016165
v 1.210705 3.046324 -0.000828
v 1.259400 3.316110 -0.000828
v 1.259400 3.316110 0.016165
v 1.259400 3.046324 -0.000828
v 1.259400 3.046324 0.016165
v 1.215036 3.316110 -0.000828
v 1.215036 3.316110 0.016165
v 1.259400 2.970049 0.016165
v 1.259400 2.970049 -0.000828
v 1.432730 2.972672 -0.000819
v 1.432730 2.972672 0.016173
v 1.432730 3.275711 -0.000819
v 1.432730 3.275711 0.016173
v 1.482579 2.972672 -0.000819
v 1.482579 2.972672 0.016173
v 1.482579 3.275711 -0.000819
v 1.482579 3.275711 0.016173
v 1.432730 3.319370 0.016173
v 1.432730 3.319370 -0.000819
v 1.482579 3.319370 -0.000819
v 1.482579 3.319370 0.016173
v 1.310295 3.275711 0.016173
v 1.310295 3.275711 -0.000819
v 1.600558 3.275711 0.016173
v 1.600558 3.275711 -0.000819
v 1.310295 3.319370 0.016173
v 1.310295 3.319370 -0.000819
v 1.600558 3.319370 0.016173
v 1.600558 3.319370 -0.000819
v 1.878735 3.266728 -0.000830
v 1.878735 3.266728 0.016162
v 1.878735 3.315399 -0.000830
v 1.878735 3.315399 0.016162
v 1.900844 3.254947 -0.000830
v 1.900844 3.254947 0.016162
v 1.900844 3.303618 -0.000830
v 1.900844 3.303618 0.016162
v 1.848982 3.327118 -0.000830
v 1.848982 3.281393 -0.000830
v 1.848982 3.281393 0.016162
v 1.848982 3.327118 0.016162
v 1.814844 3.329301 -0.000830
v 1.814844 3.289047 -0.000830
v 1.814844 3.289047 0.016162
v 1.814844 3.329301 0.016162
v 1.779706 3.325881 -0.000830
v 1.799100 3.288155 -0.000830
v 1.799100 3.288155 0.016162
v 1.779706 3.325881 0.016162
v 1.738653 3.294800 -0.000830
v 1.776865 3.276382 -0.000830
v 1.776865 3.276382 0.016162
v 1.738653 3.294800 0.016162
v 1.722260 3.260788 -0.000830
v 1.763965 3.242869 -0.000830
v 1.763965 3.242869 0.016162
v 1.722260 3.260788 0.016162
v 1.718067 3.215862 -0.000830
v 1.766203 3.216869 -0.000830
v 1.766203 3.216869 0.016162
v 1.718067 3.215862 0.016162
v 1.740436 3.163591 -0.000830
v 1.772302 3.199683 -0.000830
v 1.772302 3.199683 0.016162
v 1.740436 3.163591 0.016162
v 1.790212 3.135313 -0.000830
v 1.794829 3.183237 -0.000830
v 1.794829 3.183237 0.016162
v 1.790212 3.135313 0.016162
v 1.830972 3.127236 -0.000830
v 1.852245 3.167325 -0.000830
v 1.852245 3.167325 0.016162
v 1.830972 3.127236 0.016162
v 1.866925 3.099739 -0.000830
v 1.893588 3.139828 -0.000830
v 1.893588 3.139828 0.016162
v 1.866925 3.099739 0.016162
v 1.872023 3.090533 -0.000830
v 1.920156 3.089405 -0.000830
v 1.920156 3.089405 0.016162
v 1.872023 3.090533 0.016162
v 1.869514 3.055730 -0.000830
v 1.919144 3.046217 -0.000830
v 1.919144 3.046217 0.016162
v 1.869514 3.055730 0.016162
v 1.857864 3.041026 -0.000830
v 1.890788 3.005896 -0.000830
v 1.890788 3.005896 0.016162
v 1.857864 3.041026 0.016162
v 1.844644 3.025180 -0.000830
v 1.844921 2.977035 -0.000830
v 1.844921 2.977035 0.016162
v 1.844644 3.025180 0.016162
v 1.789276 3.024942 -0.000830
v 1.789553 2.976797 -0.000830
v 1.789553 2.976797 0.016162
v 1.789276 3.024942 0.016162
v 1.759096 3.031625 -0.000830
v 1.759373 2.983479 -0.000830
v 1.759373 2.983479 0.016162
v 1.759096 3.031625 0.016162
v 1.721370 3.059142 -0.000830
v 1.721648 3.004539 -0.000830
v 1.721648 3.004539 0.016162
v 1.721370 3.059142 0.016162
v -1.902473 3.252977 -0.000830
v -1.902473 3.252977 0.016162
v -1.902473 3.301648 -0.000830
v -1.902473 3.301648 0.016162
v -1.880363 3.241196 -0.000830
v -1.880363 3.241196 0.016162
v -1.880363 3.289868 -0.000830
v -1.880363 3.289868 0.016162
v -1.932226 3.313367 -0.000830
v -1.932226 3.267642 -0.000830
v -1.932226 3.267642 0.016162
v -1.932226 3.313367 0.016162
v -1.966363 3.315550 -0.000830
v -1.966363 3.275297 -0.000830
v -1.966363 3.275297 0.016162
v -1.966363 3.315550 0.016162
v -2.001502 3.312130 -0.000830
v -1.982107 3.274405 -0.000830
v -1.982107 3.274405 0.016162
v -2.001502 3.312130 0.016162
v -2.042555 3.281049 -0.000830
v -2.004343 3.262631 -0.000830
v -2.004343 3.262631 0.016162
v -2.042555 3.281049 0.016162
v -2.058948 3.247037 -0.000830
v -2.017242 3.229118 -0.000830
v -2.017242 3.229118 0.016162
v -2.058948 3.247037 0.016162
v -2.063141 3.202111 -0.000830
v -2.015005 3.203118 -0.000830
v -2.015005 3.203118 0.016162
v -2.063141 3.202111 0.016162
v -2.040771 3.149840 -0.000830
v -2.008906 3.185932 -0.000830
v -2.008906 3.185932 0.016162
v -2.040771 3.149840 0.016162
v -1.990996 3.121562 -0.000830
v -1.986379 3.169487 -0.000830
v -1.986379 3.169487 0.016162
v -1.990996 3.121562 0.016162
v -1.950236 3.113485 -0.000830
v -1.928963 3.153574 -0.000830
v -1.928963 3.153574 0.016162
v -1.950236 3.113485 0.016162
v -1.914283 3.085989 -0.000830
v -1.887620 3.126078 -0.000830
v -1.887620 3.126078 0.016162
v -1.914283 3.085989 0.016162
v -1.909185 3.076782 -0.000830
v -1.861052 3.075654 -0.000830
v -1.861052 3.075654 0.016162
v -1.909185 3.076782 0.016162
v -1.911694 3.041979 -0.000830
v -1.862064 3.032466 -0.000830
v -1.862064 3.032466 0.016162
v -1.911694 3.041979 0.016162
v -1.923344 3.027275 -0.000830
v -1.890420 2.992145 -0.000830
v -1.890420 2.992145 0.016162
v -1.923344 3.027275 0.016162
v -1.936564 3.011430 -0.000830
v -1.936286 2.963284 -0.000830
v -1.936286 2.963284 0.016162
v -1.936564 3.011430 0.016162
v -1.991932 3.011191 -0.000830
v -1.991655 2.963046 -0.000830
v -1.991655 2.963046 0.016162
v -1.991932 3.011191 0.016162
v -2.022112 3.017874 -0.000830
v -2.021834 2.969728 -0.000830
v -2.021834 2.969728 0.016162
v -2.022112 3.017874 0.016162
v -2.059838 3.045391 -0.000830
v -2.059560 2.990788 -0.000830
v -2.059560 2.990788 0.016162
v -2.059838 3.045391 0.016162
v -2.426384 2.960815 -0.000818
v -2.426384 2.960815 0.016224
v -2.427626 3.110613 -0.000818
v -2.427626 3.110613 0.016224
v -2.381442 2.960815 -0.000818
v -2.381442 2.960815 0.016224
v -2.381442 3.110613 -0.000818
v -2.381442 3.110613 0.016224
v -2.427626 3.158301 0.016224
v -2.427626 3.158301 -0.000818
v -2.381442 3.158301 -0.000818
v -2.381442 3.158301 0.016224
v -2.427626 3.276404 0.016224
v -2.427626 3.276404 -0.000818
v -2.381332 3.276475 -0.000818
v -2.381332 3.276475 0.016224
v -2.427626 3.319448 0.016224
v -2.427626 3.319448 -0.000818
v -2.381414 3.319685 -0.000818
v -2.381414 3.319685 0.016224
v -2.336114 3.110613 0.016224
v -2.336114 3.110613 -0.000818
v -2.336114 3.158301 0.016224
v -2.336114 3.158301 -0.000818
v -2.278366 3.121752 0.016224
v -2.278366 3.121752 -0.000818
v -2.285353 3.171686 0.016224
v -2.285353 3.171686 -0.000818
v -2.221642 2.961308 0.016224
v -2.221642 2.961308 -0.000818
v -2.169855 2.961020 0.016224
v -2.169855 2.961020 -0.000818
v -2.308219 3.159987 0.016224
v -2.308223 3.159986 -0.000818
v -2.229284 3.158352 0.016224
v -2.229284 3.158352 -0.000818
v -2.273376 3.182809 0.016224
v -2.273376 3.182809 -0.000818
v -2.216043 3.193387 0.016224
v -2.216043 3.193387 -0.000818
v -2.266457 3.192552 0.016224
v -2.266457 3.192552 -0.000818
v -2.216834 3.239968 0.016224
v -2.216834 3.239968 -0.000818
v -2.267247 3.239134 0.016224
v -2.267247 3.239134 -0.000818
v -2.252296 3.288224 0.016224
v -2.252296 3.288224 -0.000818
v -2.282293 3.251083 0.016224
v -2.282293 3.251083 -0.000818
v -2.277794 3.308184 0.016224
v -2.277794 3.308184 -0.000818
v -2.305712 3.272082 0.016224
v -2.305712 3.272082 -0.000818
v -2.312508 3.320158 0.016224
v -2.312508 3.320158 -0.000818
v -2.312345 3.274079 0.016224
v -2.312345 3.274079 -0.000818
v 2.206656 2.946992 0.112448
v 2.217636 2.946992 0.111367
v 2.211111 3.362344 0.094622
v 2.206656 2.951289 0.094622
v 2.218613 3.362344 0.093883
v 2.214158 2.951289 0.093883
v 2.225828 3.362344 0.091695
v 2.221372 2.951289 0.091695
v 2.232476 3.362344 0.088141
v 2.228021 2.951289 0.088141
v 2.238304 3.362344 0.083359
v 2.233848 2.951289 0.083359
v 2.243086 3.362344 0.077531
v 2.238631 2.951289 0.077531
v 2.246640 3.362344 0.070882
v 2.242185 2.951289 0.070882
v 2.248828 3.362344 0.063668
v 2.244373 2.951289 0.063668
v 2.249567 3.362344 0.056166
v 2.245112 2.951289 0.056166
v 2.248828 3.362344 0.048664
v 2.244373 2.951289 0.048664
v 2.246640 3.362344 0.041449
v 2.242185 2.951289 0.041449
v 2.243086 3.362344 0.034801
v 2.238631 2.951289 0.034801
v 2.238304 3.362344 0.028973
v 2.233848 2.951289 0.028973
v 2.232476 3.362344 0.024191
v 2.228021 2.951289 0.024191
v 2.225828 3.362344 0.020637
v 2.221372 2.951289 0.020637
v 2.218613 3.362344 0.018449
v 2.214158 2.951289 0.018449
v 2.211111 3.362344 0.017710
v 2.206656 2.951289 0.017710
v 2.203609 3.362344 0.018449
v 2.199153 2.951289 0.018449
v 2.196395 3.362344 0.020637
v 2.191939 2.951289 0.020637
v 2.189746 3.362344 0.024191
v 2.185291 2.951289 0.024191
v 2.183919 3.362344 0.028973
v 2.179463 2.951289 0.028973
v 2.179136 3.362344 0.034801
v 2.174681 2.951289 0.034801
v 2.175582 3.362344 0.041449
v 2.171127 2.951289 0.041449
v 2.173394 3.362344 0.048664
v 2.168939 2.951289 0.048664
v 2.172655 3.362344 0.056166
v 2.168200 2.951289 0.056166
v 2.173394 3.362344 0.063668
v 2.168939 2.951289 0.063668
v 2.175582 3.362344 0.070882
v 2.171127 2.951289 0.070882
v 2.179136 3.362344 0.077531
v 2.174681 2.951289 0.077531
v 2.183919 3.362344 0.083359
v 2.179463 2.951289 0.083359
v 2.189746 3.362344 0.088141
v 2.185291 2.951289 0.088141
v 2.196395 3.362344 0.091695
v 2.191939 2.951289 0.091695
v 2.203609 3.362344 0.093883
v 2.199153 2.951289 0.093883
v 2.228194 2.946992 0.108164
v 2.237925 2.946992 0.102963
v 2.246453 2.946992 0.095964
v 2.253453 2.946992 0.087435
v 2.258654 2.946992 0.077704
v 2.261857 2.946992 0.067146
v 2.262938 2.946992 0.056166
v 2.261857 2.946992 0.045186
v 2.258654 2.946992 0.034628
v 2.253453 2.946992 0.024897
v 2.246453 2.946992 0.016368
v 2.237925 2.946992 0.009369
v 2.228194 2.946992 0.004168
v 2.217636 2.946992 0.000965
v 2.206656 2.946992 -0.000116
v 2.195676 2.946992 0.000965
v 2.185118 2.946992 0.004168
v 2.175387 2.946992 0.009369
v 2.166858 2.946992 0.016368
v 2.159859 2.946992 0.024897
v 2.154658 2.946992 0.034628
v 2.151455 2.946992 0.045186
v 2.150374 2.946992 0.056166
v 2.151455 2.946992 0.067146
v 2.154658 2.946992 0.077704
v 2.159859 2.946992 0.087435
v 2.166858 2.946992 0.095964
v 2.175387 2.946992 0.102963
v 2.185118 2.946992 0.108164
v 2.195676 2.946992 0.111367
v 2.206656 2.940976 0.106218
v 2.196891 2.940976 0.105256
v 2.187502 2.940976 0.102408
v 2.178848 2.940976 0.097783
v 2.171264 2.940976 0.091558
v 2.165039 2.940976 0.083973
v 2.160414 2.940976 0.075320
v 2.157565 2.940976 0.065931
v 2.156604 2.940976 0.056166
v 2.157565 2.940976 0.046401
v 2.160414 2.940976 0.037012
v 2.165039 2.940976 0.028358
v 2.171264 2.940976 0.020774
v 2.178848 2.940976 0.014549
v 2.187502 2.940976 0.009924
v 2.196891 2.940976 0.007076
v 2.206656 2.940976 0.006114
v 2.216420 2.940976 0.007076
v 2.225810 2.940976 0.009924
v 2.234463 2.940976 0.014549
v 2.242048 2.940976 0.020774
v 2.248273 2.940976 0.028358
v 2.252898 2.940976 0.037012
v 2.255746 2.940976 0.046401
v 2.256708 2.940976 0.056166
v 2.255746 2.940976 0.065931
v 2.252898 2.940976 0.075320
v 2.248273 2.940976 0.083973
v 2.242048 2.940976 0.091558
v 2.234463 2.940976 0.097783
v 2.225810 2.940976 0.102408
v 2.216420 2.940976 0.105256
v 2.206656 2.898864 0.106218
v 2.196891 2.898864 0.105256
v 2.187502 2.898864 0.102408
v 2.178848 2.898864 0.097783
v 2.171264 2.898864 0.091558
v 2.165039 2.898864 0.083973
v 2.160414 2.898864 0.075320
v 2.157565 2.898864 0.065931
v 2.156604 2.898864 0.056166
v 2.157565 2.898864 0.046401
v 2.160414 2.898864 0.037012
v 2.165039 2.898864 0.028358
v 2.171264 2.898864 0.020774
v 2.178848 2.898864 0.014549
v 2.187502 2.898864 0.009924
v 2.196891 2.898864 0.007076
v 2.206656 2.898864 0.006114
v 2.216420 2.898864 0.007076
v 2.225810 2.898864 0.009924
v 2.234463 2.898864 0.014549
v 2.242048 2.898864 0.020774
v 2.248273 2.898864 0.028358
v 2.252898 2.898864 0.037012
v 2.255746 2.898864 0.046401
v 2.256708 2.898864 0.056166
v 2.255746 2.898864 0.065931
v 2.252898 2.898864 0.075320
v 2.248273 2.898864 0.083973
v 2.242048 2.898864 0.091558
v 2.234463 2.898864 0.097783
v 2.225810 2.898864 0.102408
v 2.216420 2.898864 0.105256
v 2.206656 2.895427 0.111694
v 2.195823 2.895427 0.110627
v 2.185406 2.895427 0.107467
v 2.175806 2.895427 0.102336
v 2.167392 2.895427 0.095430
v 2.160486 2.895427 0.087016
v 2.155354 2.895427 0.077416
v 2.152195 2.895427 0.066999
v 2.151128 2.895427 0.056166
v 2.152195 2.895427 0.045333
v 2.155354 2.895427 0.034916
v 2.160486 2.895427 0.025316
v 2.167392 2.895427 0.016902
v 2.175806 2.895427 0.009996
v 2.185406 2.895427 0.004865
v 2.195823 2.895427 0.001705
v 2.206656 2.895427 0.000638
v 2.217488 2.895427 0.001705
v 2.227906 2.895427 0.004865
v 2.237505 2.895427 0.009996
v 2.245920 2.895427 0.016902
v 2.252826 2.895427 0.025316
v 2.257957 2.895427 0.034916
v 2.261117 2.895427 0.045333
v 2.262184 2.895427 0.056166
v 2.261117 2.895427 0.066999
v 2.257957 2.895427 0.077416
v 2.252826 2.895427 0.087016
v 2.245920 2.895427 0.095430
v 2.237505 2.895427 0.102336
v 2.227906 2.895427 0.107467
v 2.217488 2.895427 0.110627
v 2.206656 2.889411 0.102816
v 2.197555 2.889411 0.101919
v 2.188804 2.889411 0.099265
v 2.180738 2.889411 0.094954
v 2.173670 2.889411 0.089152
v 2.167868 2.889411 0.082083
v 2.163557 2.889411 0.074018
v 2.160903 2.889411 0.065267
v 2.160006 2.889411 0.056166
v 2.160903 2.889411 0.047065
v 2.163557 2.889411 0.038314
v 2.167868 2.889411 0.030249
v 2.173670 2.889411 0.023180
v 2.180738 2.889411 0.017378
v 2.188804 2.889411 0.013067
v 2.197555 2.889411 0.010413
v 2.206656 2.889411 0.009516
v 2.215756 2.889411 0.010413
v 2.224508 2.889411 0.013067
v 2.232573 2.889411 0.017378
v 2.239642 2.889411 0.023180
v 2.245444 2.889411 0.030249
v 2.249755 2.889411 0.038314
v 2.252409 2.889411 0.047065
v 2.253306 2.889411 0.056166
v 2.252409 2.889411 0.065267
v 2.249755 2.889411 0.074018
v 2.245444 2.889411 0.082083
v 2.239642 2.889411 0.089152
v 2.232573 2.889411 0.094954
v 2.224508 2.889411 0.099265
v 2.215756 2.889411 0.101919
v 2.206656 2.825058 0.102816
v 2.197555 2.825058 0.101919
v 2.188804 2.825058 0.099265
v 2.180738 2.825058 0.094954
v 2.173670 2.825058 0.089152
v 2.167868 2.825058 0.082083
v 2.163557 2.825058 0.074018
v 2.160903 2.825058 0.065267
v 2.160006 2.825058 0.056166
v 2.160903 2.825058 0.047065
v 2.163557 2.825058 0.038314
v 2.167868 2.825058 0.030249
v 2.173670 2.825058 0.023180
v 2.180738 2.825058 0.017378
v 2.188804 2.825058 0.013067
v 2.197555 2.825058 0.010413
v 2.206656 2.825058 0.009516
v 2.215756 2.825058 0.010413
v 2.224508 2.825058 0.013067
v 2.232573 2.825058 0.017378
v 2.239642 2.825058 0.023180
v 2.245444 2.825058 0.030249
v 2.249755 2.825058 0.038314
v 2.252409 2.825058 0.047065
v 2.253306 2.825058 0.056166
v 2.252409 2.825058 0.065267
v 2.249755 2.825058 0.074018
v 2.245444 2.825058 0.082083
v 2.239642 2.825058 0.089152
v 2.232573 2.825058 0.094954
v 2.224508 2.825058 0.099265
v 2.215756 2.825058 0.101919
v 2.206656 2.677205 0.008691
v 2.197555 2.677823 0.008043
v 2.188804 2.679655 0.006121
v 2.180738 2.682629 0.003000
v 2.173670 2.686631 -0.001199
v 2.167868 2.691509 -0.006317
v 2.163557 2.697073 -0.012155
v 2.160903 2.703110 -0.018490
v 2.160006 2.709389 -0.025078
v 2.160903 2.715668 -0.031666
v 2.163557 2.721706 -0.038000
v 2.167868 2.727270 -0.043839
v 2.173670 2.732147 -0.048956
v 2.180738 2.736150 -0.053155
v 2.188804 2.739124 -0.056276
v 2.197555 2.740956 -0.058198
v 2.206656 2.741574 -0.058847
v 2.215756 2.740956 -0.058198
v 2.224508 2.739124 -0.056276
v 2.232573 2.736150 -0.053155
v 2.239642 2.732147 -0.048956
v 2.245444 2.727270 -0.043839
v 2.249755 2.721706 -0.038000
v 2.252409 2.715668 -0.031666
v 2.253306 2.709389 -0.025078
v 2.252409 2.703110 -0.018490
v 2.249755 2.697073 -0.012155
v 2.245444 2.691509 -0.006317
v 2.239642 2.686631 -0.001199
v 2.232573 2.682629 0.003000
v 2.224508 2.679655 0.006121
v 2.215756 2.677823 0.008043
v 2.206656 2.662195 0.026252
v 2.197555 2.662198 0.025356
v 2.188804 2.662207 0.022701
v 2.180738 2.662222 0.018390
v 2.173670 2.662242 0.012589
v 2.167868 2.662266 0.005520
v 2.163557 2.662294 -0.002545
v 2.160903 2.662324 -0.011297
v 2.160006 2.662355 -0.020397
v 2.160903 2.662387 -0.029498
v 2.163557 2.662417 -0.038249
v 2.167868 2.662445 -0.046314
v 2.173670 2.662469 -0.053384
v 2.180738 2.662489 -0.059185
v 2.188804 2.662504 -0.063496
v 2.197555 2.662513 -0.066151
v 2.206656 2.662516 -0.067047
v 2.215756 2.662513 -0.066151
v 2.224508 2.662504 -0.063496
v 2.232573 2.662489 -0.059185
v 2.239642 2.662469 -0.053384
v 2.245444 2.662445 -0.046314
v 2.249755 2.662417 -0.038249
v 2.252409 2.662387 -0.029498
v 2.253306 2.662355 -0.020397
v 2.252409 2.662324 -0.011297
v 2.249755 2.662294 -0.002545
v 2.245444 2.662266 0.005520
v 2.239642 2.662242 0.012589
v 2.232573 2.662222 0.018390
v 2.224508 2.662207 0.022701
v 2.215756 2.662198 0.025356
v 2.206656 2.650822 0.034322
v 2.195973 2.650826 0.033270
v 2.185701 2.650837 0.030154
v 2.176233 2.650854 0.025094
v 2.167935 2.650877 0.018284
v 2.161125 2.650906 0.009986
v 2.156065 2.650939 0.000519
v 2.152949 2.650974 -0.009754
v 2.151897 2.651011 -0.020437
v 2.152949 2.651048 -0.031119
v 2.156065 2.651083 -0.041392
v 2.161125 2.651116 -0.050859
v 2.167935 2.651145 -0.059157
v 2.176233 2.651168 -0.065967
v 2.185701 2.651186 -0.071027
v 2.195973 2.651196 -0.074143
v 2.206656 2.651200 -0.075195
v 2.217338 2.651196 -0.074143
v 2.227611 2.651186 -0.071027
v 2.237078 2.651168 -0.065967
v 2.245376 2.651145 -0.059157
v 2.252187 2.651116 -0.050859
v 2.257247 2.651083 -0.041392
v 2.260362 2.651048 -0.031119
v 2.261415 2.651011 -0.020437
v 2.260362 2.650974 -0.009754
v 2.257247 2.650939 0.000519
v 2.252187 2.650906 0.009986
v 2.245376 2.650877 0.018284
v 2.237078 2.650854 0.025094
v 2.227611 2.650837 0.030154
v 2.217338 2.650826 0.033270
v 2.206656 2.645675 0.031536
v 2.196513 2.645679 0.030537
v 2.186760 2.645689 0.027579
v 2.177771 2.645706 0.022774
v 2.169893 2.645728 0.016309
v 2.163427 2.645755 0.008430
v 2.158622 2.645786 -0.000558
v 2.155664 2.645820 -0.010311
v 2.154665 2.645854 -0.020454
v 2.155664 2.645890 -0.030597
v 2.158622 2.645923 -0.040350
v 2.163427 2.645954 -0.049339
v 2.169893 2.645981 -0.057217
v 2.177771 2.646004 -0.063683
v 2.186760 2.646020 -0.068488
v 2.196513 2.646030 -0.071446
v 2.206656 2.646034 -0.072445
v 2.216798 2.646030 -0.071446
v 2.226552 2.646020 -0.068488
v 2.235540 2.646004 -0.063683
v 2.243419 2.645981 -0.057217
v 2.249885 2.645954 -0.049339
v 2.254689 2.645923 -0.040350
v 2.257648 2.645890 -0.030597
v 2.258647 2.645854 -0.020454
v 2.257648 2.645820 -0.010311
v 2.254689 2.645786 -0.000558
v 2.249885 2.645755 0.008430
v 2.243419 2.645728 0.016309
v 2.235540 2.645706 0.022774
v 2.226552 2.645689 0.027579
v 2.216798 2.645679 0.030537
v 2.206656 2.608548 0.031408
v 2.196513 2.608552 0.030409
v 2.186760 2.608562 0.027451
v 2.177771 2.608579 0.022646
v 2.169893 2.608601 0.016181
v 2.163427 2.608628 0.008302
v 2.158622 2.608659 -0.000686
v 2.155664 2.608693 -0.010439
v 2.154665 2.608727 -0.020582
v 2.155664 2.608763 -0.030725
v 2.158622 2.608796 -0.040478
v 2.163427 2.608827 -0.049467
v 2.169893 2.608854 -0.057345
v 2.177771 2.608877 -0.063811
v 2.186760 2.608893 -0.068615
v 2.196513 2.608903 -0.071574
v 2.206656 2.608907 -0.072573
v 2.216798 2.608903 -0.071574
v 2.226552 2.608893 -0.068615
v 2.235540 2.608877 -0.063811
v 2.243419 2.608854 -0.057345
v 2.249885 2.608827 -0.049467
v 2.254689 2.608796 -0.040478
v 2.257648 2.608763 -0.030725
v 2.258647 2.608727 -0.020582
v 2.257648 2.608693 -0.010439
v 2.254689 2.608659 -0.000686
v 2.249885 2.608628 0.008302
v 2.243419 2.608601 0.016181
v 2.235540 2.608579 0.022646
v 2.226552 2.608562 0.027451
v 2.216798 2.608552 0.030409
v 2.206656 2.598194 0.043274
v 2.194192 2.598198 0.042047
v 2.182205 2.598211 0.038411
v 2.171159 2.598231 0.032507
v 2.161477 2.598259 0.024561
v 2.153531 2.598292 0.014879
v 2.147626 2.598330 0.003833
v 2.143991 2.598372 -0.008153
v 2.142763 2.598414 -0.020618
v 2.143991 2.598458 -0.033083
v 2.147626 2.598499 -0.045068
v 2.153531 2.598537 -0.056114
v 2.161477 2.598570 -0.065796
v 2.171159 2.598598 -0.073742
v 2.182205 2.598618 -0.079647
v 2.194192 2.598630 -0.083282
v 2.206656 2.598635 -0.084510
v 2.219120 2.598630 -0.083282
v 2.231107 2.598618 -0.079647
v 2.242152 2.598598 -0.073742
v 2.251835 2.598570 -0.065796
v 2.259781 2.598537 -0.056114
v 2.265685 2.598499 -0.045068
v 2.269320 2.598458 -0.033083
v 2.270549 2.598414 -0.020618
v 2.269320 2.598372 -0.008153
v 2.265685 2.598330 0.003833
v 2.259781 2.598292 0.014879
v 2.251835 2.598259 0.024561
v 2.242152 2.598231 0.032507
v 2.231107 2.598211 0.038411
v 2.219120 2.598198 0.042047
v 2.206656 2.591030 0.027429
v 2.197278 2.591033 0.026506
v 2.188260 2.591042 0.023770
v 2.179948 2.591058 0.019328
v 2.172664 2.591078 0.013349
v 2.166685 2.591103 0.006065
v 2.162243 2.591132 -0.002246
v 2.159507 2.591163 -0.011264
v 2.158584 2.591195 -0.020643
v 2.159507 2.591228 -0.030021
v 2.162243 2.591259 -0.039039
v 2.166685 2.591288 -0.047350
v 2.172664 2.591313 -0.054635
v 2.179948 2.591333 -0.060613
v 2.188260 2.591349 -0.065055
v 2.197278 2.591358 -0.067791
v 2.206656 2.591361 -0.068715
v 2.216034 2.591358 -0.067791
v 2.225052 2.591349 -0.065055
v 2.233363 2.591333 -0.060613
v 2.240648 2.591313 -0.054635
v 2.246627 2.591288 -0.047350
v 2.251069 2.591259 -0.039039
v 2.253804 2.591228 -0.030021
v 2.254728 2.591195 -0.020643
v 2.253804 2.591163 -0.011264
v 2.251069 2.591132 -0.002246
v 2.246627 2.591103 0.006065
v 2.240648 2.591078 0.013349
v 2.233363 2.591058 0.019328
v 2.225052 2.591042 0.023770
v 2.216034 2.591033 0.026506
v 2.206656 2.554934 0.027305
v 2.197278 2.554937 0.026381
v 2.188260 2.554947 0.023645
v 2.179948 2.554962 0.019203
v 2.172664 2.554982 0.013225
v 2.166685 2.555008 0.005940
v 2.162243 2.555036 -0.002371
v 2.159507 2.555067 -0.011389
v 2.158584 2.555100 -0.020767
v 2.159507 2.555132 -0.030146
v 2.162243 2.555163 -0.039164
v 2.166685 2.555192 -0.047475
v 2.172664 2.555217 -0.054759
v 2.179948 2.555238 -0.060737
v 2.188260 2.555253 -0.065180
v 2.197278 2.555262 -0.067915
v 2.206656 2.555265 -0.068839
v 2.216034 2.555262 -0.067915
v 2.225052 2.555253 -0.065180
v 2.233363 2.555238 -0.060737
v 2.240648 2.555217 -0.054759
v 2.246627 2.555192 -0.047475
v 2.251069 2.555163 -0.039164
v 2.253804 2.555132 -0.030146
v 2.254728 2.555100 -0.020767
v 2.253804 2.555067 -0.011389
v 2.251069 2.555036 -0.002371
v 2.246627 2.555008 0.005940
v 2.240648 2.554982 0.013225
v 2.233363 2.554962 0.019203
v 2.225052 2.554947 0.023645
v 2.216034 2.554937 0.026381
v 2.206656 2.548775 0.018774
v 2.198938 2.548778 0.018014
v 2.191516 2.548786 0.015763
v 2.184676 2.548799 0.012107
v 2.178681 2.548815 0.007187
v 2.173760 2.548836 0.001191
v 2.170104 2.548860 -0.005648
v 2.167853 2.548885 -0.013070
v 2.167093 2.548912 -0.020788
v 2.167853 2.548939 -0.028507
v 2.170104 2.548964 -0.035929
v 2.173760 2.548988 -0.042768
v 2.178681 2.549008 -0.048764
v 2.184676 2.549025 -0.053684
v 2.191516 2.549038 -0.057340
v 2.198938 2.549046 -0.059591
v 2.206656 2.549048 -0.060351
v 2.214374 2.549046 -0.059591
v 2.221796 2.549038 -0.057340
v 2.228636 2.549025 -0.053684
v 2.234631 2.549008 -0.048764
v 2.239552 2.548988 -0.042768
v 2.243208 2.548964 -0.035929
v 2.245458 2.548939 -0.028507
v 2.246219 2.548912 -0.020788
v 2.245458 2.548885 -0.013070
v 2.243208 2.548860 -0.005648
v 2.239552 2.548836 0.001191
v 2.234631 2.548815 0.007187
v 2.228636 2.548799 0.012107
v 2.221796 2.548786 0.015763
v 2.214374 2.548778 0.018014
v 2.206656 1.688961 0.015830
v 2.198938 1.688963 0.015070
v 2.191516 1.688971 0.012819
v 2.184676 1.688984 0.009163
v 2.178681 1.689001 0.004243
v 2.173760 1.689021 -0.001753
v 2.170104 1.689045 -0.008593
v 2.167853 1.689070 -0.016014
v 2.167093 1.689097 -0.023733
v 2.167853 1.689124 -0.031451
v 2.170104 1.689149 -0.038873
v 2.173760 1.689173 -0.045713
v 2.178681 1.689194 -0.051708
v 2.184676 1.689210 -0.056628
v 2.191516 1.689223 -0.060284
v 2.198938 1.689231 -0.062535
v 2.206656 1.689234 -0.063295
v 2.214374 1.689231 -0.062535
v 2.221796 1.689223 -0.060284
v 2.228636 1.689210 -0.056628
v 2.234631 1.689194 -0.051708
v 2.239552 1.689173 -0.045713
v 2.243208 1.689149 -0.038873
v 2.245458 1.689124 -0.031451
v 2.246219 1.689097 -0.023733
v 2.245458 1.689070 -0.016014
v 2.243208 1.689045 -0.008593
v 2.239552 1.689021 -0.001753
v 2.234631 1.689001 0.004243
v 2.228636 1.688984 0.009163
v 2.221796 1.688971 0.012819
v 2.214374 1.688963 0.015070
v 2.206656 1.679646 0.025225
v 2.197099 1.679650 0.024284
v 2.187908 1.679659 0.021496
v 2.179438 1.679675 0.016969
v 2.172015 1.679696 0.010877
v 2.165922 1.679721 0.003453
v 2.161395 1.679751 -0.005017
v 2.158607 1.679782 -0.014207
v 2.157665 1.679815 -0.023765
v 2.158607 1.679848 -0.033322
v 2.161395 1.679880 -0.042512
v 2.165922 1.679909 -0.050982
v 2.172015 1.679935 -0.058406
v 2.179438 1.679956 -0.064498
v 2.187908 1.679971 -0.069026
v 2.197099 1.679981 -0.071813
v 2.206656 1.679984 -0.072755
v 2.216213 1.679981 -0.071813
v 2.225404 1.679971 -0.069026
v 2.233873 1.679956 -0.064498
v 2.241297 1.679935 -0.058406
v 2.247390 1.679909 -0.050982
v 2.251918 1.679880 -0.042512
v 2.254704 1.679848 -0.033322
v 2.255647 1.679815 -0.023765
v 2.254704 1.679782 -0.014207
v 2.251918 1.679751 -0.005017
v 2.247390 1.679721 0.003453
v 2.241297 1.679696 0.010877
v 2.233873 1.679675 0.016969
v 2.225404 1.679659 0.021496
v 2.216213 1.679650 0.024284
v 2.206656 1.671423 0.017336
v 2.198632 1.671426 0.016546
v 2.190917 1.671434 0.014206
v 2.183805 1.671447 0.010405
v 2.177573 1.671465 0.005290
v 2.172458 1.671486 -0.000943
v 2.168657 1.671511 -0.008053
v 2.166317 1.671537 -0.015769
v 2.165526 1.671565 -0.023793
v 2.166317 1.671592 -0.031817
v 2.168657 1.671619 -0.039533
v 2.172458 1.671644 -0.046643
v 2.177573 1.671665 -0.052876
v 2.183805 1.671683 -0.057991
v 2.190917 1.671696 -0.061792
v 2.198632 1.671704 -0.064132
v 2.206656 1.671707 -0.064923
v 2.214680 1.671704 -0.064132
v 2.222396 1.671696 -0.061792
v 2.229506 1.671683 -0.057991
v 2.235739 1.671665 -0.052876
v 2.240854 1.671644 -0.046643
v 2.244655 1.671619 -0.039533
v 2.246995 1.671592 -0.031817
v 2.247786 1.671565 -0.023793
v 2.246995 1.671537 -0.015769
v 2.244655 1.671511 -0.008053
v 2.240854 1.671486 -0.000943
v 2.235739 1.671465 0.005290
v 2.229506 1.671447 0.010405
v 2.222396 1.671434 0.014206
v 2.214680 1.671426 0.016546
v 2.206656 1.637390 0.017219
v 2.198632 1.637393 0.016429
v 2.190917 1.637401 0.014088
v 2.183805 1.637414 0.010288
v 2.177573 1.637432 0.005173
v 2.172458 1.637453 -0.001060
v 2.168657 1.637478 -0.008171
v 2.166317 1.637504 -0.015886
v 2.165526 1.637532 -0.023910
v 2.166317 1.637559 -0.031934
v 2.168657 1.637586 -0.039650
v 2.172458 1.637611 -0.046761
v 2.177573 1.637632 -0.052993
v 2.183805 1.637650 -0.058108
v 2.190917 1.637663 -0.061909
v 2.198632 1.637671 -0.064250
v 2.206656 1.637674 -0.065040
v 2.214680 1.637671 -0.064250
v 2.222396 1.637663 -0.061909
v 2.229506 1.637650 -0.058108
v 2.235739 1.637632 -0.052993
v 2.240854 1.637611 -0.046761
v 2.244655 1.637586 -0.039650
v 2.246995 1.637559 -0.031934
v 2.247786 1.637532 -0.023910
v 2.246995 1.637504 -0.015886
v 2.244655 1.637478 -0.008171
v 2.240854 1.637453 -0.001060
v 2.235739 1.637432 0.005173
v 2.229506 1.637414 0.010288
v 2.222396 1.637401 0.014088
v 2.214680 1.637393 0.016429
v 2.206656 1.630154 0.022197
v 2.197657 1.630157 0.021311
v 2.189002 1.630166 0.018685
v 2.181026 1.630180 0.014422
v 2.174036 1.630200 0.008685
v 2.168298 1.630224 0.001694
v 2.164035 1.630252 -0.006281
v 2.161410 1.630282 -0.014935
v 2.160523 1.630313 -0.023935
v 2.161410 1.630344 -0.032935
v 2.164035 1.630373 -0.041589
v 2.168298 1.630401 -0.049565
v 2.174036 1.630425 -0.056556
v 2.181026 1.630445 -0.062293
v 2.189002 1.630460 -0.066556
v 2.197657 1.630469 -0.069181
v 2.206656 1.630472 -0.070068
v 2.215656 1.630469 -0.069181
v 2.224310 1.630460 -0.066556
v 2.232286 1.630445 -0.062293
v 2.239277 1.630425 -0.056556
v 2.245014 1.630401 -0.049565
v 2.249277 1.630373 -0.041589
v 2.251902 1.630344 -0.032935
v 2.252789 1.630313 -0.023935
v 2.251902 1.630282 -0.014935
v 2.249277 1.630252 -0.006281
v 2.245014 1.630224 0.001694
v 2.239277 1.630200 0.008685
v 2.232286 1.630180 0.014422
v 2.224310 1.630166 0.018685
v 2.215656 1.630157 0.021311
v 2.206656 1.620900 0.014068
v 2.199236 1.620902 0.013337
v 2.192101 1.620910 0.011173
v 2.185524 1.620922 0.007658
v 2.179761 1.620938 0.002928
v 2.175030 1.620958 -0.002836
v 2.171515 1.620981 -0.009412
v 2.169351 1.621005 -0.016547
v 2.168620 1.621031 -0.023967
v 2.169351 1.621056 -0.031388
v 2.171515 1.621081 -0.038523
v 2.175030 1.621104 -0.045099
v 2.179761 1.621124 -0.050862
v 2.185524 1.621140 -0.055593
v 2.192101 1.621152 -0.059107
v 2.199236 1.621160 -0.061272
v 2.206656 1.621162 -0.062003
v 2.214076 1.621160 -0.061272
v 2.221212 1.621152 -0.059107
v 2.227787 1.621140 -0.055593
v 2.233551 1.621124 -0.050862
v 2.238282 1.621104 -0.045099
v 2.241796 1.621081 -0.038523
v 2.243960 1.621056 -0.031388
v 2.244692 1.621031 -0.023967
v 2.243960 1.621005 -0.016547
v 2.241796 1.620981 -0.009412
v 2.238282 1.620958 -0.002836
v 2.233551 1.620938 0.002928
v 2.227787 1.620922 0.007658
v 2.221212 1.620910 0.011173
v 2.214076 1.620902 0.013337
v 2.206656 0.028202 0.008576
v 2.199236 0.028204 0.007846
v 2.192101 0.028212 0.005681
v 2.185524 0.028224 0.002166
v 2.179761 0.028240 -0.002564
v 2.175030 0.028260 -0.008328
v 2.171515 0.028283 -0.014903
v 2.169351 0.028307 -0.022039
v 2.168620 0.028333 -0.029459
v 2.169351 0.028358 -0.036879
v 2.171515 0.028383 -0.044014
v 2.175030 0.028406 -0.050590
v 2.179761 0.028426 -0.056354
v 2.185524 0.028442 -0.061084
v 2.192101 0.028454 -0.064599
v 2.199236 0.028461 -0.066764
v 2.206656 0.028464 -0.067494
v 2.214076 0.028461 -0.066764
v 2.221212 0.028454 -0.064599
v 2.227787 0.028442 -0.061084
v 2.233551 0.028426 -0.056354
v 2.238282 0.028406 -0.050590
v 2.241796 0.028383 -0.044014
v 2.243960 0.028358 -0.036879
v 2.244692 0.028333 -0.029459
v 2.243960 0.028307 -0.022039
v 2.241796 0.028283 -0.014903
v 2.238282 0.028260 -0.008328
v 2.233551 0.028240 -0.002564
v 2.227787 0.028224 0.002166
v 2.221212 0.028212 0.005681
v 2.214076 0.028204 0.007846
v -2.079076 -0.000267 -0.285198
v 1.955237 0.028586 -0.285198
v -2.079076 2.884792 -0.285197
v 1.955237 2.856149 -0.285197
v -0.102889 -0.000160 -0.196093
v 0.072516 -0.000160 -0.285198
v 0.228582 -0.000160 -0.196093
v 0.369507 -0.000160 -0.285198
v 0.544912 -0.000160 -0.196093
v 0.668993 -0.000160 -0.285198
v 0.844398 -0.000160 -0.196093
v 0.967103 -0.000160 -0.285198
v 1.123353 -0.000160 -0.196093
v 1.250000 -0.000160 -0.285198
v 1.961609 0.020685 -0.285198
v 1.961609 2.884687 -0.285197
v 1.412866 2.884897 -0.196093
v 1.250000 2.884897 -0.285197
v 1.123353 2.884897 -0.196093
v 0.967103 2.884897 -0.285197
v 0.844398 2.884897 -0.196093
v 0.668993 2.884897 -0.285197
v 0.544912 2.884897 -0.196093
v 0.369507 2.884897 -0.285197
v 0.228582 2.884897 -0.196093
v 0.072516 2.884897 -0.285197
v -0.102889 2.884897 -0.196093
v -0.244434 2.884897 -0.285197
v -0.403800 2.884897 -0.196093
v -0.561384 2.884897 -0.285197
v -0.736789 2.884897 -0.196093
v -0.890637 2.884897 -0.285197
v -1.070477 2.884897 -0.196093
v -1.183800 2.884897 -0.285197
v -1.359205 2.884897 -0.196093
v -1.534610 2.884897 -0.285197
v -1.710015 2.884897 -0.196093
v 1.412866 -0.000160 -0.196093
v 1.517168 2.884897 -0.285197
v 1.699697 2.884897 -0.196093
v 1.810517 0.020685 -0.285198
v 1.810518 2.884687 -0.285197
v -1.855003 2.884792 -0.285197
v -1.855003 0.020790 -0.285198
v -2.458441 2.315456 -0.001697
v -2.458441 2.315456 0.016071
v -2.458441 2.731302 -0.001697
v -2.458441 2.731302 0.016071
v -2.410757 2.315456 -0.001697
v -2.410757 2.315456 0.016071
v -2.410757 2.731302 -0.001697
v -2.410757 2.731302 0.016071
v -0.244434 -0.000160 -0.285198
v -0.403800 -0.000160 -0.196093
v -0.561384 -0.000160 -0.285198
v -0.736789 -0.000160 -0.196093
v -0.890637 -0.000160 -0.285198
v -1.070477 -0.000160 -0.196093
v -1.183800 -0.000160 -0.285198
v -1.359205 -0.000160 -0.196093
v -1.534610 -0.000160 -0.285198
v -1.710015 -0.000160 -0.196093
v 1.517168 -0.000160 -0.285198
v 1.699697 -0.000160 -0.196093
v 1.810518 -0.000160 -0.285198
v -1.855003 -0.000160 -0.285198
v -1.974990 1.220504 -0.256668
v -1.974990 1.339152 -0.256668
v -1.974990 1.220504 -0.262735
v -1.974990 1.339152 -0.262735
v -1.937868 1.220504 -0.256668
v -1.937868 1.339152 -0.256668
v -1.937868 1.220504 -0.262735
v -1.937868 1.339152 -0.262735
v -1.974990 1.210479 -0.286931
v -1.974990 1.199459 -0.286931
v -1.974990 1.361137 -0.286470
v -1.974990 1.350117 -0.286470
v -1.937868 1.210479 -0.286931
v -1.937868 1.350117 -0.286470
v -1.937868 1.199459 -0.286931
v -1.937868 1.361137 -0.286470
vn 0.5774 0.5774 0.5774
vn -0.5774 0.5774 0.5774
vn -0.7071 0.7071 -0.0000
vn 0.7071 0.7071 -0.0000
vn -0.0000 -0.0000 1.0000
vn 0.3015 -0.3015 0.9045
vn -0.3015 -0.3015 0.9045
vn -0.5774 -0.5774 0.5774
vn 0.5774 -0.5774 0.5774
vn 0.7071 -0.7071 -0.0000
vn -0.7071 -0.7071 -0.0000
vn 1.0000 -0.0000 -0.0000
vn 0.7096 0.7046 -0.0000
vn 0.5792 0.5751 0.5777
vn 0.7071 -0.0000 0.7071
vn 0.0588 -0.1700 0.9837
vn 0.3270 -0.9450 -0.0000
vn 0.6290 -0.7774 -0.0000
vn 0.5549 -0.6859 0.4707
vn -0.7071 -0.0000 0.7071
vn -0.7096 0.7046 -0.0000
vn -0.5792 0.5751 0.5777
vn 0.3417 0.7064 0.6199
vn 0.4355 0.9002 -0.0000
vn 0.6308 0.7760 -0.0000
vn 0.2831 0.3483 0.8936
vn -0.0588 -0.1700 0.9837
vn -0.3270 -0.9450 -0.0000
vn -0.4355 0.9002 -0.0000
vn -0.3417 0.7064 0.6199
vn -1.0000 -0.0000 -0.0000
vn -0.0000 0.7071 0.7071
vn -0.0000 1.0000 -0.0000
vn 0.3015 0.3015 0.9045
vn -0.0000 -1.0000 -0.0000
vn -0.0000 -0.7071 0.7071
vn -0.7010 -0.7132 -0.0000
vn -0.5719 -0.5819 0.5783
vn -0.7090 -0.0061 0.7052
vn -1.0000 -0.0087 -0.0000
vn 0.3018 -0.3061 0.9029
vn 0.3143 0.3019 0.9000
vn -0.7063 -0.0025 0.7079
vn 0.7022 -0.7120 -0.0000
vn 0.5729 -0.5810 0.5781
vn 0.5315 -0.2730 0.8018
vn -0.7079 -0.0025 0.7063
vn -1.0000 -0.0035 -0.0000
vn -0.2591 -0.4993 0.8268
vn -0.0073 0.6955 0.7185
vn 0.8895 -0.4569 -0.0000
vn 0.4468 0.8946 -0.0000
vn 0.3312 0.6633 0.6711
vn 0.7212 0.6927 -0.0000
vn -0.7089 0.7053 -0.0000
vn -0.5787 0.5757 0.5776
vn 0.4586 -0.0648 0.8863
vn -0.3861 0.5516 0.7394
vn -0.1971 0.7215 0.6638
vn -0.4606 -0.8876 -0.0000
vn -0.0105 0.9999 -0.0000
vn -0.4579 -0.8890 -0.0000
vn -0.3606 -0.7002 0.6162
vn -0.2635 0.9647 -0.0000
vn 0.8787 -0.4774 -0.0000
vn 0.7319 -0.3977 0.5534
vn 0.9902 -0.1399 -0.0000
vn -0.5131 0.4500 0.7309
vn 0.6103 -0.4384 0.6598
vn 0.7399 -0.1283 0.6603
vn -0.5924 0.1834 0.7845
vn -0.5734 0.8193 -0.0000
vn -0.7518 0.6593 -0.0000
vn 0.8122 -0.5834 -0.0000
vn 0.9853 -0.1709 -0.0000
vn -0.9553 0.2957 -0.0000
vn -0.9324 -0.3615 -0.0000
vn -0.5671 -0.2199 0.7938
vn -0.4923 -0.4883 0.7205
vn -0.7100 -0.7042 -0.0000
vn 0.7223 0.2068 0.6599
vn 0.9614 0.2753 -0.0000
vn 0.5684 0.4846 0.6649
vn 0.3539 0.6508 0.6717
vn -0.2159 -0.5640 0.7970
vn 0.7610 0.6487 -0.0000
vn 0.4778 0.8785 -0.0000
vn -0.3574 -0.9339 -0.0000
vn -0.0029 -0.7080 0.7062
vn 0.1201 0.7316 0.6710
vn -0.0041 -1.0000 -0.0000
vn 0.1619 0.9868 -0.0000
vn -0.2956 -0.6446 0.7050
vn 0.2939 0.6408 0.7092
vn 0.2152 0.7043 0.6764
vn -0.1964 -0.6427 0.7406
vn 0.4168 0.9090 -0.0000
vn 0.6696 0.4340 0.6028
vn 0.8391 0.5439 -0.0000
vn 0.4512 -0.6961 0.5584
vn 0.5439 -0.8391 -0.0000
vn -0.4168 -0.9090 -0.0000
vn -0.2922 -0.9564 -0.0000
vn -0.0207 -0.6768 0.7359
vn -0.0305 -0.9995 -0.0000
vn 0.2922 0.9564 -0.0000
vn 0.0224 0.7325 0.6804
vn -0.2184 0.7149 0.6643
vn 0.1918 -0.6261 0.7558
vn 0.0305 0.9995 -0.0000
vn -0.2922 0.9564 -0.0000
vn -0.6117 0.7911 -0.0000
vn -0.4522 0.5849 0.6734
vn 0.2929 -0.9561 -0.0000
vn 0.4041 -0.5365 0.7408
vn -0.5905 0.4334 0.6808
vn 0.5421 -0.3902 0.7442
vn 0.6016 -0.7988 -0.0000
vn -0.7171 0.2184 0.6619
vn 0.6329 -0.1722 0.7548
vn -0.8061 0.5917 -0.0000
vn 0.8117 -0.5841 -0.0000
vn -0.9566 0.2913 -0.0000
vn -0.9997 0.0227 -0.0000
vn -0.7192 0.0164 0.6946
vn 0.9649 -0.2626 -0.0000
vn 0.6852 0.0178 0.7282
vn -0.7265 -0.1657 0.6669
vn 0.6332 0.1933 0.7495
vn 0.9997 0.0260 -0.0000
vn -0.9750 -0.2223 -0.0000
vn 0.9564 0.2919 -0.0000
vn -0.6267 -0.3842 0.6779
vn -0.8525 -0.5227 -0.0000
vn -0.6177 -0.7864 -0.0000
vn -0.4634 -0.5899 0.6612
vn 0.5697 0.3743 0.7317
vn 0.8358 0.5490 -0.0000
vn 0.4290 0.5043 0.7494
vn -0.2206 -0.7026 0.6766
vn 0.1945 0.6199 0.7602
vn 0.6480 0.7617 -0.0000
vn -0.2996 -0.9541 -0.0000
vn 0.0047 -1.0000 -0.0000
vn 0.0035 -0.7409 0.6716
vn 0.2994 0.9541 -0.0000
vn 0.0049 1.0000 -0.0000
vn 0.0034 0.6889 0.7249
vn -0.1380 0.6601 0.7384
vn -0.2046 0.9789 -0.0000
vn 0.1613 -0.7007 0.6950
vn 0.2394 -0.6787 0.6943
vn -0.2835 0.6255 0.7269
vn 0.2243 -0.9745 -0.0000
vn 0.3327 -0.9430 -0.0000
vn 0.8354 -0.5496 -0.0000
vn 0.6680 -0.4395 0.6005
vn -0.4128 0.9108 -0.0000
vn 0.5010 0.8654 -0.0000
vn 0.4166 0.7196 0.5555
vn -0.3015 0.3015 0.9045
vn -0.8202 -0.5721 -0.0000
vn -0.6789 -0.4736 0.5610
vn -0.6633 0.2504 0.7052
vn -0.9356 0.3532 -0.0000
vn 0.2807 -0.4317 0.8572
vn 0.2693 0.1879 0.9445
vn -0.6595 0.2539 0.7075
vn 0.5452 -0.8383 -0.0000
vn 0.4417 -0.6658 0.6013
vn 0.5528 -0.8333 -0.0000
vn -0.9332 0.3593 -0.0000
vn 0.3351 -0.6701 0.6624
vn 0.3344 0.6688 0.6640
vn -0.6604 0.2519 0.7074
vn 0.2671 -0.1900 0.9448
vn 0.3333 0.6667 0.6667
vn -0.4547 0.6592 0.5989
vn -0.9343 0.3564 -0.0000
vn 0.8201 0.5723 -0.0000
vn 0.8149 -0.5796 -0.0000
vn -0.5678 0.8232 -0.0000
vn 0.4472 0.8944 -0.0000
vn 0.4473 -0.8944 -0.0000
vn 0.8202 -0.5721 -0.0000
vn 0.9356 0.3532 -0.0000
vn 0.6633 0.2504 0.7052
vn 0.6789 -0.4736 0.5610
vn 0.6595 0.2539 0.7075
vn -0.2693 0.1879 0.9445
vn -0.2807 -0.4317 0.8572
vn -0.5452 -0.8383 -0.0000
vn -0.5528 -0.8333 -0.0000
vn -0.4417 -0.6658 0.6013
vn 0.9332 0.3593 -0.0000
vn 0.6604 0.2519 0.7074
vn 0.4547 0.6592 0.5989
vn 0.9343 0.3564 -0.0000
vn -0.8201 0.5723 -0.0000
vn 0.5678 0.8232 -0.0000
vn 0.5790 -0.5753 0.5777
vn 0.7094 -0.7048 -0.0000
vn 0.0645 -0.1774 0.9820
vn 0.3418 -0.9398 -0.0000
vn 0.1471 -0.9891 -0.0000
vn 0.1102 -0.7410 0.6623
vn 0.3284 0.7103 0.6226
vn 0.4196 0.9077 -0.0000
vn 0.7432 0.6691 -0.0000
vn 0.2075 0.1868 0.9602
vn -0.5723 0.5815 0.5782
vn -0.7014 0.7128 -0.0000
vn -0.3210 -0.6260 0.7107
vn 0.3015 0.6533 0.6945
vn 0.1609 0.7212 0.6738
vn -0.2257 -0.6397 0.7348
vn 0.4190 0.9080 -0.0000
vn 0.6810 0.4088 0.6076
vn 0.8574 0.5147 -0.0000
vn 0.4278 -0.7127 0.5559
vn 0.5147 -0.8574 -0.0000
vn -0.4562 -0.8899 -0.0000
vn 0.2178 0.9760 -0.0000
vn -0.0166 0.9999 -0.0000
vn -0.0120 0.7242 0.6895
vn -0.3328 -0.9430 -0.0000
vn -0.0551 -0.6708 0.7396
vn -0.2764 0.7073 0.6507
vn 0.1750 -0.6278 0.7585
vn -0.0819 -0.9966 -0.0000
vn -0.5828 0.4770 0.6579
vn 0.4536 -0.4024 0.7952
vn -0.3640 0.9314 -0.0000
vn 0.2685 -0.9633 -0.0000
vn -0.7738 0.6334 -0.0000
vn -0.9635 0.2678 -0.0000
vn -0.7158 0.1990 0.6693
vn 0.7481 -0.6636 -0.0000
vn 0.6419 -0.0910 0.7614
vn -0.7459 -0.1171 0.6557
vn 0.6607 0.1432 0.7369
vn 0.9901 -0.1403 -0.0000
vn -0.9879 -0.1550 -0.0000
vn 0.9773 0.2118 -0.0000
vn -0.5718 -0.5110 0.6418
vn -0.7457 -0.6663 -0.0000
vn -0.3486 -0.9373 -0.0000
vn -0.2579 -0.6934 0.6728
vn 0.5018 0.3741 0.7799
vn 0.8017 0.5977 -0.0000
vn 0.2881 0.5957 0.7497
vn -0.2666 -0.5903 0.7619
vn 0.3073 0.6725 0.6733
vn 0.4354 0.9002 -0.0000
vn -0.4117 -0.9113 -0.0000
vn -0.7572 -0.6532 -0.0000
vn -0.4955 -0.4274 0.7562
vn 0.4156 0.9095 -0.0000
vn 0.7422 0.6701 -0.0000
vn 0.5605 0.5061 0.6555
vn 0.7359 0.1729 0.6546
vn 0.9735 0.2287 -0.0000
vn -0.6145 -0.1354 0.7772
vn -0.5834 0.2270 0.7798
vn 0.7241 -0.2385 0.6472
vn -0.9766 -0.2152 -0.0000
vn -0.9320 0.3625 -0.0000
vn -0.7759 0.6309 -0.0000
vn -0.5464 0.4443 0.7100
vn 0.9498 -0.3128 -0.0000
vn 0.5142 -0.5412 0.6654
vn -0.2465 0.5237 0.8155
vn 0.2122 -0.7296 0.6501
vn 0.6888 -0.7250 -0.0000
vn 0.0725 0.6764 0.7329
vn -0.0779 -0.7263 0.6830
vn -0.4258 0.9048 -0.0000
vn 0.2792 -0.9602 -0.0000
vn 0.1066 0.9943 -0.0000
vn 0.4115 0.9114 -0.0000
vn 0.2692 0.5964 0.7562
vn -0.1066 -0.9943 -0.0000
vn -0.2621 -0.6889 0.6759
vn -0.3800 0.7429 0.5511
vn -0.6828 -0.4032 0.6093
vn -0.3556 -0.9346 -0.0000
vn -0.8611 -0.5084 -0.0000
vn -0.4554 0.8903 -0.0000
vn -0.4116 -0.9113 -0.0000
vn 0.4114 0.9114 -0.0000
vn -0.3556 -0.9347 -0.0000
vn -0.7042 -0.7100 -0.0000
vn -0.5747 -0.5795 0.5778
vn -0.7080 -0.0029 0.7062
vn -1.0000 -0.0041 -0.0000
vn 0.3015 0.3012 0.9046
vn 0.5255 -0.2670 0.8079
vn -0.2523 -0.5114 0.8215
vn -0.0211 0.6999 0.7140
vn 0.8915 -0.4529 -0.0000
vn 0.4426 0.8967 -0.0000
vn 0.3296 0.6677 0.6675
vn 0.7074 0.7068 -0.0000
vn 0.4318 -0.0733 0.8990
vn -0.4425 -0.8968 -0.0000
vn -0.0302 0.9995 -0.0000
vn -0.4450 -0.8956 -0.0000
vn -0.3490 -0.7025 0.6202
vn 0.8817 -0.4717 -0.0000
vn 0.7351 -0.3933 0.5522
vn 0.9859 -0.1673 -0.0000
vn 0.6076 -0.4578 0.6491
vn 0.7339 -0.1276 0.6671
vn -0.7519 0.6593 -0.0000
vn 0.7987 -0.6018 -0.0000
vn 0.9852 -0.1713 -0.0000
vn -0.8968 -0.4424 -0.0000
vn -0.5172 -0.2551 0.8170
vn -0.4604 -0.5454 0.7004
vn -0.6450 -0.7641 -0.0000
vn 0.7243 0.2443 0.6447
vn 0.9475 0.3196 -0.0000
vn 0.5278 0.5120 0.6777
vn -0.3185 -0.5672 0.7595
vn 0.7178 0.6963 -0.0000
vn -0.4897 -0.8719 -0.0000
vn -0.1100 -0.6666 0.7372
vn -0.1629 -0.9866 -0.0000
vn 0.1889 0.2497 -0.9497
vn 0.3706 0.2497 -0.8946
vn 0.3508 -0.3998 -0.8468
vn 0.1788 -0.3998 -0.8990
vn 0.7584 0.6341 -0.1509
vn 0.7733 0.6340 -0.0000
vn 0.9683 0.2497 -0.0000
vn 0.9497 0.2497 -0.1889
vn 0.0007 -0.0000 1.0000
vn -0.0004 0.6382 0.7699
vn 0.1499 0.6374 0.7558
vn 0.1957 -0.0021 0.9807
vn -0.9497 0.2497 -0.1889
vn -0.8946 0.2497 -0.3706
vn -0.8468 -0.3998 -0.3508
vn -0.8990 -0.3998 -0.1788
vn -0.1505 0.6390 -0.7543
vn -0.0004 0.6382 -0.7699
vn -0.0000 0.2497 -0.9683
vn -0.1889 0.2497 -0.9497
vn 0.2948 0.6366 0.7126
vn 0.3833 -0.0042 0.9236
vn -0.1889 0.2497 0.9497
vn -0.3706 0.2497 0.8946
vn -0.3508 -0.3998 0.8468
vn -0.1788 -0.3998 0.8990
vn -0.7518 0.6423 0.1494
vn -0.7664 0.6423 -0.0000
vn -0.9683 0.2497 -0.0000
vn -0.9497 0.2497 0.1889
vn 0.4285 0.6359 0.6419
vn 0.5560 -0.0060 0.8311
vn -0.8946 0.2497 0.3706
vn -0.8990 -0.3998 0.1788
vn -0.8468 -0.3998 0.3508
vn -0.0000 0.2497 0.9683
vn 0.1889 0.2497 0.9497
vn 0.5459 0.6352 0.5463
vn 0.7074 -0.0077 0.7068
vn -0.0000 -0.3998 0.9166
vn 0.7142 0.6343 0.2960
vn 0.6424 0.6347 0.4295
vn 0.8051 0.2497 0.5380
vn 0.8946 0.2497 0.3705
vn 0.8316 -0.0090 0.5552
vn -0.3706 0.2497 -0.8946
vn -0.1788 -0.3998 -0.8990
vn -0.3508 -0.3998 -0.8468
vn 0.2948 0.6366 -0.7126
vn 0.4285 0.6359 -0.6419
vn 0.5380 0.2497 -0.8051
vn 0.9239 -0.0100 0.3824
vn 0.8946 0.2497 -0.3705
vn 0.8990 -0.3998 -0.1788
vn 0.8468 -0.3998 -0.3508
vn -0.7084 0.6420 -0.2932
vn -0.6379 0.6416 -0.4259
vn -0.8051 0.2497 -0.5380
vn 0.7584 0.6341 0.1509
vn 0.9808 -0.0106 0.1950
vn 0.3706 0.2497 0.8946
vn 0.1788 -0.3998 0.8990
vn 0.3508 -0.3998 0.8468
vn -0.2945 0.6398 0.7099
vn -0.4269 0.6405 0.6383
vn -0.5380 0.2497 0.8051
vn 0.9999 -0.0108 -0.0000
vn -0.6847 0.2497 0.6847
vn -0.6481 -0.3998 0.6481
vn -0.5092 -0.3998 0.7621
vn 0.5380 0.2497 0.8051
vn 0.9808 -0.0106 -0.1950
vn -0.6847 0.2497 -0.6847
vn -0.6481 -0.3998 -0.6481
vn -0.7621 -0.3998 -0.5092
vn 0.6424 0.6347 -0.4295
vn 0.7142 0.6343 -0.2960
vn 0.8051 0.2497 -0.5380
vn 0.9239 -0.0100 -0.3824
vn 0.6847 0.2497 -0.6847
vn 0.6481 -0.3998 -0.6481
vn 0.5092 -0.3998 -0.7621
vn -0.4269 0.6405 -0.6383
vn -0.2945 0.6398 -0.7099
vn -0.5380 0.2497 -0.8051
vn 0.8316 -0.0090 -0.5552
vn 0.6847 0.2497 0.6847
vn 0.6481 -0.3998 0.6481
vn 0.7621 -0.3998 0.5092
vn -0.6379 0.6416 0.4259
vn -0.7084 0.6420 0.2932
vn -0.8051 0.2497 0.5380
vn 0.5459 0.6352 -0.5463
vn 0.7074 -0.0077 -0.7068
vn -0.9166 -0.3998 -0.0000
vn 0.9497 0.2497 0.1889
vn 0.5560 -0.0060 -0.8311
vn -0.0000 -0.3998 -0.9166
vn 0.1499 0.6374 -0.7558
vn 0.3833 -0.0042 -0.9236
vn 0.8990 -0.3998 0.1788
vn 0.9166 -0.3998 -0.0000
vn -0.7518 0.6423 -0.1494
vn 0.1957 -0.0021 -0.9807
vn -0.7621 -0.3998 0.5092
vn 0.0007 -0.0000 -1.0000
vn -0.5092 -0.3998 -0.7621
vn -0.1944 0.0021 -0.9809
vn 0.7621 -0.3998 -0.5092
vn -0.5429 0.6411 -0.5424
vn -0.3821 0.0041 -0.9241
vn 0.5092 -0.3998 0.7621
vn -0.5429 0.6411 0.5425
vn -0.5551 0.0060 -0.8318
vn -0.1505 0.6390 0.7543
vn -0.7068 0.0077 -0.7074
vn -0.8312 0.0090 -0.5559
vn -0.9237 0.0100 -0.3829
vn 0.8468 -0.3998 0.3508
vn -0.9807 0.0106 -0.1952
vn -0.9999 0.0108 -0.0000
vn -0.9807 0.0106 0.1952
vn -0.9237 0.0100 0.3829
vn -0.8312 0.0090 0.5559
vn -0.7068 0.0077 0.7074
vn -0.5551 0.0060 0.8318
vn -0.3821 0.0041 0.9241
vn -0.1944 0.0021 0.9809
vn -0.8677 0.4971 -0.0000
vn -0.8510 0.4971 0.1693
vn -0.8016 0.4971 -0.3320
vn -0.7214 0.4971 -0.4821
vn -0.8314 0.0166 -0.5555
vn -0.9238 0.0166 -0.3826
vn 0.8016 0.4971 -0.3320
vn 0.7214 0.4972 -0.4821
vn -0.8510 0.4971 -0.1693
vn 0.8510 0.4971 -0.1693
vn 0.8677 0.4971 -0.0000
vn 0.8510 0.4971 0.1693
vn -0.6135 0.4971 -0.6135
vn 0.8016 0.4972 0.3320
vn -0.4820 0.4972 -0.7214
vn 0.7214 0.4972 0.4821
vn -0.3320 0.4972 -0.8016
vn -0.1693 0.4971 0.8510
vn -0.0000 0.4971 0.8677
vn 0.6135 0.4971 0.6135
vn -0.1693 0.4971 -0.8510
vn -0.3320 0.4971 0.8016
vn 0.4821 0.4971 0.7214
vn -0.0000 0.4971 -0.8677
vn -0.4820 0.4971 0.7214
vn 0.3320 0.4971 0.8016
vn 0.1693 0.4971 -0.8510
vn -0.6135 0.4971 0.6135
vn 0.1693 0.4971 0.8510
vn 0.3320 0.4971 -0.8016
vn -0.7214 0.4971 0.4821
vn 0.4821 0.4971 -0.7214
vn -0.8016 0.4971 0.3320
vn 0.6135 0.4971 -0.6135
vn -0.5555 0.0166 -0.8314
vn -0.3826 0.0166 -0.9238
vn -0.3355 -0.4811 -0.8100
vn -0.4871 -0.4811 -0.7289
vn 0.9807 0.0166 0.1951
vn 0.9999 0.0166 -0.0000
vn -0.7070 0.0166 -0.7070
vn 0.9238 0.0166 0.3826
vn 0.8314 0.0166 0.5555
vn -0.1951 0.0166 0.9806
vn -0.0000 0.0166 0.9999
vn 0.7070 0.0166 0.7070
vn -0.1951 0.0166 -0.9806
vn -0.3826 0.0166 0.9238
vn 0.5555 0.0166 0.8314
vn -0.0000 0.0166 -0.9999
vn -0.5555 0.0166 0.8314
vn 0.3826 0.0166 0.9238
vn 0.1951 0.0166 -0.9807
vn -0.7070 0.0166 0.7070
vn 0.1951 0.0166 0.9807
vn 0.3826 0.0166 -0.9238
vn -0.8314 0.0166 0.5555
vn 0.5555 0.0166 -0.8314
vn -0.9238 0.0166 0.3826
vn 0.7070 0.0166 -0.7070
vn -0.9807 0.0166 0.1950
vn 0.8314 0.0166 -0.5555
vn -0.9999 0.0166 -0.0000
vn 0.9238 0.0166 -0.3826
vn -0.9807 0.0166 -0.1950
vn 0.9806 0.0166 -0.1951
vn -0.0000 -0.4811 -0.8767
vn 0.1710 -0.4811 -0.8598
vn 0.1987 0.3353 -0.9209
vn -0.0000 0.3426 -0.9395
vn -0.1710 -0.4811 0.8598
vn -0.0000 -0.4811 0.8767
vn 0.6199 -0.4811 0.6199
vn 0.7289 -0.4811 0.4871
vn -0.1710 -0.4811 -0.8598
vn -0.3355 -0.4811 0.8100
vn 0.4871 -0.4811 0.7289
vn -0.4871 -0.4811 0.7289
vn 0.3355 -0.4811 0.8100
vn -0.6199 -0.4811 0.6199
vn 0.1710 -0.4811 0.8598
vn 0.3355 -0.4811 -0.8100
vn -0.7289 -0.4811 0.4871
vn 0.4871 -0.4811 -0.7289
vn -0.8099 -0.4811 0.3355
vn 0.6199 -0.4811 -0.6199
vn -0.8598 -0.4811 0.1710
vn 0.7289 -0.4811 -0.4871
vn -0.8767 -0.4811 -0.0000
vn 0.8100 -0.4811 -0.3355
vn -0.8598 -0.4811 -0.1710
vn 0.8598 -0.4811 -0.1710
vn -0.8100 -0.4811 -0.3355
vn 0.8767 -0.4811 -0.0000
vn -0.7289 -0.4811 -0.4871
vn 0.8598 -0.4811 0.1710
vn -0.6199 -0.4811 -0.6199
vn 0.8100 -0.4811 0.3355
vn 0.5642 0.2785 -0.7772
vn 0.7164 0.2321 -0.6580
vn 0.6719 0.2632 -0.6923
vn 0.5200 0.3169 -0.7932
vn -0.6971 -0.2083 0.6860
vn -0.5465 -0.2377 0.8030
vn 0.1915 -0.2710 0.9433
vn 0.3759 -0.2586 0.8899
vn 0.3894 0.3135 -0.8661
vn -0.8220 -0.1705 0.5434
vn -0.0000 -0.2752 0.9614
vn -0.9165 -0.1246 0.3802
vn -0.9767 -0.0712 0.2026
vn 0.8401 0.1767 -0.5129
vn -0.9998 -0.0118 0.0174
vn 0.9305 0.1153 -0.3476
vn -0.9844 0.0513 -0.1684
vn 0.9844 0.0513 -0.1685
vn -0.9305 0.1153 -0.3476
vn 0.9998 -0.0119 0.0174
vn -0.8401 0.1767 -0.5129
vn 0.9767 -0.0712 0.2027
vn -0.7164 0.2321 -0.6580
vn 0.9165 -0.1246 0.3802
vn -0.5642 0.2786 -0.7772
vn 0.8220 -0.1705 0.5434
vn -0.3893 0.3135 -0.8661
vn -0.1915 -0.2710 0.9433
vn 0.6971 -0.2083 0.6861
vn -0.1987 0.3353 -0.9209
vn -0.3759 -0.2586 0.8899
vn 0.5465 -0.2377 0.8030
vn 0.9053 0.1282 -0.4049
vn 0.9727 0.0579 -0.2246
vn 0.9302 0.3083 -0.1994
vn 0.8669 0.3133 -0.3876
vn -0.9826 -0.0476 0.1795
vn -0.9201 -0.0635 0.3866
vn 0.8028 0.1988 -0.5622
vn -0.9996 -0.0039 -0.0272
vn -0.9727 0.0579 -0.2245
vn -0.9053 0.1282 -0.4049
vn 0.9996 -0.0039 -0.0273
vn -0.8028 0.1988 -0.5622
vn 0.9826 -0.0476 0.1796
vn -0.6719 0.2632 -0.6923
vn 0.9201 -0.0635 0.3866
vn -0.5200 0.3169 -0.7932
vn 0.8126 -0.0453 0.5810
vn -0.3537 0.3569 -0.8646
vn -0.1592 0.1605 0.9741
vn -0.0000 0.1731 0.9849
vn 0.6667 0.0035 0.7453
vn -0.1789 0.3814 -0.9069
vn -0.3250 0.1234 0.9376
vn 0.4978 0.0666 0.8647
vn -0.0000 0.3897 -0.9210
vn -0.4978 0.0666 0.8647
vn 0.3251 0.1234 0.9376
vn 0.1789 0.3814 -0.9069
vn -0.6667 0.0035 0.7453
vn 0.1592 0.1605 0.9741
vn 0.3537 0.3569 -0.8646
vn -0.8126 -0.0453 0.5810
vn 0.9170 0.3357 0.2156
vn 0.8293 0.3796 0.4101
vn 0.9221 0.0606 0.3821
vn 0.9789 0.0613 0.1949
vn -0.8669 0.3133 -0.3877
vn -0.9302 0.3083 -0.1993
vn 0.9495 0.3137 0.0059
vn -0.7687 0.3233 -0.5519
vn -0.6437 0.3347 -0.6882
vn -0.4988 0.3453 -0.7950
vn 0.6945 0.4441 0.5661
vn -0.3399 0.3535 -0.8715
vn -0.1144 0.6572 0.7450
vn -0.0000 0.6660 0.7460
vn 0.5352 0.5173 0.6678
vn -0.1721 0.3587 -0.9174
vn -0.2379 0.6300 0.7393
vn 0.3781 0.5828 0.7193
vn -0.0000 0.3605 -0.9328
vn -0.3781 0.5828 0.7193
vn 0.2379 0.6300 0.7392
vn 0.1721 0.3587 -0.9174
vn -0.5352 0.5173 0.6678
vn 0.1144 0.6572 0.7450
vn 0.3399 0.3535 -0.8715
vn -0.6945 0.4441 0.5661
vn 0.4988 0.3453 -0.7950
vn -0.8293 0.3796 0.4101
vn 0.6437 0.3347 -0.6882
vn -0.9170 0.3357 0.2155
vn 0.7687 0.3233 -0.5519
vn -0.9495 0.3137 0.0059
vn -0.1947 0.0586 0.9791
vn -0.3819 0.0588 0.9223
vn -0.3708 -0.2506 0.8943
vn -0.1890 -0.2508 0.9494
vn -0.5545 0.0648 -0.8297
vn -0.7058 0.0644 -0.7055
vn 0.8299 0.0600 0.5547
vn -0.3819 0.0651 -0.9219
vn -0.0000 0.0585 0.9983
vn 0.7057 0.0595 0.7060
vn -0.1947 0.0653 -0.9787
vn 0.5545 0.0591 0.8301
vn -0.0000 0.0654 -0.9979
vn -0.5545 0.0591 0.8301
vn 0.3819 0.0587 0.9223
vn 0.1947 0.0653 -0.9787
vn -0.7057 0.0595 0.7060
vn 0.1947 0.0586 0.9791
vn 0.3819 0.0651 -0.9219
vn -0.8299 0.0600 0.5547
vn 0.5545 0.0648 -0.8297
vn -0.9221 0.0606 0.3822
vn 0.7057 0.0644 -0.7055
vn -0.9789 0.0612 0.1949
vn 0.8299 0.0639 -0.5543
vn -0.9981 0.0619 0.0002
vn 0.9221 0.0633 -0.3817
vn -0.9789 0.0626 -0.1945
vn 0.9789 0.0626 -0.1945
vn -0.9221 0.0632 -0.3817
vn 0.9981 0.0619 0.0002
vn -0.8299 0.0639 -0.5543
vn -0.6851 -0.2499 0.6842
vn -0.8056 -0.2494 0.5374
vn -0.7524 0.4238 0.5042
vn -0.6399 0.4233 0.6413
vn 0.5383 -0.2503 0.8047
vn 0.6851 -0.2499 0.6843
vn -0.0000 -0.2442 -0.9697
vn -0.1890 -0.2442 -0.9511
vn -0.5383 -0.2503 0.8048
vn 0.3708 -0.2506 0.8943
vn 0.1890 -0.2442 -0.9511
vn 0.1890 -0.2508 0.9494
vn 0.3708 -0.2444 -0.8960
vn -0.0000 -0.2509 0.9680
vn 0.5383 -0.2447 -0.8064
vn -0.8951 -0.2488 0.3699
vn 0.6851 -0.2452 -0.6860
vn -0.9503 -0.2482 0.1881
vn 0.8056 -0.2457 -0.5391
vn -0.9689 -0.2475 -0.0009
vn 0.8951 -0.2462 -0.3716
vn -0.9503 -0.2469 -0.1898
vn 0.9503 -0.2469 -0.1899
vn -0.8951 -0.2462 -0.3716
vn 0.9689 -0.2475 -0.0009
vn -0.8056 -0.2456 -0.5391
vn 0.9503 -0.2482 0.1882
vn -0.6851 -0.2451 -0.6859
vn 0.8951 -0.2488 0.3699
vn -0.5383 -0.2447 -0.8064
vn 0.8056 -0.2494 0.5374
vn -0.3708 -0.2444 -0.8960
vn -0.8361 0.4243 0.3478
vn -0.8876 0.4249 0.1780
vn -0.9717 -0.1362 0.1928
vn -0.9154 -0.1369 0.3787
vn -0.0000 0.4224 0.9064
vn 0.1765 0.4225 0.8890
vn 0.5028 0.4281 -0.7510
vn 0.3463 0.4284 -0.8346
vn 0.6399 0.4277 -0.6384
vn 0.7524 0.4273 -0.5013
vn -0.9049 0.4255 0.0015
vn 0.8361 0.4267 -0.3448
vn -0.8876 0.4261 -0.1751
vn 0.8876 0.4261 -0.1751
vn -0.8361 0.4267 -0.3448
vn 0.9049 0.4255 0.0015
vn -0.7524 0.4273 -0.5013
vn 0.8876 0.4249 0.1780
vn -0.6399 0.4277 -0.6384
vn 0.8361 0.4243 0.3477
vn -0.5028 0.4281 -0.7510
vn 0.7524 0.4238 0.5042
vn -0.3463 0.4284 -0.8346
vn -0.1765 0.4225 0.8890
vn 0.6399 0.4233 0.6414
vn -0.1765 0.4286 -0.8861
vn -0.3463 0.4226 0.8375
vn 0.5028 0.4229 0.7539
vn -0.0000 0.4286 -0.9035
vn -0.5028 0.4229 0.7539
vn 0.3463 0.4226 0.8375
vn 0.1765 0.4286 -0.8861
vn -0.9717 -0.1349 -0.1937
vn -0.9154 -0.1343 -0.3796
vn -0.7675 -0.5556 -0.3198
vn -0.8148 -0.5561 -0.1640
vn 0.8238 -0.1337 -0.5509
vn 0.7006 -0.1332 -0.7010
vn -0.9908 -0.1356 -0.0005
vn 0.9154 -0.1343 -0.3796
vn 0.9717 -0.1349 -0.1938
vn 0.9908 -0.1356 -0.0005
vn -0.8238 -0.1337 -0.5509
vn 0.9717 -0.1363 0.1928
vn -0.7006 -0.1332 -0.7010
vn 0.9154 -0.1369 0.3787
vn -0.5504 -0.1328 -0.8243
vn 0.8238 -0.1375 0.5500
vn -0.3791 -0.1324 -0.9158
vn -0.1933 -0.1389 0.9713
vn -0.0000 -0.1390 0.9903
vn 0.7006 -0.1380 0.7001
vn -0.1933 -0.1322 -0.9722
vn -0.3791 -0.1387 0.9149
vn 0.5504 -0.1384 0.8233
vn -0.0000 -0.1322 -0.9912
vn -0.5504 -0.1384 0.8233
vn 0.3791 -0.1387 0.9149
vn 0.1933 -0.1322 -0.9722
vn -0.7006 -0.1380 0.7001
vn 0.1933 -0.1389 0.9713
vn 0.3792 -0.1324 -0.9158
vn -0.8238 -0.1375 0.5500
vn 0.5504 -0.1328 -0.8243
vn -0.5874 -0.5547 -0.5893
vn -0.4615 -0.5543 -0.6926
vn -0.4982 -0.4401 -0.7471
vn -0.6340 -0.4405 -0.6356
vn 0.8307 -0.5567 -0.0019
vn 0.8148 -0.5561 -0.1640
vn -0.6907 -0.5551 -0.4635
vn 0.8148 -0.5572 0.1601
vn 0.7675 -0.5578 0.3160
vn 0.6907 -0.5583 0.4596
vn -0.3179 -0.5541 -0.7694
vn -0.1621 -0.5595 0.8128
vn -0.0000 -0.5595 0.8288
vn 0.5874 -0.5587 0.5855
vn -0.1621 -0.5539 -0.8167
vn -0.3179 -0.5593 0.7656
vn 0.4615 -0.5591 0.6888
vn -0.0000 -0.5538 -0.8326
vn -0.4615 -0.5591 0.6888
vn 0.3179 -0.5593 0.7656
vn 0.1621 -0.5539 -0.8167
vn -0.5874 -0.5587 0.5855
vn 0.1621 -0.5595 0.8128
vn 0.3179 -0.5541 -0.7694
vn -0.6907 -0.5583 0.4596
vn 0.4615 -0.5543 -0.6926
vn -0.7675 -0.5578 0.3160
vn 0.5874 -0.5547 -0.5893
vn -0.8148 -0.5572 0.1601
vn 0.6907 -0.5551 -0.4634
vn -0.8307 -0.5567 -0.0019
vn 0.7675 -0.5556 -0.3198
vn -0.1749 -0.4397 -0.8810
vn -0.0000 -0.4396 -0.8982
vn -0.0000 -0.4626 -0.8866
vn -0.1726 -0.4627 -0.8696
vn 0.7455 -0.4444 0.4966
vn 0.8284 -0.4439 0.3416
vn -0.3431 -0.4399 -0.8299
vn -0.1749 -0.4457 0.8779
vn -0.0000 -0.4458 0.8951
vn 0.6340 -0.4449 0.6325
vn -0.3431 -0.4456 0.8269
vn 0.4982 -0.4453 0.7440
vn -0.4982 -0.4453 0.7440
vn 0.3431 -0.4456 0.8269
vn 0.1749 -0.4397 -0.8810
vn -0.6340 -0.4449 0.6325
vn 0.1749 -0.4458 0.8779
vn 0.3431 -0.4399 -0.8299
vn -0.7455 -0.4444 0.4966
vn 0.4982 -0.4401 -0.7471
vn -0.8284 -0.4439 0.3416
vn 0.6340 -0.4405 -0.6356
vn -0.8794 -0.4433 0.1734
vn 0.7455 -0.4410 -0.4997
vn -0.8967 -0.4427 -0.0015
vn 0.8284 -0.4415 -0.3446
vn -0.8794 -0.4421 -0.1764
vn 0.8794 -0.4421 -0.1764
vn -0.8284 -0.4415 -0.3447
vn 0.8967 -0.4427 -0.0015
vn -0.7455 -0.4410 -0.4997
vn 0.8794 -0.4433 0.1734
vn 0.3387 -0.4628 -0.8192
vn 0.4917 -0.4631 -0.7374
vn 0.5104 0.3978 -0.7624
vn 0.3515 0.3981 -0.8473
vn -0.4917 -0.4682 0.7342
vn -0.3387 -0.4685 0.8160
vn 0.3387 -0.4685 0.8160
vn 0.4917 -0.4682 0.7342
vn 0.1726 -0.4627 -0.8696
vn -0.6258 -0.4678 0.6242
vn 0.1727 -0.4686 0.8664
vn -0.7358 -0.4673 0.4901
vn -0.0000 -0.4687 0.8834
vn -0.8176 -0.4668 0.3371
vn 0.6258 -0.4635 -0.6274
vn -0.8680 -0.4663 0.1710
vn 0.7358 -0.4640 -0.4933
vn -0.8850 -0.4656 -0.0016
vn 0.8176 -0.4645 -0.3402
vn -0.8680 -0.4651 -0.1742
vn 0.8680 -0.4651 -0.1742
vn -0.8176 -0.4645 -0.3403
vn 0.8850 -0.4657 -0.0016
vn -0.7358 -0.4640 -0.4933
vn 0.8680 -0.4662 0.1710
vn -0.6258 -0.4635 -0.6274
vn 0.8176 -0.4668 0.3370
vn -0.4917 -0.4631 -0.7374
vn 0.7358 -0.4673 0.4901
vn -0.3387 -0.4628 -0.8192
vn -0.1727 -0.4686 0.8664
vn 0.6258 -0.4678 0.6242
vn 0.7638 0.3969 -0.5090
vn 0.8487 0.3963 -0.3501
vn 0.8314 0.0172 -0.5555
vn -0.8487 0.3939 0.3529
vn -0.7638 0.3934 0.5117
vn 0.6496 0.3974 -0.6482
vn -0.9010 0.3945 0.1806
vn -0.9186 0.3951 0.0014
vn -0.9010 0.3957 -0.1778
vn 0.9010 0.3957 -0.1778
vn -0.8487 0.3963 -0.3502
vn 0.9186 0.3951 0.0014
vn -0.7638 0.3969 -0.5090
vn 0.9010 0.3945 0.1806
vn -0.6496 0.3974 -0.6482
vn 0.8487 0.3939 0.3529
vn -0.5104 0.3978 -0.7624
vn 0.7638 0.3934 0.5117
vn -0.3515 0.3980 -0.8473
vn -0.1792 0.3920 0.9023
vn -0.0000 0.3920 0.9200
vn 0.6496 0.3929 0.6509
vn -0.1792 0.3982 -0.8996
vn -0.3515 0.3922 0.8501
vn 0.5104 0.3925 0.7652
vn -0.0000 0.3983 -0.9173
vn -0.5104 0.3925 0.7652
vn 0.3515 0.3922 0.8501
vn 0.1792 0.3982 -0.8996
vn -0.6496 0.3929 0.6509
vn 0.1792 0.3920 0.9023
vn 0.1951 0.0120 0.9807
vn -0.0000 0.0119 0.9999
vn -0.0000 -0.3829 0.9238
vn 0.1805 -0.3828 0.9060
vn -0.9807 0.0160 -0.1950
vn -0.9999 0.0153 -0.0000
vn 0.9807 0.0160 -0.1950
vn -0.9238 0.0167 -0.3826
vn 0.9999 0.0153 0.0001
vn -0.8314 0.0172 -0.5555
vn 0.9807 0.0147 0.1951
vn -0.7070 0.0178 -0.7070
vn 0.9238 0.0140 0.3827
vn -0.5555 0.0182 -0.8313
vn 0.8314 0.0134 0.5556
vn -0.3826 0.0185 -0.9237
vn -0.1951 0.0120 0.9807
vn 0.7070 0.0129 0.7071
vn -0.1951 0.0187 -0.9806
vn -0.3826 0.0121 0.9238
vn 0.5555 0.0125 0.8314
vn -0.0000 0.0188 -0.9998
vn -0.5555 0.0125 0.8314
vn 0.3826 0.0121 0.9238
vn 0.1951 0.0187 -0.9806
vn -0.7070 0.0129 0.7071
vn 0.3826 0.0185 -0.9237
vn -0.8314 0.0134 0.5556
vn 0.5555 0.0182 -0.8313
vn -0.9238 0.0140 0.3827
vn 0.7070 0.0178 -0.7070
vn -0.9807 0.0146 0.1951
vn 0.7692 -0.3779 -0.5153
vn 0.8547 -0.3785 -0.3553
vn 0.8802 0.3051 -0.3635
vn 0.7922 0.3057 -0.5283
vn 0.5140 -0.3771 -0.7705
vn 0.3540 -0.3768 -0.8560
vn -0.8547 -0.3809 0.3527
vn -0.7692 -0.3815 0.5127
vn 0.6541 -0.3775 -0.6555
vn -0.9073 -0.3803 0.1792
vn -0.9251 -0.3797 -0.0013
vn -0.9073 -0.3791 -0.1818
vn 0.9073 -0.3791 -0.1818
vn -0.8547 -0.3785 -0.3553
vn 0.9251 -0.3797 -0.0013
vn -0.7692 -0.3779 -0.5153
vn 0.9073 -0.3803 0.1792
vn -0.6541 -0.3775 -0.6554
vn 0.8547 -0.3809 0.3527
vn -0.5140 -0.3771 -0.7705
vn 0.7692 -0.3815 0.5127
vn -0.3540 -0.3768 -0.8560
vn -0.1805 -0.3828 0.9060
vn 0.6541 -0.3820 0.6528
vn -0.1805 -0.3766 -0.9086
vn -0.3540 -0.3827 0.8534
vn 0.5139 -0.3824 0.7679
vn -0.0000 -0.3765 -0.9264
vn -0.5140 -0.3824 0.7679
vn 0.3540 -0.3827 0.8534
vn 0.1805 -0.3766 -0.9086
vn -0.6541 -0.3820 0.6528
vn 0.9527 0.3038 0.0011
vn 0.9344 0.3032 0.1869
vn 0.9794 -0.0543 0.1946
vn 0.9986 -0.0536 -0.0002
vn -0.9344 0.3045 -0.1848
vn -0.9527 0.3038 0.0010
vn 0.9344 0.3045 -0.1848
vn -0.8802 0.3051 -0.3635
vn -0.7922 0.3057 -0.5283
vn -0.6737 0.3061 -0.6726
vn 0.8802 0.3026 0.3656
vn -0.5293 0.3066 -0.7911
vn 0.7922 0.3020 0.5304
vn -0.3646 0.3069 -0.8792
vn -0.1859 0.3006 0.9355
vn -0.0000 0.3005 0.9538
vn 0.6737 0.3015 0.6747
vn -0.1859 0.3070 -0.9334
vn -0.3646 0.3008 0.8813
vn 0.5293 0.3011 0.7932
vn -0.0000 0.3071 -0.9517
vn -0.5293 0.3011 0.7932
vn 0.3646 0.3008 0.8812
vn 0.1859 0.3070 -0.9334
vn -0.6737 0.3015 0.6747
vn 0.1859 0.3006 0.9355
vn 0.3646 0.3069 -0.8791
vn -0.7922 0.3020 0.5304
vn 0.5293 0.3066 -0.7911
vn -0.8802 0.3026 0.3656
vn 0.6737 0.3061 -0.6726
vn -0.9344 0.3032 0.1869
vn -0.0000 -0.0571 0.9984
vn -0.1948 -0.0570 0.9792
vn -0.1821 -0.3616 0.9144
vn -0.0000 -0.3616 0.9323
vn -0.7061 -0.0512 -0.7063
vn -0.8303 -0.0517 -0.5550
vn 0.9226 -0.0549 0.3819
vn -0.5548 -0.0508 -0.8304
vn 0.8303 -0.0555 0.5546
vn -0.3821 -0.0504 -0.9227
vn 0.7061 -0.0560 0.7059
vn -0.1948 -0.0502 -0.9796
vn -0.3821 -0.0568 0.9224
vn 0.5548 -0.0565 0.8301
vn -0.0000 -0.0502 -0.9987
vn -0.5548 -0.0565 0.8301
vn 0.3821 -0.0568 0.9224
vn 0.1948 -0.0502 -0.9796
vn -0.7061 -0.0561 0.7059
vn 0.1948 -0.0570 0.9792
vn 0.3821 -0.0504 -0.9227
vn -0.8303 -0.0555 0.5546
vn 0.5548 -0.0507 -0.8305
vn -0.9226 -0.0549 0.3819
vn 0.7061 -0.0512 -0.7063
vn -0.9794 -0.0543 0.1946
vn 0.8303 -0.0517 -0.5550
vn -0.9986 -0.0536 -0.0002
vn 0.9226 -0.0523 -0.3823
vn -0.9794 -0.0529 -0.1950
vn 0.9794 -0.0529 -0.1950
vn -0.9226 -0.0523 -0.3823
vn -0.5187 -0.3611 0.7750
vn -0.6601 -0.3607 0.6589
vn -0.5147 -0.6875 0.5123
vn -0.4044 -0.6878 0.6029
vn 0.6601 -0.3607 0.6589
vn 0.7762 -0.3602 0.5174
vn -0.1821 -0.3553 -0.9168
vn -0.3572 -0.3555 -0.8637
vn -0.3572 -0.3614 0.8613
vn 0.5187 -0.3611 0.7750
vn -0.0000 -0.3552 -0.9348
vn 0.3573 -0.3614 0.8613
vn 0.1821 -0.3553 -0.9168
vn 0.1821 -0.3616 0.9144
vn 0.3573 -0.3555 -0.8637
vn -0.7762 -0.3602 0.5174
vn 0.5187 -0.3557 -0.7775
vn -0.8625 -0.3597 0.3560
vn 0.6601 -0.3562 -0.6614
vn -0.9156 -0.3591 0.1809
vn 0.7762 -0.3566 -0.5199
vn -0.9336 -0.3584 -0.0012
vn 0.8625 -0.3572 -0.3585
vn -0.9156 -0.3578 -0.1833
vn 0.9156 -0.3578 -0.1834
vn -0.8625 -0.3572 -0.3585
vn 0.9336 -0.3584 -0.0012
vn -0.7762 -0.3566 -0.5199
vn 0.9156 -0.3590 0.1809
vn -0.6601 -0.3562 -0.6614
vn 0.8625 -0.3597 0.3560
vn -0.5187 -0.3558 -0.7774
vn 0.1420 -0.6882 0.7115
vn -0.0000 -0.6882 0.7255
vn -0.1420 -0.6882 0.7115
vn -0.2785 -0.6880 0.6701
vn -0.6052 -0.6871 0.4020
vn -0.6725 -0.6866 0.2762
vn -0.7139 -0.6862 0.1396
vn -0.7279 -0.6857 -0.0024
vn -0.7139 -0.6852 -0.1444
vn -0.6725 -0.6847 -0.2809
vn -0.6052 -0.6843 -0.4068
vn -0.5147 -0.6839 -0.5170
vn -0.4044 -0.6836 -0.6076
vn -0.2785 -0.6834 -0.6748
vn -0.1420 -0.6832 -0.7163
vn -0.0000 -0.6832 -0.7302
vn 0.1420 -0.6832 -0.7163
vn 0.2785 -0.6834 -0.6748
vn 0.4044 -0.6836 -0.6076
vn 0.5147 -0.6839 -0.5171
vn 0.6052 -0.6843 -0.4068
vn 0.6725 -0.6847 -0.2809
vn 0.7139 -0.6852 -0.1444
vn 0.7279 -0.6857 -0.0024
vn 0.7139 -0.6862 0.1396
vn 0.6725 -0.6866 0.2762
vn 0.6052 -0.6871 0.4020
vn 0.5147 -0.6875 0.5123
vn 0.4044 -0.6878 0.6028
vn 0.2785 -0.6880 0.6701
vn -0.0000 -0.0000 -1.0000
vn -0.6181 -0.0000 0.7861
vn 0.5754 -0.0000 0.8179
vn -0.4958 -0.0000 0.8684
vn 0.4440 -0.0000 0.8960
vn -0.4800 -0.0000 0.8773
vn 0.5344 -0.0000 0.8452
vn -0.5012 -0.0000 0.8653
vn -0.5236 -0.0000 0.8520
vn 0.6495 -0.0000 0.7603
vn -0.4529 -0.0000 0.8916
vn -0.4387 -0.0000 0.8986
vn 0.4529 -0.0000 0.8916
vn 0.5833 -0.0000 0.8123
vn -0.4922 -0.0000 0.8705
vn 0.4880 -0.0000 0.8728
vn 0.5876 -0.0000 0.8092
vn -0.5327 -0.0000 0.8463
vn -0.4954 -0.0000 0.8687
vn 0.6266 -0.0000 0.7793
vn -0.0000 0.9238 -0.3828
vn -0.0000 0.8047 0.5937
vn -0.0000 -0.9078 -0.4194
vn -0.0000 -0.8210 0.5709
vt 0.000000 0.000257
vt 0.967482 0.000257
vt 0.000000 1.000000
vt 0.964404 0.999962
vt 0.090338 0.842131
vt 0.081042 0.000257
vt 0.854781 0.842131
vt 0.861481 0.000257
vt 0.861106 0.000257
vt 0.000000 0.848750
vt 0.967482 0.848750
vt 0.964861 0.848750
vt 0.081042 0.848750
vt 0.102039 0.802266
vt 0.081042 0.843520
vt 0.861481 0.848750
vt 0.840484 0.802266
vt 0.861106 0.849549
vt 0.922376 0.000257
vt 0.922376 0.848750
vt 0.899540 0.848750
vt 0.899540 0.000257
vt 0.102184 0.808735
vt 0.102039 0.017107
vt 0.835888 0.808735
vt 0.840484 0.007212
vt 0.081042 0.849912
vt 0.102039 0.847588
vt 0.861481 0.849912
vt 0.840484 0.822158
vt 0.899540 0.000257
vt 0.922376 0.000257
vt 0.922376 0.848750
vt 0.899540 0.848750
vt 0.227728 0.883006
vt 0.227728 0.883006
vt 0.227728 0.961023
vt 0.227728 0.961023
vt 0.236011 0.883006
vt 0.236011 0.883006
vt 0.236011 0.961023
vt 0.236011 0.961023
vt 0.227728 0.983080
vt 0.227728 0.983080
vt 0.235564 0.983166
vt 0.235564 0.983166
vt 0.257709 0.918270
vt 0.257709 0.918270
vt 0.257709 0.939201
vt 0.257709 0.939201
vt 0.287689 0.883006
vt 0.287689 0.883006
vt 0.287689 0.961023
vt 0.287689 0.961023
vt 0.279406 0.883006
vt 0.279406 0.883006
vt 0.279406 0.961023
vt 0.279406 0.961023
vt 0.287689 0.983080
vt 0.287689 0.983080
vt 0.279853 0.983166
vt 0.279853 0.983166
vt 0.326880 0.972004
vt 0.326880 0.972004
vt 0.326880 0.984646
vt 0.326880 0.984646
vt 0.350864 0.972004
vt 0.350864 0.972004
vt 0.350864 0.984646
vt 0.350864 0.984646
vt 0.318416 0.984646
vt 0.318416 0.972004
vt 0.318416 0.972004
vt 0.318416 0.984646
vt 0.326880 0.942052
vt 0.326880 0.942052
vt 0.318416 0.942052
vt 0.318416 0.942052
vt 0.326880 0.929770
vt 0.326880 0.929770
vt 0.318416 0.929770
vt 0.318416 0.929770
vt 0.326880 0.897018
vt 0.326880 0.897018
vt 0.318416 0.897018
vt 0.318416 0.897018
vt 0.326880 0.883658
vt 0.326880 0.883658
vt 0.318416 0.883658
vt 0.318416 0.883658
vt 0.350809 0.942052
vt 0.350809 0.942052
vt 0.350809 0.929770
vt 0.350809 0.929770
vt 0.350809 0.897018
vt 0.350809 0.897018
vt 0.350809 0.883658
vt 0.350809 0.883658
vt 0.385562 0.881911
vt 0.385562 0.881911
vt 0.385081 0.924928
vt 0.385081 0.924928
vt 0.393144 0.881911
vt 0.393144 0.881911
vt 0.393549 0.926805
vt 0.393549 0.926805
vt 0.385081 0.938719
vt 0.385081 0.938719
vt 0.393347 0.939246
vt 0.393347 0.939246
vt 0.384926 0.972872
vt 0.384926 0.972872
vt 0.393368 0.972365
vt 0.393368 0.972365
vt 0.384926 0.985319
vt 0.384926 0.985319
vt 0.393554 0.985388
vt 0.393554 0.985388
vt 0.402012 0.926805
vt 0.402012 0.926805
vt 0.402012 0.938719
vt 0.402012 0.938719
vt 0.412525 0.928462
vt 0.412525 0.928462
vt 0.411489 0.942589
vt 0.411489 0.942589
vt 0.421428 0.884091
vt 0.421428 0.884091
vt 0.430817 0.884181
vt 0.430817 0.884181
vt 0.407220 0.939206
vt 0.407219 0.939206
vt 0.420348 0.939108
vt 0.420348 0.939108
vt 0.413725 0.945806
vt 0.413725 0.945806
vt 0.422981 0.948865
vt 0.422981 0.948865
vt 0.415017 0.948624
vt 0.415017 0.948624
vt 0.422511 0.962709
vt 0.422511 0.962709
vt 0.414870 0.962094
vt 0.414870 0.962094
vt 0.417661 0.976290
vt 0.417661 0.976290
vt 0.412573 0.966127
vt 0.412573 0.966127
vt 0.412900 0.982062
vt 0.412900 0.982062
vt 0.408201 0.972199
vt 0.408201 0.972199
vt 0.406419 0.985525
vt 0.406419 0.985525
vt 0.406450 0.972200
vt 0.406450 0.972200
vt 0.503709 0.965155
vt 0.503709 0.965155
vt 0.503709 0.979297
vt 0.503709 0.979297
vt 0.506041 0.963540
vt 0.506041 0.963540
vt 0.506041 0.977681
vt 0.506041 0.977681
vt 0.497050 0.984142
vt 0.497050 0.970001
vt 0.497050 0.970001
vt 0.497050 0.984142
vt 0.486701 0.986628
vt 0.486701 0.972487
vt 0.486701 0.972487
vt 0.486701 0.986628
vt 0.476352 0.985136
vt 0.476352 0.970995
vt 0.476352 0.970995
vt 0.476352 0.985136
vt 0.466347 0.976664
vt 0.471114 0.966545
vt 0.471114 0.966545
vt 0.466347 0.976664
vt 0.458242 0.963315
vt 0.465484 0.957756
vt 0.465484 0.957756
vt 0.458242 0.963315
vt 0.453672 0.950714
vt 0.461841 0.946542
vt 0.461841 0.946542
vt 0.453672 0.950714
vt 0.452813 0.934015
vt 0.461322 0.934245
vt 0.461322 0.934245
vt 0.452813 0.934015
vt 0.453040 0.923696
vt 0.462106 0.923926
vt 0.462106 0.923926
vt 0.453040 0.923696
vt 0.457000 0.909752
vt 0.465100 0.914918
vt 0.465100 0.914918
vt 0.457000 0.909752
vt 0.464735 0.895105
vt 0.469642 0.906344
vt 0.469642 0.906344
vt 0.464735 0.895105
vt 0.477702 0.885491
vt 0.477742 0.899059
vt 0.477742 0.899059
vt 0.477702 0.885491
vt 0.486465 0.883272
vt 0.486505 0.897942
vt 0.486505 0.897942
vt 0.486465 0.883272
vt 0.493528 0.885166
vt 0.493568 0.898733
vt 0.493568 0.898733
vt 0.493528 0.885166
vt 0.501942 0.888928
vt 0.499075 0.901749
vt 0.499075 0.901749
vt 0.501942 0.888928
vt 0.507363 0.892450
vt 0.507258 0.908861
vt 0.507258 0.908861
vt 0.507363 0.892450
vt 0.531653 0.928796
vt 0.531653 0.928796
vt 0.531653 0.942816
vt 0.531653 0.942816
vt 0.569824 0.928796
vt 0.569824 0.928796
vt 0.569824 0.942816
vt 0.569824 0.942816
vt 0.577680 0.942816
vt 0.577680 0.942816
vt 0.577680 0.928796
vt 0.577680 0.928796
vt 0.524343 0.942816
vt 0.524343 0.928796
vt 0.524343 0.928796
vt 0.524343 0.942816
vt 0.531653 0.885923
vt 0.531653 0.885923
vt 0.531653 0.985690
vt 0.531653 0.985690
vt 0.569824 0.985690
vt 0.569824 0.985690
vt 0.569824 0.885923
vt 0.569824 0.885923
vt 0.577680 0.985690
vt 0.577680 0.985690
vt 0.577680 0.885923
vt 0.577680 0.885923
vt 0.524343 0.885923
vt 0.524343 0.885923
vt 0.524343 0.985690
vt 0.524343 0.985690
vt 0.586302 0.883991
vt 0.586302 0.883991
vt 0.593712 0.915175
vt 0.593712 0.915175
vt 0.595092 0.883991
vt 0.595092 0.883991
vt 0.603525 0.914939
vt 0.603525 0.914939
vt 0.596898 0.927924
vt 0.596898 0.927924
vt 0.605820 0.927987
vt 0.605820 0.927987
vt 0.605742 0.963697
vt 0.605742 0.963697
vt 0.614592 0.963697
vt 0.614592 0.963697
vt 0.611230 0.986063
vt 0.611230 0.986063
vt 0.614592 0.986063
vt 0.614592 0.986063
vt 0.614592 0.914626
vt 0.614592 0.914626
vt 0.614592 0.928140
vt 0.614592 0.928140
vt 0.642507 0.883991
vt 0.642507 0.883991
vt 0.635097 0.915175
vt 0.635097 0.915175
vt 0.634092 0.883991
vt 0.634092 0.883991
vt 0.625659 0.914939
vt 0.625659 0.914939
vt 0.631912 0.927924
vt 0.631912 0.927924
vt 0.623364 0.927987
vt 0.623364 0.927987
vt 0.623067 0.963697
vt 0.623067 0.963697
vt 0.617580 0.986063
vt 0.617580 0.986063
vt 0.666449 0.885170
vt 0.666449 0.885170
vt 0.666449 0.963187
vt 0.666449 0.963187
vt 0.672485 0.885170
vt 0.672485 0.885170
vt 0.672485 0.968416
vt 0.672485 0.968416
vt 0.666449 0.985244
vt 0.666449 0.985244
vt 0.672038 0.985331
vt 0.672038 0.985331
vt 0.717766 0.883669
vt 0.717766 0.883669
vt 0.716724 0.905812
vt 0.716724 0.905812
vt 0.724924 0.983829
vt 0.724924 0.983829
vt 0.724924 0.905812
vt 0.724924 0.905812
vt 0.717533 0.983829
vt 0.717533 0.983829
vt 0.724924 0.883755
vt 0.724924 0.883755
vt 0.761186 0.885595
vt 0.761186 0.885595
vt 0.761186 0.973228
vt 0.761186 0.973228
vt 0.768116 0.885595
vt 0.768116 0.885595
vt 0.768116 0.973228
vt 0.768116 0.973228
vt 0.761186 0.985854
vt 0.761186 0.985854
vt 0.770493 0.985854
vt 0.770493 0.985854
vt 0.738326 0.973228
vt 0.738326 0.973228
vt 0.790144 0.973228
vt 0.790144 0.973228
vt 0.738326 0.985854
vt 0.738326 0.985854
vt 0.790144 0.985854
vt 0.790144 0.985854
vt 0.845149 0.970266
vt 0.845149 0.970266
vt 0.845149 0.984341
vt 0.845149 0.984341
vt 0.849574 0.966860
vt 0.849277 0.966860
vt 0.849277 0.980934
vt 0.849277 0.980934
vt 0.841376 0.987269
vt 0.841376 0.974046
vt 0.841376 0.974046
vt 0.841376 0.987269
vt 0.835003 0.987900
vt 0.835003 0.976259
vt 0.835003 0.976259
vt 0.835003 0.987900
vt 0.828442 0.986911
vt 0.832063 0.976001
vt 0.832063 0.976001
vt 0.828442 0.986911
vt 0.820777 0.977923
vt 0.827911 0.972597
vt 0.827911 0.972597
vt 0.820777 0.977923
vt 0.817716 0.968087
vt 0.825503 0.962906
vt 0.825503 0.962906
vt 0.817716 0.968087
vt 0.816933 0.955096
vt 0.825921 0.955387
vt 0.825921 0.955387
vt 0.816933 0.955096
vt 0.821110 0.939980
vt 0.827060 0.950417
vt 0.827060 0.950417
vt 0.821110 0.939980
vt 0.830403 0.931802
vt 0.831266 0.945661
vt 0.831266 0.945661
vt 0.830403 0.931802
vt 0.838014 0.929467
vt 0.841986 0.941060
vt 0.841986 0.941060
vt 0.838014 0.929467
vt 0.842646 0.921515
vt 0.847625 0.933108
vt 0.847625 0.933108
vt 0.842646 0.921515
vt 0.843598 0.918853
vt 0.852585 0.918527
vt 0.852585 0.918527
vt 0.843598 0.918853
vt 0.843130 0.908789
vt 0.852396 0.906038
vt 0.852396 0.906038
vt 0.843130 0.908789
vt 0.840955 0.904536
vt 0.847102 0.894378
vt 0.847102 0.894378
vt 0.840955 0.904536
vt 0.838486 0.899954
vt 0.840618 0.886031
vt 0.840618 0.886031
vt 0.838486 0.899954
vt 0.830229 0.899885
vt 0.830280 0.885963
vt 0.830280 0.885963
vt 0.830229 0.899885
vt 0.824594 0.901818
vt 0.824646 0.887895
vt 0.824646 0.887895
vt 0.824594 0.901818
vt 0.817550 0.909775
vt 0.817602 0.893985
vt 0.817602 0.893985
vt 0.817550 0.909775
vt 0.115009 0.965682
vt 0.115009 0.965682
vt 0.115009 0.979757
vt 0.115009 0.979757
vt 0.119137 0.962276
vt 0.119137 0.962276
vt 0.119137 0.976350
vt 0.119137 0.976350
vt 0.109454 0.983146
vt 0.109454 0.969923
vt 0.109454 0.969923
vt 0.109454 0.983146
vt 0.103080 0.983777
vt 0.103080 0.972137
vt 0.103080 0.972137
vt 0.103080 0.983777
vt 0.096519 0.982788
vt 0.100140 0.971879
vt 0.100140 0.971879
vt 0.096519 0.982788
vt 0.088854 0.973800
vt 0.095989 0.968474
vt 0.095989 0.968474
vt 0.088854 0.973800
vt 0.085793 0.963965
vt 0.093580 0.958783
vt 0.093580 0.958783
vt 0.085793 0.963965
vt 0.085011 0.950973
vt 0.093998 0.951264
vt 0.093998 0.951264
vt 0.085011 0.950973
vt 0.089187 0.935857
vt 0.095137 0.946294
vt 0.095137 0.946294
vt 0.089187 0.935857
vt 0.098481 0.927680
vt 0.099343 0.941539
vt 0.099343 0.941539
vt 0.098481 0.927680
vt 0.106091 0.925344
vt 0.110063 0.936937
vt 0.110063 0.936937
vt 0.106091 0.925344
vt 0.112804 0.917393
vt 0.117782 0.928986
vt 0.117782 0.928986
vt 0.112804 0.917393
vt 0.113755 0.914730
vt 0.122742 0.914404
vt 0.122742 0.914404
vt 0.113755 0.914730
vt 0.113287 0.904666
vt 0.122553 0.901915
vt 0.122553 0.901915
vt 0.113287 0.904666
vt 0.111112 0.900414
vt 0.117259 0.890255
vt 0.117259 0.890255
vt 0.111112 0.900414
vt 0.108644 0.895832
vt 0.108695 0.881909
vt 0.108695 0.881909
vt 0.108644 0.895832
vt 0.098306 0.895763
vt 0.098358 0.881840
vt 0.098358 0.881840
vt 0.098306 0.895763
vt 0.092671 0.897695
vt 0.092723 0.883773
vt 0.092723 0.883773
vt 0.092671 0.897695
vt 0.085627 0.905653
vt 0.085679 0.889862
vt 0.085679 0.889862
vt 0.085627 0.905653
vt 0.014753 0.881610
vt 0.014753 0.881610
vt 0.014521 0.924928
vt 0.014521 0.924928
vt 0.023143 0.881610
vt 0.023143 0.881610
vt 0.023143 0.924928
vt 0.023143 0.924928
vt 0.014521 0.938719
vt 0.014521 0.938719
vt 0.023143 0.938719
vt 0.023143 0.938719
vt 0.014521 0.972872
vt 0.014521 0.972872
vt 0.023164 0.972893
vt 0.023164 0.972893
vt 0.014521 0.985319
vt 0.014521 0.985319
vt 0.023149 0.985388
vt 0.023149 0.985388
vt 0.031607 0.924928
vt 0.031607 0.924928
vt 0.031607 0.938719
vt 0.031607 0.938719
vt 0.042389 0.928150
vt 0.042389 0.928150
vt 0.041084 0.942589
vt 0.041084 0.942589
vt 0.052980 0.881753
vt 0.052980 0.881753
vt 0.062649 0.881669
vt 0.062649 0.881669
vt 0.036815 0.939206
vt 0.036814 0.939206
vt 0.051553 0.938734
vt 0.051553 0.938734
vt 0.043320 0.945806
vt 0.043320 0.945806
vt 0.054025 0.948865
vt 0.054025 0.948865
vt 0.044612 0.948624
vt 0.044612 0.948624
vt 0.053877 0.962335
vt 0.053877 0.962335
vt 0.044465 0.962094
vt 0.044465 0.962094
vt 0.047256 0.976290
vt 0.047256 0.976290
vt 0.041655 0.965550
vt 0.041655 0.965550
vt 0.042495 0.982062
vt 0.042495 0.982062
vt 0.037283 0.971622
vt 0.037283 0.971622
vt 0.036014 0.985525
vt 0.036014 0.985525
vt 0.036044 0.972200
vt 0.036044 0.972200
vt 0.978927 0.872455
vt 0.980797 0.872455
vt 0.979126 0.999556
vt 0.978927 0.873743
vt 0.980257 0.999556
vt 0.980205 0.873743
vt 0.981344 0.999556
vt 0.981434 0.873743
vt 0.982345 0.999556
vt 0.982567 0.873743
vt 0.983224 0.999556
vt 0.983559 0.873743
vt 0.983944 0.999556
vt 0.984374 0.873743
vt 0.984480 0.999556
vt 0.984980 0.873743
vt 0.984809 0.999556
vt 0.985353 0.873743
vt 0.984921 0.999556
vt 0.985479 0.873743
vt 0.984809 0.999556
vt 0.985353 0.873743
vt 0.984480 0.999556
vt 0.984980 0.873743
vt 0.983944 0.999556
vt 0.984374 0.873743
vt 0.983224 0.999556
vt 0.983559 0.873743
vt 0.982345 0.999556
vt 0.982567 0.873743
vt 0.981344 0.999556
vt 0.981434 0.873743
vt 0.980257 0.999556
vt 0.980205 0.873743
vt 0.979126 0.999556
vt 0.978927 0.873743
vt 0.977996 0.999556
vt 0.977648 0.873743
vt 0.976909 0.999556
vt 0.976419 0.873743
vt 0.975907 0.999556
vt 0.975286 0.873743
vt 0.975029 0.999556
vt 0.974293 0.873743
vt 0.974308 0.999556
vt 0.973478 0.873743
vt 0.973772 0.999556
vt 0.972873 0.873743
vt 0.973443 0.999556
vt 0.972500 0.873743
vt 0.973332 0.999556
vt 0.972374 0.873743
vt 0.973443 0.999556
vt 0.972500 0.873743
vt 0.973772 0.999556
vt 0.972873 0.873743
vt 0.974308 0.999556
vt 0.973478 0.873743
vt 0.975029 0.999556
vt 0.974293 0.873743
vt 0.975907 0.999556
vt 0.975286 0.873743
vt 0.976909 0.999556
vt 0.976419 0.873743
vt 0.977996 0.999556
vt 0.977648 0.873743
vt 0.982596 0.872455
vt 0.984254 0.872455
vt 0.985707 0.872455
vt 0.986900 0.872455
vt 0.987786 0.872455
vt 0.988331 0.872455
vt 0.988516 0.872455
vt 0.988331 0.872455
vt 0.987786 0.872455
vt 0.986900 0.872455
vt 0.985707 0.872455
vt 0.984254 0.872455
vt 0.982596 0.872455
vt 0.980797 0.872455
vt 0.978927 0.872455
vt 0.977056 0.872455
vt 0.975257 0.872455
vt 0.973599 0.872455
vt 0.972146 0.872455
vt 0.970953 0.872455
vt 0.970067 0.872455
vt 0.969522 0.872455
vt 0.969337 0.872455
vt 0.969522 0.872455
vt 0.970067 0.872455
vt 0.970953 0.872455
vt 0.972146 0.872455
vt 0.973599 0.872455
vt 0.975257 0.872455
vt 0.977056 0.872455
vt 0.978927 0.870651
vt 0.977263 0.870651
vt 0.975663 0.870651
vt 0.974189 0.870651
vt 0.972896 0.870651
vt 0.971836 0.870651
vt 0.971048 0.870651
vt 0.970563 0.870651
vt 0.970399 0.870651
vt 0.970563 0.870651
vt 0.971048 0.870651
vt 0.971836 0.870651
vt 0.972896 0.870651
vt 0.974189 0.870651
vt 0.975663 0.870651
vt 0.977263 0.870651
vt 0.978927 0.870651
vt 0.980590 0.870651
vt 0.982190 0.870651
vt 0.983664 0.870651
vt 0.984957 0.870651
vt 0.986017 0.870651
vt 0.986805 0.870651
vt 0.987290 0.870651
vt 0.987454 0.870651
vt 0.987290 0.870651
vt 0.986805 0.870651
vt 0.986017 0.870651
vt 0.984957 0.870651
vt 0.983664 0.870651
vt 0.982190 0.870651
vt 0.980590 0.870651
vt 0.978927 0.858025
vt 0.977263 0.858025
vt 0.975663 0.858025
vt 0.974189 0.858025
vt 0.972896 0.858025
vt 0.971836 0.858025
vt 0.971048 0.858025
vt 0.970563 0.858025
vt 0.970399 0.858025
vt 0.970563 0.858025
vt 0.971048 0.858025
vt 0.971836 0.858025
vt 0.972896 0.858025
vt 0.974189 0.858025
vt 0.975663 0.858025
vt 0.977263 0.858025
vt 0.978927 0.858025
vt 0.980590 0.858025
vt 0.982190 0.858025
vt 0.983664 0.858025
vt 0.984957 0.858025
vt 0.986017 0.858025
vt 0.986805 0.858025
vt 0.987290 0.858025
vt 0.987454 0.858025
vt 0.987290 0.858025
vt 0.986805 0.858025
vt 0.986017 0.858025
vt 0.984957 0.858025
vt 0.983664 0.858025
vt 0.982190 0.858025
vt 0.980590 0.858025
vt 0.978927 0.856995
vt 0.977081 0.856995
vt 0.975306 0.856995
vt 0.973670 0.856995
vt 0.972237 0.856995
vt 0.971060 0.856995
vt 0.970186 0.856995
vt 0.969647 0.856995
vt 0.969466 0.856995
vt 0.969647 0.856995
vt 0.970186 0.856995
vt 0.971060 0.856995
vt 0.972237 0.856995
vt 0.973670 0.856995
vt 0.975306 0.856995
vt 0.977081 0.856995
vt 0.978927 0.856995
vt 0.980772 0.856995
vt 0.982547 0.856995
vt 0.984182 0.856995
vt 0.985616 0.856995
vt 0.986793 0.856995
vt 0.987667 0.856995
vt 0.988205 0.856995
vt 0.988387 0.856995
vt 0.988205 0.856995
vt 0.987667 0.856995
vt 0.986793 0.856995
vt 0.985616 0.856995
vt 0.984182 0.856995
vt 0.982547 0.856995
vt 0.980772 0.856995
vt 0.978927 0.855191
vt 0.977376 0.855191
vt 0.975885 0.855191
vt 0.974511 0.855191
vt 0.973306 0.855191
vt 0.972318 0.855191
vt 0.971583 0.855191
vt 0.971131 0.855191
vt 0.970978 0.855191
vt 0.971131 0.855191
vt 0.971583 0.855191
vt 0.972318 0.855191
vt 0.973306 0.855191
vt 0.974511 0.855191
vt 0.975885 0.855191
vt 0.977376 0.855191
vt 0.978927 0.855191
vt 0.980477 0.855191
vt 0.981968 0.855191
vt 0.983342 0.855191
vt 0.984546 0.855191
vt 0.985535 0.855191
vt 0.986270 0.855191
vt 0.986722 0.855191
vt 0.986875 0.855191
vt 0.986722 0.855191
vt 0.986270 0.855191
vt 0.985535 0.855191
vt 0.984546 0.855191
vt 0.983342 0.855191
vt 0.981968 0.855191
vt 0.980477 0.855191
vt 0.973910 0.838512
vt 0.972610 0.838512
vt 0.971361 0.838512
vt 0.970209 0.838512
vt 0.969199 0.838512
vt 0.968371 0.838512
vt 0.967755 0.838512
vt 0.967377 0.838512
vt 0.967248 0.838512
vt 0.967377 0.838512
vt 0.967755 0.838512
vt 0.968371 0.838512
vt 0.969199 0.838512
vt 0.970209 0.838512
vt 0.971361 0.838512
vt 0.972610 0.838512
vt 0.973910 0.838512
vt 0.975209 0.838512
vt 0.976459 0.838512
vt 0.977610 0.838512
vt 0.978620 0.838512
vt 0.979448 0.838512
vt 0.980064 0.838512
vt 0.980443 0.838512
vt 0.980571 0.838512
vt 0.980443 0.838512
vt 0.980064 0.838512
vt 0.979448 0.838512
vt 0.978620 0.838512
vt 0.977610 0.838512
vt 0.976459 0.838512
vt 0.975209 0.838512
vt 0.973910 0.794185
vt 0.972610 0.794371
vt 0.971361 0.794920
vt 0.970209 0.795812
vt 0.969199 0.797012
vt 0.968371 0.798474
vt 0.967755 0.800142
vt 0.967377 0.801952
vt 0.967248 0.803835
vt 0.967377 0.805717
vt 0.967755 0.807527
vt 0.968371 0.809196
vt 0.969199 0.810658
vt 0.970209 0.811858
vt 0.971361 0.812749
vt 0.972610 0.813298
vt 0.973910 0.813484
vt 0.975209 0.813298
vt 0.976459 0.812749
vt 0.977610 0.811858
vt 0.978620 0.810658
vt 0.979448 0.809196
vt 0.980064 0.807527
vt 0.980443 0.805717
vt 0.980571 0.803835
vt 0.980443 0.801952
vt 0.980064 0.800142
vt 0.979448 0.798474
vt 0.978620 0.797012
vt 0.977610 0.795812
vt 0.976459 0.794920
vt 0.975209 0.794371
vt 0.973910 0.789685
vt 0.972610 0.789686
vt 0.971361 0.789689
vt 0.970209 0.789694
vt 0.969199 0.789700
vt 0.968371 0.789707
vt 0.967755 0.789715
vt 0.967377 0.789724
vt 0.967248 0.789734
vt 0.967377 0.789743
vt 0.967755 0.789752
vt 0.968371 0.789760
vt 0.969199 0.789768
vt 0.970209 0.789773
vt 0.971361 0.789778
vt 0.972610 0.789781
vt 0.973910 0.789782
vt 0.975209 0.789781
vt 0.976459 0.789778
vt 0.977610 0.789773
vt 0.978620 0.789768
vt 0.979448 0.789760
vt 0.980064 0.789752
vt 0.980443 0.789743
vt 0.980571 0.789734
vt 0.980443 0.789724
vt 0.980064 0.789715
vt 0.979448 0.789707
vt 0.978620 0.789700
vt 0.977610 0.789694
vt 0.976459 0.789689
vt 0.975209 0.789686
vt 0.973910 0.786276
vt 0.972384 0.786277
vt 0.970917 0.786280
vt 0.969565 0.786285
vt 0.968380 0.786293
vt 0.967408 0.786301
vt 0.966686 0.786311
vt 0.966241 0.786321
vt 0.966091 0.786332
vt 0.966241 0.786344
vt 0.966686 0.786354
vt 0.967408 0.786364
vt 0.968380 0.786373
vt 0.969565 0.786380
vt 0.970917 0.786385
vt 0.972384 0.786388
vt 0.973910 0.786389
vt 0.975435 0.786388
vt 0.976902 0.786385
vt 0.978254 0.786380
vt 0.979439 0.786373
vt 0.980411 0.786364
vt 0.981134 0.786354
vt 0.981579 0.786344
vt 0.981729 0.786332
vt 0.981579 0.786321
vt 0.981134 0.786311
vt 0.980411 0.786301
vt 0.979439 0.786293
vt 0.978254 0.786285
vt 0.976902 0.786280
vt 0.975435 0.786277
vt 0.973910 0.784733
vt 0.972461 0.784734
vt 0.971069 0.784737
vt 0.969785 0.784742
vt 0.968660 0.784749
vt 0.967737 0.784757
vt 0.967051 0.784766
vt 0.966628 0.784776
vt 0.966486 0.784786
vt 0.966628 0.784797
vt 0.967051 0.784807
vt 0.967737 0.784816
vt 0.968660 0.784824
vt 0.969785 0.784831
vt 0.971069 0.784836
vt 0.972461 0.784839
vt 0.973910 0.784840
vt 0.975358 0.784839
vt 0.976751 0.784836
vt 0.978034 0.784831
vt 0.979159 0.784824
vt 0.980082 0.784816
vt 0.980769 0.784807
vt 0.981191 0.784797
vt 0.981334 0.784786
vt 0.981191 0.784776
vt 0.980769 0.784766
vt 0.980082 0.784757
vt 0.979159 0.784749
vt 0.978034 0.784742
vt 0.976751 0.784737
vt 0.975358 0.784734
vt 0.973910 0.773602
vt 0.972461 0.773603
vt 0.971069 0.773606
vt 0.969785 0.773611
vt 0.968660 0.773618
vt 0.967737 0.773626
vt 0.967051 0.773635
vt 0.966628 0.773645
vt 0.966486 0.773656
vt 0.966628 0.773666
vt 0.967051 0.773676
vt 0.967737 0.773686
vt 0.968660 0.773694
vt 0.969785 0.773700
vt 0.971069 0.773705
vt 0.972461 0.773709
vt 0.973910 0.773710
vt 0.975358 0.773709
vt 0.976751 0.773705
vt 0.978034 0.773700
vt 0.979159 0.773694
vt 0.980082 0.773686
vt 0.980769 0.773676
vt 0.981191 0.773666
vt 0.981334 0.773656
vt 0.981191 0.773645
vt 0.980769 0.773635
vt 0.980082 0.773626
vt 0.979159 0.773618
vt 0.978034 0.773611
vt 0.976751 0.773606
vt 0.975358 0.773603
vt 0.973910 0.770498
vt 0.972130 0.770499
vt 0.970418 0.770503
vt 0.968841 0.770509
vt 0.967458 0.770517
vt 0.966324 0.770527
vt 0.965480 0.770539
vt 0.964961 0.770551
vt 0.964786 0.770564
vt 0.964961 0.770577
vt 0.965480 0.770589
vt 0.966324 0.770600
vt 0.967458 0.770611
vt 0.968841 0.770619
vt 0.970418 0.770625
vt 0.972130 0.770629
vt 0.973910 0.770630
vt 0.975689 0.770629
vt 0.977401 0.770625
vt 0.978978 0.770619
vt 0.980361 0.770611
vt 0.981495 0.770600
vt 0.982339 0.770589
vt 0.982858 0.770577
vt 0.983033 0.770564
vt 0.982858 0.770551
vt 0.982339 0.770539
vt 0.981495 0.770527
vt 0.980361 0.770517
vt 0.978978 0.770509
vt 0.977401 0.770503
vt 0.975689 0.770499
vt 0.973910 0.768350
vt 0.972571 0.768351
vt 0.971283 0.768353
vt 0.970096 0.768358
vt 0.969056 0.768364
vt 0.968202 0.768372
vt 0.967568 0.768380
vt 0.967177 0.768390
vt 0.967045 0.768400
vt 0.967177 0.768409
vt 0.967568 0.768419
vt 0.968202 0.768427
vt 0.969056 0.768435
vt 0.970096 0.768441
vt 0.971283 0.768445
vt 0.972571 0.768448
vt 0.973910 0.768449
vt 0.975249 0.768448
vt 0.976537 0.768445
vt 0.977723 0.768441
vt 0.978764 0.768435
vt 0.979617 0.768427
vt 0.980252 0.768419
vt 0.980642 0.768409
vt 0.980774 0.768400
vt 0.980642 0.768390
vt 0.980252 0.768380
vt 0.979617 0.768372
vt 0.978764 0.768364
vt 0.977723 0.768358
vt 0.976537 0.768353
vt 0.975249 0.768351
vt 0.973910 0.757528
vt 0.972571 0.757529
vt 0.971283 0.757532
vt 0.970096 0.757536
vt 0.969056 0.757543
vt 0.968202 0.757550
vt 0.967568 0.757559
vt 0.967177 0.757568
vt 0.967045 0.757578
vt 0.967177 0.757588
vt 0.967568 0.757597
vt 0.968202 0.757605
vt 0.969056 0.757613
vt 0.970096 0.757619
vt 0.971283 0.757624
vt 0.972571 0.757626
vt 0.973910 0.757628
vt 0.975249 0.757626
vt 0.976537 0.757624
vt 0.977723 0.757619
vt 0.978764 0.757613
vt 0.979617 0.757605
vt 0.980252 0.757597
vt 0.980642 0.757588
vt 0.980774 0.757578
vt 0.980642 0.757568
vt 0.980252 0.757559
vt 0.979617 0.757550
vt 0.978764 0.757543
vt 0.977723 0.757536
vt 0.976537 0.757532
vt 0.975249 0.757529
vt 0.973910 0.755682
vt 0.972808 0.755682
vt 0.971748 0.755685
vt 0.970771 0.755689
vt 0.969915 0.755694
vt 0.969212 0.755700
vt 0.968691 0.755707
vt 0.968369 0.755715
vt 0.968260 0.755723
vt 0.968369 0.755731
vt 0.968691 0.755738
vt 0.969212 0.755745
vt 0.969915 0.755752
vt 0.970771 0.755757
vt 0.971748 0.755760
vt 0.972808 0.755763
vt 0.973910 0.755763
vt 0.975012 0.755763
vt 0.976072 0.755760
vt 0.977048 0.755757
vt 0.977904 0.755752
vt 0.978607 0.755745
vt 0.979129 0.755738
vt 0.979450 0.755731
vt 0.979559 0.755723
vt 0.979450 0.755715
vt 0.979129 0.755707
vt 0.978607 0.755700
vt 0.977904 0.755694
vt 0.977048 0.755689
vt 0.976072 0.755685
vt 0.975012 0.755682
vt 0.973910 0.497904
vt 0.972808 0.497905
vt 0.971748 0.497908
vt 0.970771 0.497911
vt 0.969915 0.497917
vt 0.969212 0.497923
vt 0.968691 0.497930
vt 0.968369 0.497937
vt 0.968260 0.497945
vt 0.968369 0.497954
vt 0.968691 0.497961
vt 0.969212 0.497968
vt 0.969915 0.497974
vt 0.970771 0.497979
vt 0.971748 0.497983
vt 0.972808 0.497986
vt 0.973910 0.497986
vt 0.975012 0.497986
vt 0.976072 0.497983
vt 0.977048 0.497979
vt 0.977904 0.497974
vt 0.978607 0.497968
vt 0.979129 0.497961
vt 0.979450 0.497954
vt 0.979559 0.497945
vt 0.979450 0.497937
vt 0.979129 0.497930
vt 0.978607 0.497923
vt 0.977904 0.497917
vt 0.977048 0.497911
vt 0.976072 0.497908
vt 0.975012 0.497905
vt 0.973910 0.495112
vt 0.972545 0.495113
vt 0.971233 0.495116
vt 0.970023 0.495121
vt 0.968963 0.495127
vt 0.968093 0.495135
vt 0.967447 0.495143
vt 0.967048 0.495153
vt 0.966914 0.495163
vt 0.967048 0.495173
vt 0.967447 0.495182
vt 0.968093 0.495191
vt 0.968963 0.495199
vt 0.970023 0.495205
vt 0.971233 0.495210
vt 0.972545 0.495213
vt 0.973910 0.495213
vt 0.975275 0.495213
vt 0.976587 0.495210
vt 0.977796 0.495205
vt 0.978856 0.495199
vt 0.979726 0.495191
vt 0.980373 0.495182
vt 0.980771 0.495173
vt 0.980905 0.495163
vt 0.980771 0.495153
vt 0.980373 0.495143
vt 0.979726 0.495135
vt 0.978856 0.495127
vt 0.977796 0.495121
vt 0.976587 0.495116
vt 0.975275 0.495113
vt 0.973910 0.492647
vt 0.972764 0.492647
vt 0.971662 0.492650
vt 0.970647 0.492654
vt 0.969757 0.492659
vt 0.969026 0.492665
vt 0.968484 0.492673
vt 0.968149 0.492681
vt 0.968037 0.492689
vt 0.968149 0.492698
vt 0.968484 0.492705
vt 0.969026 0.492713
vt 0.969757 0.492719
vt 0.970647 0.492725
vt 0.971662 0.492729
vt 0.972764 0.492731
vt 0.973910 0.492732
vt 0.975056 0.492731
vt 0.976157 0.492729
vt 0.977173 0.492725
vt 0.978063 0.492719
vt 0.978793 0.492713
vt 0.979336 0.492705
vt 0.979670 0.492698
vt 0.979783 0.492689
vt 0.979670 0.492681
vt 0.979336 0.492673
vt 0.978793 0.492665
vt 0.978063 0.492659
vt 0.977173 0.492654
vt 0.976157 0.492650
vt 0.975056 0.492647
vt 0.973910 0.482443
vt 0.972764 0.482444
vt 0.971662 0.482447
vt 0.970647 0.482451
vt 0.969757 0.482456
vt 0.969026 0.482462
vt 0.968484 0.482470
vt 0.968149 0.482478
vt 0.968037 0.482486
vt 0.968149 0.482494
vt 0.968484 0.482502
vt 0.969026 0.482509
vt 0.969757 0.482516
vt 0.970647 0.482521
vt 0.971662 0.482525
vt 0.972764 0.482528
vt 0.973910 0.482529
vt 0.975056 0.482528
vt 0.976157 0.482525
vt 0.977173 0.482521
vt 0.978063 0.482516
vt 0.978793 0.482509
vt 0.979336 0.482502
vt 0.979670 0.482494
vt 0.979783 0.482486
vt 0.979670 0.482478
vt 0.979336 0.482470
vt 0.978793 0.482462
vt 0.978063 0.482456
vt 0.977173 0.482451
vt 0.976157 0.482447
vt 0.975056 0.482444
vt 0.973910 0.480274
vt 0.972624 0.480275
vt 0.971389 0.480278
vt 0.970250 0.480282
vt 0.969252 0.480288
vt 0.968432 0.480295
vt 0.967824 0.480303
vt 0.967449 0.480312
vt 0.967322 0.480322
vt 0.967449 0.480331
vt 0.967824 0.480340
vt 0.968432 0.480348
vt 0.969252 0.480355
vt 0.970250 0.480361
vt 0.971389 0.480366
vt 0.972624 0.480368
vt 0.973910 0.480369
vt 0.975195 0.480368
vt 0.976430 0.480366
vt 0.977569 0.480361
vt 0.978568 0.480355
vt 0.979387 0.480348
vt 0.979996 0.480340
vt 0.980371 0.480331
vt 0.980497 0.480322
vt 0.980371 0.480312
vt 0.979996 0.480303
vt 0.979387 0.480295
vt 0.978568 0.480288
vt 0.977569 0.480282
vt 0.976430 0.480278
vt 0.975195 0.480275
vt 0.973910 0.477500
vt 0.972850 0.477500
vt 0.971831 0.477502
vt 0.970892 0.477506
vt 0.970069 0.477511
vt 0.969394 0.477517
vt 0.968892 0.477524
vt 0.968583 0.477531
vt 0.968478 0.477539
vt 0.968583 0.477547
vt 0.968892 0.477554
vt 0.969394 0.477561
vt 0.970069 0.477567
vt 0.970892 0.477572
vt 0.971831 0.477575
vt 0.972850 0.477577
vt 0.973910 0.477578
vt 0.974969 0.477577
vt 0.975988 0.477575
vt 0.976927 0.477572
vt 0.977750 0.477567
vt 0.978426 0.477561
vt 0.978928 0.477554
vt 0.979237 0.477547
vt 0.979341 0.477539
vt 0.979237 0.477531
vt 0.978928 0.477524
vt 0.978426 0.477517
vt 0.977750 0.477511
vt 0.976927 0.477506
vt 0.975988 0.477502
vt 0.974969 0.477500
vt 0.973910 0.000000
vt 0.972850 0.000001
vt 0.971831 0.000003
vt 0.970892 0.000007
vt 0.970069 0.000012
vt 0.969394 0.000017
vt 0.968892 0.000024
vt 0.968583 0.000032
vt 0.968478 0.000039
vt 0.968583 0.000047
vt 0.968892 0.000054
vt 0.969394 0.000061
vt 0.970069 0.000067
vt 0.970892 0.000072
vt 0.971831 0.000076
vt 0.972850 0.000078
vt 0.973910 0.000079
vt 0.974969 0.000078
vt 0.975988 0.000076
vt 0.976927 0.000072
vt 0.977750 0.000067
vt 0.978426 0.000061
vt 0.978928 0.000054
vt 0.979237 0.000047
vt 0.979341 0.000039
vt 0.979237 0.000032
vt 0.978928 0.000024
vt 0.978426 0.000017
vt 0.977750 0.000012
vt 0.976927 0.000007
vt 0.975988 0.000003
vt 0.974969 0.000001
vt 0.103037 0.006303
vt 0.862162 0.006303
vt 0.103037 0.799266
vt 0.862162 0.847834
vt 0.437298 0.006303
vt 0.466556 0.006303
vt 0.496047 0.006303
vt 0.528036 0.006303
vt 0.555418 0.006303
vt 0.586221 0.006303
vt 0.612478 0.006303
vt 0.646405 0.006303
vt 0.666931 0.006303
vt 0.702324 0.006303
vt 0.863395 0.006303
vt 0.839541 0.006303
vt 0.863395 0.847834
vt 0.839541 0.799266
vt 0.724803 0.799266
vt 0.702324 0.807161
vt 0.666931 0.799266
vt 0.646405 0.807161
vt 0.612478 0.799266
vt 0.586221 0.807161
vt 0.555418 0.799266
vt 0.528036 0.807161
vt 0.496047 0.799266
vt 0.466556 0.807161
vt 0.437298 0.799266
vt 0.400322 0.807161
vt 0.374730 0.799266
vt 0.341963 0.807161
vt 0.312706 0.799266
vt 0.279493 0.807161
vt 0.250180 0.799266
vt 0.213834 0.807161
vt 0.187576 0.799266
vt 0.148623 0.807161
vt 0.134289 0.799266
vt 0.724803 0.006303
vt 0.758759 0.807161
vt 0.778437 0.799266
vt 0.812078 0.006303
vt 0.812078 0.807161
vt 0.126275 0.799317
vt 0.124475 0.006303
vt 0.008705 0.685731
vt 0.007812 0.685731
vt 0.009830 0.687474
vt 0.008937 0.687474
vt 0.008705 0.809533
vt 0.007812 0.809533
vt 0.009830 0.807789
vt 0.008937 0.807789
vt 0.017042 0.685731
vt 0.016480 0.687474
vt 0.017042 0.809533
vt 0.016480 0.807789
vt 0.400322 0.006303
vt 0.374730 0.006303
vt 0.341963 0.006303
vt 0.312706 0.006303
vt 0.279493 0.006303
vt 0.250180 0.006303
vt 0.213834 0.006303
vt 0.187576 0.006303
vt 0.148623 0.006303
vt 0.134289 0.006303
vt 0.758759 0.006303
vt 0.778437 0.006303
vt 0.812078 0.006303
vt 0.126275 0.006303
vt 0.113980 0.335197
vt 0.113980 0.366983
vt 0.113980 0.335197
vt 0.113980 0.366983
vt 0.118036 0.335197
vt 0.118036 0.366983
vt 0.118036 0.335197
vt 0.118036 0.366983
vt 0.113980 0.332512
vt 0.113980 0.329559
vt 0.113980 0.372873
vt 0.113980 0.369921
vt 0.118036 0.332512
vt 0.118036 0.369921
vt 0.118036 0.329559
vt 0.118036 0.372873
s 1
usemtl warehouse_shutters1
f 5/5/1 6/7/2 16/25/3 15/23/4
f 1/1/5 5/6/1 9/13/6 7/10/5
f 11/19/2 2/2/5 8/11/5 12/20/7
f 11/19/2 12/20/7 21/33/8 20/32/2
f 7/10/5 9/13/6 10/16/7 13/21/6 12/20/7 8/12/5 4/4/5 3/3/5
f 6/8/2 14/22/1 13/21/6 10/16/7
f 19/31/1 20/32/2 21/33/8 22/34/9
f 10/17/7 9/14/6 17/27/10 18/29/11
f 12/20/7 13/21/6 22/34/9 21/33/8
f 9/15/6 5/6/1 15/24/4 17/28/10
f 14/22/1 11/19/2 20/32/2 19/31/1
f 13/21/6 14/22/1 19/31/1 22/34/9
f 6/9/2 10/18/7 18/30/11 16/26/3
f 41/53/12 48/60/13 47/59/14 42/54/15 40/52/9 39/51/10
f 30/42/16 29/41/17 36/48/18 35/47/19
f 29/41/17 30/42/16 28/40/9 27/39/10
f 27/39/10 28/40/9 24/36/8 23/35/11
f 30/42/16 26/38/20 24/36/8 28/40/9
f 32/44/21 31/43/22 34/46/23 33/45/24
f 26/38/20 30/42/16 34/46/23 31/43/22
f 35/47/19 36/48/18 38/50/25 37/49/26
f 34/46/23 30/42/16 35/47/19 37/49/26
f 33/45/24 34/46/23 37/49/26 38/50/25
f 46/58/27 35/47/19 36/48/18 45/57/28
f 45/57/28 43/55/11 44/56/8 46/58/27
f 43/55/11 39/51/10 40/52/9 44/56/8
f 46/58/27 44/56/8 40/52/9 42/54/15
f 48/60/13 49/61/29 50/62/30 47/59/14
f 42/54/15 47/59/14 50/62/30 46/58/27
f 50/62/30 37/49/26 35/47/19 46/58/27
f 49/61/29 38/50/25 37/49/26 50/62/30
f 26/38/20 31/43/22 32/44/21 25/37/31 23/35/11 24/36/8
f 52/64/6 54/66/32 62/74/2 61/73/20
f 53/65/33 54/66/32 58/70/1 57/69/4
f 57/69/4 58/70/1 56/68/9 55/67/10
f 55/67/10 56/68/9 52/64/6 51/63/10
f 58/70/1 54/66/32 52/64/6 56/68/9
f 60/72/31 61/73/20 62/74/2 59/71/3
f 54/66/32 53/65/33 59/71/3 62/74/2
f 61/73/20 60/72/31 65/77/31 66/78/20
f 64/76/34 66/78/20 70/82/20 68/80/6
f 51/63/10 52/64/6 64/76/34 63/75/4
f 52/64/6 61/73/20 66/78/20 64/76/34
f 64/76/34 68/80/6 82/94/9 80/92/1
f 66/78/20 65/77/31 69/81/31 70/82/20
f 74/86/20 73/85/31 77/89/11 78/90/8
f 70/82/20 69/81/31 73/85/31 74/86/20
f 68/80/6 70/82/20 74/86/20 72/84/34
f 67/79/10 68/80/6 72/84/34 71/83/4
f 75/87/35 76/88/36 78/90/8 77/89/11
f 72/84/34 74/86/20 78/90/8 76/88/36
f 76/88/36 75/87/35 85/97/10 86/98/9
f 79/91/4 80/92/1 82/94/9 81/93/10
f 83/95/4 84/96/1 86/98/9 85/97/10
f 63/75/4 64/76/34 80/92/1 79/91/4
f 71/83/4 72/84/34 84/96/1 83/95/4
f 72/84/34 76/88/36 86/98/9 84/96/1
f 68/80/6 67/79/10 81/93/10 82/94/9
f 87/99/37 88/100/38 90/102/39 89/101/40
f 90/102/39 94/106/41 98/110/42 95/107/43
f 93/105/44 94/106/41 92/104/45 91/103/44
f 91/103/44 92/104/45 88/100/38 87/99/37
f 94/106/41 90/102/39 88/100/38 92/104/45
f 95/107/43 98/110/42 102/114/46 99/111/47
f 89/101/40 90/102/39 95/107/43 96/108/48
f 98/110/42 94/106/41 107/119/49 109/121/50
f 102/114/46 101/113/51 105/117/52 106/118/53
f 96/108/48 95/107/43 99/111/47 100/112/48
f 98/110/42 97/109/54 101/113/51 102/114/46
f 104/116/55 103/115/56 106/118/53 105/117/52
f 99/111/47 102/114/46 106/118/53 103/115/56
f 100/112/48 99/111/47 103/115/56 104/116/55
f 109/121/50 107/119/49 111/123/57 113/125/58 119/131/59
f 94/106/41 93/105/44 108/120/60 107/119/49
f 97/109/54 98/110/42 109/121/50 110/122/61
f 107/119/49 108/120/60 116/128/62 115/127/63
f 110/122/61 109/121/50 119/131/59 120/132/64
f 115/127/63 116/128/62 118/130/65 117/129/66
f 111/123/57 107/119/49 115/127/63 117/129/66
f 112/124/67 111/123/57 117/129/66 118/130/65
f 123/135/68 121/133/69 125/137/70 127/139/71
f 120/132/64 119/131/59 113/125/58 114/126/72
f 114/126/72 113/125/58 123/135/68 124/136/73
f 113/125/58 111/123/57 121/133/69 123/135/68
f 111/123/57 112/124/67 122/134/74 121/133/69
f 121/133/69 122/134/74 126/138/75 125/137/70
f 124/136/73 123/135/68 127/139/71 128/140/76
f 132/144/77 131/143/78 135/147/79 136/148/80
f 128/140/76 127/139/71 131/143/78 132/144/77
f 127/139/71 125/137/70 129/141/81 131/143/78
f 125/137/70 126/138/75 130/142/82 129/141/81
f 135/147/79 133/145/83 137/149/84 139/151/85
f 131/143/78 129/141/81 133/145/83 135/147/79
f 129/141/81 130/142/82 134/146/86 133/145/83
f 133/145/83 134/146/86 138/150/87 137/149/84
f 136/148/80 135/147/79 139/151/85 140/152/88
f 143/155/89 141/153/90 106/118/53 102/114/46
f 140/152/88 139/151/85 143/155/89 144/156/91
f 139/151/85 137/149/84 141/153/90 143/155/89
f 137/149/84 138/150/87 142/154/92 141/153/90
f 141/153/90 142/154/92 105/117/52 106/118/53
f 144/156/91 143/155/89 102/114/46 101/113/51
f 146/158/93 148/160/94 156/168/95 155/167/96
f 147/159/97 148/160/94 152/164/98 151/163/99
f 151/163/99 152/164/98 150/162/100 149/161/101
f 149/161/101 150/162/100 146/158/93 145/157/102
f 152/164/98 148/160/94 146/158/93 150/162/100
f 154/166/103 155/167/96 159/171/104 158/170/105
f 148/160/94 147/159/97 153/165/106 156/168/95
f 145/157/102 146/158/93 155/167/96 154/166/103
f 159/171/104 160/172/107 164/176/108 163/175/109
f 155/167/96 156/168/95 160/172/107 159/171/104
f 156/168/95 153/165/106 157/169/110 160/172/107
f 164/176/108 161/173/111 165/177/112 168/180/113
f 160/172/107 157/169/110 161/173/111 164/176/108
f 158/170/105 159/171/104 163/175/109 162/174/114
f 167/179/115 168/180/113 172/184/116 171/183/117
f 162/174/114 163/175/109 167/179/115 166/178/118
f 163/175/109 164/176/108 168/180/113 167/179/115
f 171/183/117 172/184/116 176/188/119 175/187/120
f 168/180/113 165/177/112 169/181/121 172/184/116
f 166/178/118 167/179/115 171/183/117 170/182/122
f 176/188/119 173/185/123 177/189/124 180/192/125
f 172/184/116 169/181/121 173/185/123 176/188/119
f 170/182/122 171/183/117 175/187/120 174/186/126
f 179/191/127 180/192/125 184/196/128 183/195/129
f 174/186/126 175/187/120 179/191/127 178/190/130
f 175/187/120 176/188/119 180/192/125 179/191/127
f 180/192/125 177/189/124 181/193/131 184/196/128
f 178/190/130 179/191/127 183/195/129 182/194/132
f 188/200/133 185/197/134 189/201/135 192/204/136
f 184/196/128 181/193/131 185/197/134 188/200/133
f 182/194/132 183/195/129 187/199/137 186/198/138
f 183/195/129 184/196/128 188/200/133 187/199/137
f 191/203/139 192/204/136 196/208/140 195/207/141
f 186/198/138 187/199/137 191/203/139 190/202/142
f 187/199/137 188/200/133 192/204/136 191/203/139
f 196/208/140 193/205/143 197/209/144 200/212/145
f 192/204/136 189/201/135 193/205/143 196/208/140
f 190/202/142 191/203/139 195/207/141 194/206/146
f 198/210/147 199/211/148 203/215/149 202/214/150
f 194/206/146 195/207/141 199/211/148 198/210/147
f 195/207/141 196/208/140 200/212/145 199/211/148
f 203/215/149 204/216/151 208/220/152 207/219/153
f 199/211/148 200/212/145 204/216/151 203/215/149
f 200/212/145 197/209/144 201/213/154 204/216/151
f 208/220/152 205/217/155 209/221/156 212/224/157
f 204/216/151 201/213/154 205/217/155 208/220/152
f 202/214/150 203/215/149 207/219/153 206/218/158
f 210/222/159 211/223/160 212/224/157 209/221/156
f 206/218/158 207/219/153 211/223/160 210/222/159
f 207/219/153 208/220/152 212/224/157 211/223/160
f 214/226/6 216/228/34 228/240/20 227/239/20
f 215/227/4 216/228/34 220/232/161 219/231/3
f 220/232/161 218/230/7 224/236/15 221/233/15
f 217/229/11 218/230/7 214/226/6 213/225/10
f 220/232/161 216/228/34 214/226/6 218/230/7
f 222/234/12 221/233/15 224/236/15 223/235/12
f 224/236/15 218/230/7 235/247/8 239/251/9
f 213/225/10 214/226/6 230/242/9 229/241/10
f 226/238/31 227/239/20 228/240/20 225/237/31
f 225/237/31 228/240/20 243/255/2 244/256/3
f 223/235/12 224/236/15 239/251/9 240/252/10
f 234/246/3 233/245/2 237/249/1 238/250/4
f 235/247/8 236/248/11 240/252/10 239/251/9
f 231/243/1 232/244/4 244/256/3 243/255/2
f 229/241/10 230/242/9 242/254/8 241/253/11
f 218/230/7 217/229/11 236/248/11 235/247/8
f 228/240/20 216/228/34 231/243/1 243/255/2
f 220/232/161 221/233/15 237/249/1 233/245/2
f 214/226/6 227/239/20 242/254/8 230/242/9
f 216/228/34 215/227/4 232/244/4 231/243/1
f 221/233/15 222/234/12 238/250/4 237/249/1
f 219/231/3 220/232/161 233/245/2 234/246/3
f 227/239/20 226/238/31 241/253/11 242/254/8
f 245/257/162 246/258/163 248/260/164 247/259/165
f 248/260/164 252/264/166 256/268/167 253/265/168
f 251/263/169 252/264/166 250/262/170 249/261/171
f 249/261/171 250/262/170 246/258/163 245/257/162
f 252/264/166 248/260/164 246/258/163 250/262/170
f 247/259/165 248/260/164 253/265/168 254/266/172
f 256/268/167 252/264/166 265/277/173 267/279/174
f 257/269/175 260/272/176 264/276/177 261/273/178
f 253/265/168 256/268/167 260/272/176 257/269/175
f 254/266/172 253/265/168 257/269/175 258/270/179
f 256/268/167 255/267/180 259/271/181 260/272/176
f 262/274/182 261/273/178 264/276/177 263/275/183
f 258/270/179 257/269/175 261/273/178 262/274/182
f 260/272/176 259/271/181 263/275/183 264/276/177
f 265/277/173 266/278/184 268/280/183 267/279/174
f 252/264/166 251/263/169 266/278/184 265/277/173
f 255/267/180 256/268/167 267/279/174 268/280/183
f 269/281/185 271/283/186 272/284/187 270/282/188
f 272/284/187 277/289/189 280/292/190 276/288/191
f 275/287/192 273/285/193 274/286/194 276/288/191
f 273/285/193 269/281/185 270/282/188 274/286/194
f 276/288/191 274/286/194 270/282/188 272/284/187
f 271/283/186 278/290/195 277/289/189 272/284/187
f 280/292/190 267/279/174 265/277/173 276/288/191
f 281/293/196 283/295/197 264/276/177 260/272/176
f 277/289/189 281/293/196 260/272/176 280/292/190
f 278/290/195 282/294/198 281/293/196 277/289/189
f 280/292/190 260/272/176 259/271/181 279/291/199
f 284/296/200 263/275/183 264/276/177 283/295/197
f 282/294/198 284/296/200 283/295/197 281/293/196
f 276/288/191 265/277/173 266/278/184 275/287/192
f 279/291/199 268/280/183 267/279/174 280/292/190
f 303/315/12 301/313/4 302/314/1 304/316/15 307/319/201 308/320/202
f 292/304/203 291/303/204 298/310/205 297/309/206
f 291/303/204 292/304/203 290/302/9 289/301/10
f 289/301/10 290/302/9 286/298/8 285/297/11
f 292/304/203 288/300/20 286/298/8 290/302/9
f 294/306/21 293/305/22 296/308/207 295/307/208
f 288/300/20 292/304/203 296/308/207 293/305/22
f 297/309/206 298/310/205 300/312/209 299/311/210
f 296/308/207 292/304/203 297/309/206 299/311/210
f 295/307/208 296/308/207 299/311/210 300/312/209
f 300/312/209 299/311/210 306/318/211 305/317/212
f 305/317/212 306/318/211 302/314/1 301/313/4
f 299/311/210 304/316/15 302/314/1 306/318/211
f 308/320/202 307/319/201 297/309/206 298/310/205
f 304/316/15 299/311/210 297/309/206 307/319/201
f 288/300/20 293/305/22 294/306/21 287/299/31 285/297/11 286/298/8
f 309/321/11 310/322/8 312/324/7 311/323/11
f 312/324/7 316/328/6 320/332/32 317/329/32
f 315/327/10 316/328/6 314/326/9 313/325/10
f 313/325/10 314/326/9 310/322/8 309/321/11
f 316/328/6 312/324/7 310/322/8 314/326/9
f 318/330/33 317/329/32 320/332/32 319/331/33
f 320/332/32 316/328/6 323/335/9 327/339/1
f 322/334/11 321/333/8 325/337/2 326/338/3
f 323/335/9 324/336/10 328/340/4 327/339/1
f 311/323/11 312/324/7 321/333/8 322/334/11
f 317/329/32 318/330/33 326/338/3 325/337/2
f 312/324/7 317/329/32 325/337/2 321/333/8
f 316/328/6 315/327/10 324/336/10 323/335/9
f 319/331/33 320/332/32 327/339/1 328/340/4
f 330/342/213 332/344/214 340/352/215 339/351/216
f 331/343/217 332/344/214 336/348/218 335/347/219
f 335/347/219 336/348/218 334/346/220 333/345/221
f 333/345/221 334/346/220 330/342/213 329/341/222
f 336/348/218 332/344/214 330/342/213 334/346/220
f 340/352/215 337/349/223 341/353/224 344/356/225
f 332/344/214 331/343/217 337/349/223 340/352/215
f 329/341/222 330/342/213 339/351/216 338/350/226
f 343/355/227 344/356/225 348/360/228 347/359/229
f 338/350/226 339/351/216 343/355/227 342/354/230
f 339/351/216 340/352/215 344/356/225 343/355/227
f 347/359/229 348/360/228 352/364/231 351/363/232
f 344/356/225 341/353/224 345/357/233 348/360/228
f 342/354/230 343/355/227 347/359/229 346/358/234
f 352/364/231 349/361/235 353/365/236 356/368/237
f 348/360/228 345/357/233 349/361/235 352/364/231
f 346/358/234 347/359/229 351/363/232 350/362/238
f 355/367/239 356/368/237 360/372/240 359/371/241
f 350/362/238 351/363/232 355/367/239 354/366/242
f 351/363/232 352/364/231 356/368/237 355/367/239
f 356/368/237 353/365/236 357/369/243 360/372/240
f 354/366/242 355/367/239 359/371/241 358/370/244
f 364/376/245 361/373/246 365/377/247 368/380/248
f 360/372/240 357/369/243 361/373/246 364/376/245
f 358/370/244 359/371/241 363/375/249 362/374/250
f 359/371/241 360/372/240 364/376/245 363/375/249
f 367/379/251 368/380/248 372/384/252 371/383/253
f 362/374/250 363/375/249 367/379/251 366/378/254
f 363/375/249 364/376/245 368/380/248 367/379/251
f 372/384/252 369/381/255 373/385/256 376/388/257
f 368/380/248 365/377/247 369/381/255 372/384/252
f 366/378/254 367/379/251 371/383/253 370/382/258
f 374/386/259 375/387/260 379/391/261 378/390/262
f 370/382/258 371/383/253 375/387/260 374/386/259
f 371/383/253 372/384/252 376/388/257 375/387/260
f 379/391/261 380/392/263 384/396/264 383/395/265
f 375/387/260 376/388/257 380/392/263 379/391/261
f 376/388/257 373/385/256 377/389/266 380/392/263
f 384/396/264 381/393/267 385/397/268 388/400/269
f 380/392/263 377/389/266 381/393/267 384/396/264
f 378/390/262 379/391/261 383/395/265 382/394/270
f 387/399/271 388/400/269 392/404/272 391/403/273
f 382/394/270 383/395/265 387/399/271 386/398/274
f 383/395/265 384/396/264 388/400/269 387/399/271
f 391/403/273 392/404/272 396/408/275 395/407/276
f 388/400/269 385/397/268 389/401/277 392/404/272
f 386/398/274 387/399/271 391/403/273 390/402/278
f 396/408/275 393/405/279 397/409/280 400/412/281
f 392/404/272 389/401/277 393/405/279 396/408/275
f 390/402/278 391/403/273 395/407/276 394/406/282
f 399/411/283 400/412/281 404/416/284 403/415/285
f 394/406/282 395/407/276 399/411/283 398/410/286
f 395/407/276 396/408/275 400/412/281 399/411/283
f 402/414/287 403/415/285 404/416/284 401/413/288
f 400/412/281 397/409/280 401/413/288 404/416/284
f 398/410/286 399/411/283 403/415/285 402/414/287
f 406/418/213 408/420/214 416/428/215 415/427/216
f 407/419/217 408/420/214 412/424/218 411/423/219
f 411/423/219 412/424/218 410/422/220 409/421/221
f 409/421/221 410/422/220 406/418/213 405/417/222
f 412/424/218 408/420/214 406/418/213 410/422/220
f 416/428/215 413/425/223 417/429/224 420/432/225
f 408/420/214 407/419/217 413/425/223 416/428/215
f 405/417/222 406/418/213 415/427/216 414/426/226
f 419/431/227 420/432/225 424/436/228 423/435/229
f 414/426/226 415/427/216 419/431/227 418/430/230
f 415/427/216 416/428/215 420/432/225 419/431/227
f 423/435/229 424/436/228 428/440/231 427/439/232
f 420/432/225 417/429/224 421/433/233 424/436/228
f 418/430/230 419/431/227 423/435/229 422/434/234
f 428/440/231 425/437/235 429/441/236 432/444/237
f 424/436/228 421/433/233 425/437/235 428/440/231
f 422/434/234 423/435/229 427/439/232 426/438/238
f 431/443/239 432/444/237 436/448/240 435/447/241
f 426/438/238 427/439/232 431/443/239 430/442/242
f 427/439/232 428/440/231 432/444/237 431/443/239
f 432/444/237 429/441/236 433/445/243 436/448/240
f 430/442/242 431/443/239 435/447/241 434/446/244
f 440/452/245 437/449/246 441/453/247 444/456/248
f 436/448/240 433/445/243 437/449/246 440/452/245
f 434/446/244 435/447/241 439/451/249 438/450/250
f 435/447/241 436/448/240 440/452/245 439/451/249
f 443/455/251 444/456/248 448/460/252 447/459/253
f 438/450/250 439/451/249 443/455/251 442/454/254
f 439/451/249 440/452/245 444/456/248 443/455/251
f 448/460/252 445/457/289 449/461/256 452/464/257
f 444/456/248 441/453/247 445/457/289 448/460/252
f 442/454/254 443/455/251 447/459/253 446/458/258
f 450/462/259 451/463/260 455/467/261 454/466/262
f 446/458/258 447/459/253 451/463/260 450/462/259
f 447/459/253 448/460/252 452/464/257 451/463/260
f 455/467/261 456/468/263 460/472/264 459/471/265
f 451/463/260 452/464/257 456/468/263 455/467/261
f 452/464/257 449/461/256 453/465/266 456/468/263
f 460/472/264 457/469/267 461/473/268 464/476/269
f 456/468/263 453/465/266 457/469/267 460/472/264
f 454/466/262 455/467/261 459/471/265 458/470/270
f 463/475/271 464/476/269 468/480/272 467/479/273
f 458/470/270 459/471/265 463/475/271 462/474/274
f 459/471/265 460/472/264 464/476/269 463/475/271
f 467/479/273 468/480/272 472/484/275 471/483/276
f 464/476/269 461/473/268 465/477/277 468/480/272
f 462/474/274 463/475/271 467/479/273 466/478/278
f 472/484/275 469/481/279 473/485/290 476/488/281
f 468/480/272 465/477/277 469/481/279 472/484/275
f 466/478/278 467/479/273 471/483/276 470/482/282
f 475/487/283 476/488/281 480/492/284 479/491/285
f 470/482/282 471/483/276 475/487/283 474/486/291
f 471/483/276 472/484/275 476/488/281 475/487/283
f 478/490/287 479/491/285 480/492/284 477/489/288
f 476/488/281 473/485/290 477/489/288 480/492/284
f 474/486/291 475/487/283 479/491/285 478/490/287
f 481/493/292 482/494/293 484/496/294 483/495/295
f 484/496/294 488/500/6 492/504/296 489/501/20
f 487/499/10 488/500/6 486/498/9 485/497/10
f 485/497/10 486/498/9 482/494/293 481/493/292
f 488/500/6 484/496/294 482/494/293 486/498/9
f 489/501/20 492/504/296 496/508/297 493/505/20
f 483/495/295 484/496/294 489/501/20 490/502/31
f 492/504/296 488/500/6 501/513/298 503/515/299
f 496/508/297 495/507/300 499/511/301 500/512/302
f 490/502/31 489/501/20 493/505/20 494/506/31
f 492/504/296 491/503/303 495/507/300 496/508/297
f 498/510/55 497/509/56 500/512/302 499/511/301
f 493/505/20 496/508/297 500/512/302 497/509/56
f 494/506/31 493/505/20 497/509/56 498/510/55
f 503/515/299 501/513/298 505/517/304 507/519/58 513/525/59
f 488/500/6 487/499/10 502/514/305 501/513/298
f 491/503/303 492/504/296 503/515/299 504/516/306
f 501/513/298 502/514/305 510/522/307 509/521/308
f 504/516/306 503/515/299 513/525/59 514/526/64
f 509/521/308 510/522/307 512/524/309 511/523/310
f 505/517/304 501/513/298 509/521/308 511/523/310
f 506/518/311 505/517/304 511/523/310 512/524/309
f 517/529/68 515/527/312 519/531/313 521/533/71
f 514/526/64 513/525/59 507/519/58 508/520/72
f 508/520/72 507/519/58 517/529/68 518/530/314
f 507/519/58 505/517/304 515/527/312 517/529/68
f 505/517/304 506/518/311 516/528/315 515/527/312
f 515/527/312 516/528/315 520/532/316 519/531/313
f 518/530/314 517/529/68 521/533/71 522/534/76
f 526/538/317 525/537/318 529/541/319 530/542/320
f 522/534/76 521/533/71 525/537/318 526/538/317
f 521/533/71 519/531/313 523/535/321 525/537/318
f 519/531/313 520/532/316 524/536/322 523/535/321
f 529/541/319 527/539/323 531/543/84 533/545/324
f 525/537/318 523/535/321 527/539/323 529/541/319
f 523/535/321 524/536/322 528/540/325 527/539/323
f 527/539/323 528/540/325 532/544/87 531/543/84
f 530/542/320 529/541/319 533/545/324 534/546/326
f 537/549/327 535/547/90 500/512/302 496/508/297
f 534/546/326 533/545/324 537/549/327 538/550/328
f 533/545/324 531/543/84 535/547/90 537/549/327
f 531/543/84 532/544/87 536/548/92 535/547/90
f 535/547/90 536/548/92 499/511/301 500/512/302
f 538/550/328 537/549/327 496/508/297 495/507/300
f 618/630/329 617/629/330 653/665/331 652/664/332
f 560/572/333 558/570/334 611/623/335 612/624/336
f 541/553/337 542/554/338 544/556/339 543/555/340
f 626/638/341 625/637/342 645/657/343 644/656/344
f 576/588/345 574/586/346 619/631/347 620/632/348
f 543/555/340 544/556/339 546/558/349 545/557/350
f 634/646/351 633/645/352 637/649/353 636/648/354
f 592/604/355 590/602/356 627/639/357 628/640/358
f 545/557/350 546/558/349 548/560/359 547/559/360
f 629/641/361 628/640/358 642/654/362 641/653/363
f 544/556/339 542/554/338 539/551/364 540/552/365
f 547/559/360 548/560/359 550/562/366 549/561/367
f 539/551/364 634/646/351 636/648/354 635/647/368
f 554/566/369 552/564/370 608/620/371 609/621/372
f 549/561/367 550/562/366 552/564/370 551/563/373
f 621/633/374 620/632/348 650/662/375 649/661/376
f 570/582/377 568/580/378 616/628/379 617/629/330
f 551/563/373 552/564/370 554/566/369 553/565/380
f 613/625/381 612/624/336 658/670/382 657/669/383
f 586/598/384 584/596/385 624/636/386 625/637/342
f 553/565/380 554/566/369 556/568/387 555/567/388
f 605/617/389 540/552/365 666/678/390 665/677/391
f 602/614/392 600/612/393 632/644/394 633/645/352
f 555/567/388 556/568/387 558/570/334 557/569/395
f 632/644/394 631/643/396 639/651/397 638/650/398
f 548/560/359 546/558/349 605/617/389 606/618/399
f 557/569/395 558/570/334 560/572/333 559/571/400
f 624/636/386 623/635/401 647/659/402 646/658/403
f 564/576/404 562/574/405 613/625/381 614/626/406
f 559/571/400 560/572/333 562/574/405 561/573/407
f 616/628/379 615/627/408 655/667/409 654/666/410
f 580/592/411 578/590/412 621/633/374 622/634/413
f 561/573/407 562/574/405 564/576/404 563/575/414
f 608/620/371 607/619/415 663/675/416 662/674/417
f 596/608/418 594/606/419 629/641/361 630/642/420
f 563/575/414 564/576/404 566/578/421 565/577/422
f 627/639/357 626/638/341 644/656/344 643/655/423
f 558/570/334 556/568/387 610/622/424 611/623/335
f 565/577/422 566/578/421 568/580/378 567/579/425
f 619/631/347 618/630/329 652/664/332 651/663/426
f 574/586/346 572/584/427 618/630/329 619/631/347
f 567/579/425 568/580/378 570/582/377 569/581/428
f 611/623/335 610/622/424 660/672/429 659/671/430
f 590/602/356 588/600/431 626/638/341 627/639/357
f 569/581/428 570/582/377 572/584/427 571/583/432
f 630/642/420 629/641/361 641/653/363 640/652/433
f 552/564/370 550/562/366 607/619/415 608/620/371
f 571/583/432 572/584/427 574/586/346 573/585/434
f 622/634/413 621/633/374 649/661/376 648/660/435
f 568/580/378 566/578/421 615/627/408 616/628/379
f 573/585/434 574/586/346 576/588/345 575/587/436
f 614/626/406 613/625/381 657/669/383 656/668/437
f 584/596/385 582/594/438 623/635/401 624/636/386
f 575/587/436 576/588/345 578/590/412 577/589/439
f 606/618/399 605/617/389 665/677/391 664/676/440
f 600/612/393 598/610/441 631/643/396 632/644/394
f 577/589/439 578/590/412 580/592/411 579/591/442
f 633/645/352 632/644/394 638/650/398 637/649/353
f 542/554/338 604/616/443 634/646/351 539/551/364
f 579/591/442 580/592/411 582/594/438 581/593/444
f 625/637/342 624/636/386 646/658/403 645/657/343
f 546/558/349 544/556/339 540/552/365 605/617/389
f 581/593/444 582/594/438 584/596/385 583/595/445
f 617/629/330 616/628/379 654/666/410 653/665/331
f 562/574/405 560/572/333 612/624/336 613/625/381
f 583/595/445 584/596/385 586/598/384 585/597/446
f 609/621/372 608/620/371 662/674/417 661/673/447
f 578/590/412 576/588/345 620/632/348 621/633/374
f 585/597/446 586/598/384 588/600/431 587/599/448
f 628/640/358 627/639/357 643/655/423 642/654/362
f 594/606/419 592/604/355 628/640/358 629/641/361
f 587/599/448 588/600/431 590/602/356 589/601/449
f 620/632/348 619/631/347 651/663/426 650/662/375
f 556/568/387 554/566/369 609/621/372 610/622/424
f 589/601/449 590/602/356 592/604/355 591/603/450
f 612/624/336 611/623/335 659/671/430 658/670/382
f 572/584/427 570/582/377 617/629/330 618/630/329
f 591/603/450 592/604/355 594/606/419 593/605/451
f 540/552/365 539/551/364 635/647/368 666/678/390
f 588/600/431 586/598/384 625/637/342 626/638/341
f 593/605/451 594/606/419 596/608/418 595/607/452
f 631/643/396 630/642/420 640/652/433 639/651/397
f 604/616/443 602/614/392 633/645/352 634/646/351
f 595/607/452 596/608/418 598/610/441 597/609/453
f 623/635/401 622/634/413 648/660/435 647/659/402
f 550/562/366 548/560/359 606/618/399 607/619/415
f 597/609/453 598/610/441 600/612/393 599/611/454
f 615/627/408 614/626/406 656/668/437 655/667/409
f 566/578/421 564/576/404 614/626/406 615/627/408
f 599/611/454 600/612/393 602/614/392 601/613/455
f 598/610/441 596/608/418 630/642/420 631/643/396
f 582/594/438 580/592/411 622/634/413 623/635/401
f 601/613/455 602/614/392 604/616/443 603/615/456
f 610/622/424 609/621/372 661/673/447 660/672/429
f 642/654/362 643/655/423 675/687/457 674/686/458
f 603/615/456 604/616/443 542/554/338 541/553/337
f 607/619/415 606/618/399 664/676/440 663/675/416
f 677/689/459 678/690/460 710/722/461 709/721/462
f 656/668/437 657/669/383 689/701/463 688/700/464
f 643/655/423 644/656/344 676/688/465 675/687/457
f 657/669/383 658/670/382 690/702/466 689/701/463
f 644/656/344 645/657/343 677/689/459 676/688/465
f 658/670/382 659/671/430 691/703/467 690/702/466
f 645/657/343 646/658/403 678/690/460 677/689/459
f 659/671/430 660/672/429 692/704/468 691/703/467
f 646/658/403 647/659/402 679/691/469 678/690/460
f 660/672/429 661/673/447 693/705/470 692/704/468
f 647/659/402 648/660/435 680/692/471 679/691/469
f 661/673/447 662/674/417 694/706/472 693/705/470
f 648/660/435 649/661/376 681/693/473 680/692/471
f 635/647/368 636/648/354 668/680/474 667/679/475
f 662/674/417 663/675/416 695/707/476 694/706/472
f 649/661/376 650/662/375 682/694/477 681/693/473
f 636/648/354 637/649/353 669/681/478 668/680/474
f 663/675/416 664/676/440 696/708/479 695/707/476
f 650/662/375 651/663/426 683/695/480 682/694/477
f 637/649/353 638/650/398 670/682/481 669/681/478
f 664/676/440 665/677/391 697/709/482 696/708/479
f 651/663/426 652/664/332 684/696/483 683/695/480
f 638/650/398 639/651/397 671/683/484 670/682/481
f 665/677/391 666/678/390 698/710/485 697/709/482
f 652/664/332 653/665/331 685/697/486 684/696/483
f 639/651/397 640/652/433 672/684/487 671/683/484
f 666/678/390 635/647/368 667/679/475 698/710/485
f 653/665/331 654/666/410 686/698/488 685/697/486
f 640/652/433 641/653/363 673/685/489 672/684/487
f 654/666/410 655/667/409 687/699/490 686/698/488
f 641/653/363 642/654/362 674/686/458 673/685/489
f 655/667/409 656/668/437 688/700/464 687/699/490
f 712/724/491 713/725/492 745/757/493 744/756/494
f 691/703/467 692/704/468 724/736/495 723/735/496
f 678/690/460 679/691/469 711/723/497 710/722/461
f 692/704/468 693/705/470 725/737/498 724/736/495
f 679/691/469 680/692/471 712/724/491 711/723/497
f 693/705/470 694/706/472 726/738/499 725/737/498
f 680/692/471 681/693/473 713/725/492 712/724/491
f 667/679/475 668/680/474 700/712/500 699/711/501
f 694/706/472 695/707/476 727/739/502 726/738/499
f 681/693/473 682/694/477 714/726/503 713/725/492
f 668/680/474 669/681/478 701/713/504 700/712/500
f 695/707/476 696/708/479 728/740/505 727/739/502
f 682/694/477 683/695/480 715/727/506 714/726/503
f 669/681/478 670/682/481 702/714/507 701/713/504
f 696/708/479 697/709/482 729/741/508 728/740/505
f 683/695/480 684/696/483 716/728/509 715/727/506
f 670/682/481 671/683/484 703/715/510 702/714/507
f 697/709/482 698/710/485 730/742/511 729/741/508
f 684/696/483 685/697/486 717/729/512 716/728/509
f 671/683/484 672/684/487 704/716/513 703/715/510
f 698/710/485 667/679/475 699/711/501 730/742/511
f 685/697/486 686/698/488 718/730/514 717/729/512
f 672/684/487 673/685/489 705/717/515 704/716/513
f 686/698/488 687/699/490 719/731/516 718/730/514
f 673/685/489 674/686/458 706/718/517 705/717/515
f 687/699/490 688/700/464 720/732/518 719/731/516
f 674/686/458 675/687/457 707/719/519 706/718/517
f 688/700/464 689/701/463 721/733/520 720/732/518
f 675/687/457 676/688/465 708/720/521 707/719/519
f 689/701/463 690/702/466 722/734/522 721/733/520
f 676/688/465 677/689/459 709/721/462 708/720/521
f 690/702/466 691/703/467 723/735/496 722/734/522
f 747/759/523 748/760/524 780/792/525 779/791/526
f 699/711/501 700/712/500 732/744/527 731/743/528
f 726/738/499 727/739/502 759/771/529 758/770/530
f 713/725/492 714/726/503 746/758/531 745/757/493
f 700/712/500 701/713/504 733/745/532 732/744/527
f 727/739/502 728/740/505 760/772/533 759/771/529
f 714/726/503 715/727/506 747/759/523 746/758/531
f 701/713/504 702/714/507 734/746/534 733/745/532
f 728/740/505 729/741/508 761/773/535 760/772/533
f 715/727/506 716/728/509 748/760/524 747/759/523
f 702/714/507 703/715/510 735/747/536 734/746/534
f 729/741/508 730/742/511 762/774/537 761/773/535
f 716/728/509 717/729/512 749/761/538 748/760/524
f 703/715/510 704/716/513 736/748/539 735/747/536
f 730/742/511 699/711/501 731/743/528 762/774/537
f 717/729/512 718/730/514 750/762/540 749/761/538
f 704/716/513 705/717/515 737/749/541 736/748/539
f 718/730/514 719/731/516 751/763/542 750/762/540
f 705/717/515 706/718/517 738/750/543 737/749/541
f 719/731/516 720/732/518 752/764/544 751/763/542
f 706/718/517 707/719/519 739/751/545 738/750/543
f 720/732/518 721/733/520 753/765/546 752/764/544
f 707/719/519 708/720/521 740/752/547 739/751/545
f 721/733/520 722/734/522 754/766/548 753/765/546
f 708/720/521 709/721/462 741/753/549 740/752/547
f 722/734/522 723/735/496 755/767/550 754/766/548
f 709/721/462 710/722/461 742/754/551 741/753/549
f 723/735/496 724/736/495 756/768/552 755/767/550
f 710/722/461 711/723/497 743/755/553 742/754/551
f 724/736/495 725/737/498 757/769/554 756/768/552
f 711/723/497 712/724/491 744/756/494 743/755/553
f 725/737/498 726/738/499 758/770/530 757/769/554
f 782/794/555 783/795/556 815/827/557 814/826/558
f 734/746/534 735/747/536 767/779/559 766/778/560
f 761/773/535 762/774/537 794/806/561 793/805/562
f 748/760/524 749/761/538 781/793/563 780/792/525
f 735/747/536 736/748/539 768/780/564 767/779/559
f 762/774/537 731/743/528 763/775/565 794/806/561
f 749/761/538 750/762/540 782/794/555 781/793/563
f 736/748/539 737/749/541 769/781/566 768/780/564
f 750/762/540 751/763/542 783/795/556 782/794/555
f 737/749/541 738/750/543 770/782/567 769/781/566
f 751/763/542 752/764/544 784/796/568 783/795/556
f 738/750/543 739/751/545 771/783/569 770/782/567
f 752/764/544 753/765/546 785/797/570 784/796/568
f 739/751/545 740/752/547 772/784/571 771/783/569
f 753/765/546 754/766/548 786/798/572 785/797/570
f 740/752/547 741/753/549 773/785/573 772/784/571
f 754/766/548 755/767/550 787/799/574 786/798/572
f 741/753/549 742/754/551 774/786/575 773/785/573
f 755/767/550 756/768/552 788/800/576 787/799/574
f 742/754/551 743/755/553 775/787/577 774/786/575
f 756/768/552 757/769/554 789/801/578 788/800/576
f 743/755/553 744/756/494 776/788/579 775/787/577
f 757/769/554 758/770/530 790/802/580 789/801/578
f 744/756/494 745/757/493 777/789/581 776/788/579
f 731/743/528 732/744/527 764/776/582 763/775/565
f 758/770/530 759/771/529 791/803/583 790/802/580
f 745/757/493 746/758/531 778/790/584 777/789/581
f 732/744/527 733/745/532 765/777/585 764/776/582
f 759/771/529 760/772/533 792/804/586 791/803/583
f 746/758/531 747/759/523 779/791/526 778/790/584
f 733/745/532 734/746/534 766/778/560 765/777/585
f 760/772/533 761/773/535 793/805/562 792/804/586
f 817/829/587 818/830/588 850/862/589 849/861/590
f 769/781/566 770/782/567 802/814/591 801/813/592
f 783/795/556 784/796/568 816/828/593 815/827/557
f 770/782/567 771/783/569 803/815/594 802/814/591
f 784/796/568 785/797/570 817/829/587 816/828/593
f 771/783/569 772/784/571 804/816/595 803/815/594
f 785/797/570 786/798/572 818/830/588 817/829/587
f 772/784/571 773/785/573 805/817/596 804/816/595
f 786/798/572 787/799/574 819/831/597 818/830/588
f 773/785/573 774/786/575 806/818/598 805/817/596
f 787/799/574 788/800/576 820/832/599 819/831/597
f 774/786/575 775/787/577 807/819/600 806/818/598
f 788/800/576 789/801/578 821/833/601 820/832/599
f 775/787/577 776/788/579 808/820/602 807/819/600
f 789/801/578 790/802/580 822/834/603 821/833/601
f 776/788/579 777/789/581 809/821/604 808/820/602
f 763/775/565 764/776/582 796/808/605 795/807/606
f 790/802/580 791/803/583 823/835/607 822/834/603
f 777/789/581 778/790/584 810/822/608 809/821/604
f 764/776/582 765/777/585 797/809/609 796/808/605
f 791/803/583 792/804/586 824/836/610 823/835/607
f 778/790/584 779/791/526 811/823/611 810/822/608
f 765/777/585 766/778/560 798/810/612 797/809/609
f 792/804/586 793/805/562 825/837/613 824/836/610
f 779/791/526 780/792/525 812/824/614 811/823/611
f 766/778/560 767/779/559 799/811/615 798/810/612
f 793/805/562 794/806/561 826/838/616 825/837/613
f 780/792/525 781/793/563 813/825/617 812/824/614
f 767/779/559 768/780/564 800/812/618 799/811/615
f 794/806/561 763/775/565 795/807/606 826/838/616
f 781/793/563 782/794/555 814/826/558 813/825/617
f 768/780/564 769/781/566 801/813/592 800/812/618
f 852/864/619 853/865/620 885/897/621 884/896/622
f 804/816/595 805/817/596 837/849/623 836/848/624
f 818/830/588 819/831/597 851/863/625 850/862/589
f 805/817/596 806/818/598 838/850/626 837/849/623
f 819/831/597 820/832/599 852/864/619 851/863/625
f 806/818/598 807/819/600 839/851/627 838/850/626
f 820/832/599 821/833/601 853/865/620 852/864/619
f 807/819/600 808/820/602 840/852/628 839/851/627
f 821/833/601 822/834/603 854/866/629 853/865/620
f 808/820/602 809/821/604 841/853/630 840/852/628
f 795/807/606 796/808/605 828/840/631 827/839/632
f 822/834/603 823/835/607 855/867/633 854/866/629
f 809/821/604 810/822/608 842/854/634 841/853/630
f 796/808/605 797/809/609 829/841/635 828/840/631
f 823/835/607 824/836/610 856/868/636 855/867/633
f 810/822/608 811/823/611 843/855/637 842/854/634
f 797/809/609 798/810/612 830/842/638 829/841/635
f 824/836/610 825/837/613 857/869/639 856/868/636
f 811/823/611 812/824/614 844/856/640 843/855/637
f 798/810/612 799/811/615 831/843/641 830/842/638
f 825/837/613 826/838/616 858/870/642 857/869/639
f 812/824/614 813/825/617 845/857/643 844/856/640
f 799/811/615 800/812/618 832/844/644 831/843/641
f 826/838/616 795/807/606 827/839/632 858/870/642
f 813/825/617 814/826/558 846/858/645 845/857/643
f 800/812/618 801/813/592 833/845/646 832/844/644
f 814/826/558 815/827/557 847/859/647 846/858/645
f 801/813/592 802/814/591 834/846/648 833/845/646
f 815/827/557 816/828/593 848/860/649 847/859/647
f 802/814/591 803/815/594 835/847/650 834/846/648
f 816/828/593 817/829/587 849/861/590 848/860/649
f 803/815/594 804/816/595 836/848/624 835/847/650
f 860/872/651 861/873/652 893/905/653 892/904/654
f 839/851/627 840/852/628 872/884/655 871/883/656
f 853/865/620 854/866/629 886/898/657 885/897/621
f 840/852/628 841/853/630 873/885/658 872/884/655
f 827/839/632 828/840/631 860/872/651 859/871/659
f 854/866/629 855/867/633 887/899/660 886/898/657
f 841/853/630 842/854/634 874/886/661 873/885/658
f 828/840/631 829/841/635 861/873/652 860/872/651
f 855/867/633 856/868/636 888/900/662 887/899/660
f 842/854/634 843/855/637 875/887/663 874/886/661
f 829/841/635 830/842/638 862/874/664 861/873/652
f 856/868/636 857/869/639 889/901/665 888/900/662
f 843/855/637 844/856/640 876/888/666 875/887/663
f 830/842/638 831/843/641 863/875/667 862/874/664
f 857/869/639 858/870/642 890/902/668 889/901/665
f 844/856/640 845/857/643 877/889/669 876/888/666
f 831/843/641 832/844/644 864/876/670 863/875/667
f 858/870/642 827/839/632 859/871/659 890/902/668
f 845/857/643 846/858/645 878/890/671 877/889/669
f 832/844/644 833/845/646 865/877/672 864/876/670
f 846/858/645 847/859/647 879/891/673 878/890/671
f 833/845/646 834/846/648 866/878/674 865/877/672
f 847/859/647 848/860/649 880/892/675 879/891/673
f 834/846/648 835/847/650 867/879/676 866/878/674
f 848/860/649 849/861/590 881/893/677 880/892/675
f 835/847/650 836/848/624 868/880/678 867/879/676
f 849/861/590 850/862/589 882/894/679 881/893/677
f 836/848/624 837/849/623 869/881/680 868/880/678
f 850/862/589 851/863/625 883/895/681 882/894/679
f 837/849/623 838/850/626 870/882/682 869/881/680
f 851/863/625 852/864/619 884/896/622 883/895/681
f 838/850/626 839/851/627 871/883/656 870/882/682
f 895/907/683 896/908/684 928/940/685 927/939/686
f 887/899/660 888/900/662 920/932/687 919/931/688
f 874/886/661 875/887/663 907/919/689 906/918/690
f 861/873/652 862/874/664 894/906/691 893/905/653
f 888/900/662 889/901/665 921/933/692 920/932/687
f 875/887/663 876/888/666 908/920/693 907/919/689
f 862/874/664 863/875/667 895/907/683 894/906/691
f 889/901/665 890/902/668 922/934/694 921/933/692
f 876/888/666 877/889/669 909/921/695 908/920/693
f 863/875/667 864/876/670 896/908/684 895/907/683
f 890/902/668 859/871/659 891/903/696 922/934/694
f 877/889/669 878/890/671 910/922/697 909/921/695
f 864/876/670 865/877/672 897/909/698 896/908/684
f 878/890/671 879/891/673 911/923/699 910/922/697
f 865/877/672 866/878/674 898/910/700 897/909/698
f 879/891/673 880/892/675 912/924/701 911/923/699
f 866/878/674 867/879/676 899/911/702 898/910/700
f 880/892/675 881/893/677 913/925/703 912/924/701
f 867/879/676 868/880/678 900/912/704 899/911/702
f 881/893/677 882/894/679 914/926/705 913/925/703
f 868/880/678 869/881/680 901/913/706 900/912/704
f 882/894/679 883/895/681 915/927/707 914/926/705
f 869/881/680 870/882/682 902/914/708 901/913/706
f 883/895/681 884/896/622 916/928/709 915/927/707
f 870/882/682 871/883/656 903/915/710 902/914/708
f 884/896/622 885/897/621 917/929/711 916/928/709
f 871/883/656 872/884/655 904/916/712 903/915/710
f 885/897/621 886/898/657 918/930/713 917/929/711
f 872/884/655 873/885/658 905/917/714 904/916/712
f 859/871/659 860/872/651 892/904/654 891/903/696
f 886/898/657 887/899/660 919/931/688 918/930/713
f 873/885/658 874/886/661 906/918/690 905/917/714
f 929/941/715 930/942/716 962/974/717 961/973/718
f 922/934/694 891/903/696 923/935/719 954/966/720
f 909/921/695 910/922/697 942/954/721 941/953/722
f 896/908/684 897/909/698 929/941/715 928/940/685
f 910/922/697 911/923/699 943/955/723 942/954/721
f 897/909/698 898/910/700 930/942/716 929/941/715
f 911/923/699 912/924/701 944/956/724 943/955/723
f 898/910/700 899/911/702 931/943/725 930/942/716
f 912/924/701 913/925/703 945/957/726 944/956/724
f 899/911/702 900/912/704 932/944/727 931/943/725
f 913/925/703 914/926/705 946/958/728 945/957/726
f 900/912/704 901/913/706 933/945/729 932/944/727
f 914/926/705 915/927/707 947/959/730 946/958/728
f 901/913/706 902/914/708 934/946/731 933/945/729
f 915/927/707 916/928/709 948/960/732 947/959/730
f 902/914/708 903/915/710 935/947/733 934/946/731
f 916/928/709 917/929/711 949/961/734 948/960/732
f 903/915/710 904/916/712 936/948/735 935/947/733
f 917/929/711 918/930/713 950/962/736 949/961/734
f 904/916/712 905/917/714 937/949/737 936/948/735
f 891/903/696 892/904/654 924/936/738 923/935/719
f 918/930/713 919/931/688 951/963/739 950/962/736
f 905/917/714 906/918/690 938/950/740 937/949/737
f 892/904/654 893/905/653 925/937/741 924/936/738
f 919/931/688 920/932/687 952/964/742 951/963/739
f 906/918/690 907/919/689 939/951/743 938/950/740
f 893/905/653 894/906/691 926/938/744 925/937/741
f 920/932/687 921/933/692 953/965/745 952/964/742
f 907/919/689 908/920/693 940/952/746 939/951/743
f 894/906/691 895/907/683 927/939/686 926/938/744
f 921/933/692 922/934/694 954/966/720 953/965/745
f 908/920/693 909/921/695 941/953/722 940/952/746
f 964/976/747 965/977/748 997/1009/749 996/1008/750
f 943/955/723 944/956/724 976/988/751 975/987/752
f 930/942/716 931/943/725 963/975/753 962/974/717
f 944/956/724 945/957/726 977/989/754 976/988/751
f 931/943/725 932/944/727 964/976/747 963/975/753
f 945/957/726 946/958/728 978/990/755 977/989/754
f 932/944/727 933/945/729 965/977/748 964/976/747
f 946/958/728 947/959/730 979/991/756 978/990/755
f 933/945/729 934/946/731 966/978/757 965/977/748
f 947/959/730 948/960/732 980/992/758 979/991/756
f 934/946/731 935/947/733 967/979/759 966/978/757
f 948/960/732 949/961/734 981/993/760 980/992/758
f 935/947/733 936/948/735 968/980/761 967/979/759
f 949/961/734 950/962/736 982/994/762 981/993/760
f 936/948/735 937/949/737 969/981/763 968/980/761
f 923/935/719 924/936/738 956/968/764 955/967/765
f 950/962/736 951/963/739 983/995/766 982/994/762
f 937/949/737 938/950/740 970/982/767 969/981/763
f 924/936/738 925/937/741 957/969/768 956/968/764
f 951/963/739 952/964/742 984/996/769 983/995/766
f 938/950/740 939/951/743 971/983/770 970/982/767
f 925/937/741 926/938/744 958/970/771 957/969/768
f 952/964/742 953/965/745 985/997/772 984/996/769
f 939/951/743 940/952/746 972/984/773 971/983/770
f 926/938/744 927/939/686 959/971/774 958/970/771
f 953/965/745 954/966/720 986/998/775 985/997/772
f 940/952/746 941/953/722 973/985/776 972/984/773
f 927/939/686 928/940/685 960/972/777 959/971/774
f 954/966/720 923/935/719 955/967/765 986/998/775
f 941/953/722 942/954/721 974/986/778 973/985/776
f 928/940/685 929/941/715 961/973/718 960/972/777
f 942/954/721 943/955/723 975/987/752 974/986/778
f 999/1011/779 1000/1012/780 1032/1044/781 1031/1043/782
f 978/990/755 979/991/756 1011/1023/783 1010/1022/784
f 965/977/748 966/978/757 998/1010/785 997/1009/749
f 979/991/756 980/992/758 1012/1024/786 1011/1023/783
f 966/978/757 967/979/759 999/1011/779 998/1010/785
f 980/992/758 981/993/760 1013/1025/787 1012/1024/786
f 967/979/759 968/980/761 1000/1012/780 999/1011/779
f 981/993/760 982/994/762 1014/1026/788 1013/1025/787
f 968/980/761 969/981/763 1001/1013/789 1000/1012/780
f 955/967/765 956/968/764 988/1000/790 987/999/791
f 982/994/762 983/995/766 1015/1027/792 1014/1026/788
f 969/981/763 970/982/767 1002/1014/793 1001/1013/789
f 956/968/764 957/969/768 989/1001/794 988/1000/790
f 983/995/766 984/996/769 1016/1028/795 1015/1027/792
f 970/982/767 971/983/770 1003/1015/796 1002/1014/793
f 957/969/768 958/970/771 990/1002/797 989/1001/794
f 984/996/769 985/997/772 1017/1029/798 1016/1028/795
f 971/983/770 972/984/773 1004/1016/799 1003/1015/796
f 958/970/771 959/971/774 991/1003/800 990/1002/797
f 985/997/772 986/998/775 1018/1030/801 1017/1029/798
f 972/984/773 973/985/776 1005/1017/802 1004/1016/799
f 959/971/774 960/972/777 992/1004/803 991/1003/800
f 986/998/775 955/967/765 987/999/791 1018/1030/801
f 973/985/776 974/986/778 1006/1018/804 1005/1017/802
f 960/972/777 961/973/718 993/1005/805 992/1004/803
f 974/986/778 975/987/752 1007/1019/806 1006/1018/804
f 961/973/718 962/974/717 994/1006/807 993/1005/805
f 975/987/752 976/988/751 1008/1020/808 1007/1019/806
f 962/974/717 963/975/753 995/1007/809 994/1006/807
f 976/988/751 977/989/754 1009/1021/810 1008/1020/808
f 963/975/753 964/976/747 996/1008/750 995/1007/809
f 977/989/754 978/990/755 1010/1022/784 1009/1021/810
f 1034/1046/811 1035/1047/812 1067/1079/813 1066/1078/814
f 1013/1025/787 1014/1026/788 1046/1058/815 1045/1057/816
f 1000/1012/780 1001/1013/789 1033/1045/817 1032/1044/781
f 987/999/791 988/1000/790 1020/1032/818 1019/1031/819
f 1014/1026/788 1015/1027/792 1047/1059/820 1046/1058/815
f 1001/1013/789 1002/1014/793 1034/1046/811 1033/1045/817
f 988/1000/790 989/1001/794 1021/1033/821 1020/1032/818
f 1015/1027/792 1016/1028/795 1048/1060/822 1047/1059/820
f 1002/1014/793 1003/1015/796 1035/1047/812 1034/1046/811
f 989/1001/794 990/1002/797 1022/1034/823 1021/1033/821
f 1016/1028/795 1017/1029/798 1049/1061/824 1048/1060/822
f 1003/1015/796 1004/1016/799 1036/1048/825 1035/1047/812
f 990/1002/797 991/1003/800 1023/1035/826 1022/1034/823
f 1017/1029/798 1018/1030/801 1050/1062/827 1049/1061/824
f 1004/1016/799 1005/1017/802 1037/1049/828 1036/1048/825
f 991/1003/800 992/1004/803 1024/1036/829 1023/1035/826
f 1018/1030/801 987/999/791 1019/1031/819 1050/1062/827
f 1005/1017/802 1006/1018/804 1038/1050/830 1037/1049/828
f 992/1004/803 993/1005/805 1025/1037/831 1024/1036/829
f 1006/1018/804 1007/1019/806 1039/1051/832 1038/1050/830
f 993/1005/805 994/1006/807 1026/1038/833 1025/1037/831
f 1007/1019/806 1008/1020/808 1040/1052/834 1039/1051/832
f 994/1006/807 995/1007/809 1027/1039/835 1026/1038/833
f 1008/1020/808 1009/1021/810 1041/1053/836 1040/1052/834
f 995/1007/809 996/1008/750 1028/1040/837 1027/1039/835
f 1009/1021/810 1010/1022/784 1042/1054/838 1041/1053/836
f 996/1008/750 997/1009/749 1029/1041/839 1028/1040/837
f 1010/1022/784 1011/1023/783 1043/1055/840 1042/1054/838
f 997/1009/749 998/1010/785 1030/1042/841 1029/1041/839
f 1011/1023/783 1012/1024/786 1044/1056/842 1043/1055/840
f 998/1010/785 999/1011/779 1031/1043/782 1030/1042/841
f 1012/1024/786 1013/1025/787 1045/1057/816 1044/1056/842
f 1069/1081/843 1070/1082/844 1102/1114/845 1101/1113/846
f 1021/1033/821 1022/1034/823 1054/1066/847 1053/1065/848
f 1048/1060/822 1049/1061/824 1081/1093/849 1080/1092/850
f 1035/1047/812 1036/1048/825 1068/1080/851 1067/1079/813
f 1022/1034/823 1023/1035/826 1055/1067/852 1054/1066/847
f 1049/1061/824 1050/1062/827 1082/1094/853 1081/1093/849
f 1036/1048/825 1037/1049/828 1069/1081/843 1068/1080/851
f 1023/1035/826 1024/1036/829 1056/1068/854 1055/1067/852
f 1050/1062/827 1019/1031/819 1051/1063/855 1082/1094/853
f 1037/1049/828 1038/1050/830 1070/1082/844 1069/1081/843
f 1024/1036/829 1025/1037/831 1057/1069/856 1056/1068/854
f 1038/1050/830 1039/1051/832 1071/1083/857 1070/1082/844
f 1025/1037/831 1026/1038/833 1058/1070/858 1057/1069/856
f 1039/1051/832 1040/1052/834 1072/1084/859 1071/1083/857
f 1026/1038/833 1027/1039/835 1059/1071/860 1058/1070/858
f 1040/1052/834 1041/1053/836 1073/1085/861 1072/1084/859
f 1027/1039/835 1028/1040/837 1060/1072/862 1059/1071/860
f 1041/1053/836 1042/1054/838 1074/1086/863 1073/1085/861
f 1028/1040/837 1029/1041/839 1061/1073/864 1060/1072/862
f 1042/1054/838 1043/1055/840 1075/1087/865 1074/1086/863
f 1029/1041/839 1030/1042/841 1062/1074/866 1061/1073/864
f 1043/1055/840 1044/1056/842 1076/1088/867 1075/1087/865
f 1030/1042/841 1031/1043/782 1063/1075/868 1062/1074/866
f 1044/1056/842 1045/1057/816 1077/1089/869 1076/1088/867
f 1031/1043/782 1032/1044/781 1064/1076/870 1063/1075/868
f 1045/1057/816 1046/1058/815 1078/1090/871 1077/1089/869
f 1032/1044/781 1033/1045/817 1065/1077/872 1064/1076/870
f 1019/1031/819 1020/1032/818 1052/1064/873 1051/1063/855
f 1046/1058/815 1047/1059/820 1079/1091/874 1078/1090/871
f 1033/1045/817 1034/1046/811 1066/1078/814 1065/1077/872
f 1020/1032/818 1021/1033/821 1053/1065/848 1052/1064/873
f 1047/1059/820 1048/1060/822 1080/1092/850 1079/1091/874
f 1104/1116/875 1105/1117/876 1137/1149/520 1136/1148/877
f 1056/1068/854 1057/1069/856 1089/1101/878 1088/1100/879
f 1070/1082/844 1071/1083/857 1103/1115/880 1102/1114/845
f 1057/1069/856 1058/1070/858 1090/1102/881 1089/1101/878
f 1071/1083/857 1072/1084/859 1104/1116/875 1103/1115/880
f 1058/1070/858 1059/1071/860 1091/1103/882 1090/1102/881
f 1072/1084/859 1073/1085/861 1105/1117/876 1104/1116/875
f 1059/1071/860 1060/1072/862 1092/1104/883 1091/1103/882
f 1073/1085/861 1074/1086/863 1106/1118/884 1105/1117/876
f 1060/1072/862 1061/1073/864 1093/1105/885 1092/1104/883
f 1074/1086/863 1075/1087/865 1107/1119/886 1106/1118/884
f 1061/1073/864 1062/1074/866 1094/1106/887 1093/1105/885
f 1075/1087/865 1076/1088/867 1108/1120/888 1107/1119/886
f 1062/1074/866 1063/1075/868 1095/1107/889 1094/1106/887
f 1076/1088/867 1077/1089/869 1109/1121/890 1108/1120/888
f 1063/1075/868 1064/1076/870 1096/1108/891 1095/1107/889
f 1077/1089/869 1078/1090/871 1110/1122/892 1109/1121/890
f 1064/1076/870 1065/1077/872 1097/1109/893 1096/1108/891
f 1051/1063/855 1052/1064/873 1084/1096/894 1083/1095/895
f 1078/1090/871 1079/1091/874 1111/1123/896 1110/1122/892
f 1065/1077/872 1066/1078/814 1098/1110/897 1097/1109/893
f 1052/1064/873 1053/1065/848 1085/1097/898 1084/1096/894
f 1079/1091/874 1080/1092/850 1112/1124/899 1111/1123/896
f 1066/1078/814 1067/1079/813 1099/1111/900 1098/1110/897
f 1053/1065/848 1054/1066/847 1086/1098/901 1085/1097/898
f 1080/1092/850 1081/1093/849 1113/1125/902 1112/1124/899
f 1067/1079/813 1068/1080/851 1100/1112/903 1099/1111/900
f 1054/1066/847 1055/1067/852 1087/1099/904 1086/1098/901
f 1081/1093/849 1082/1094/853 1114/1126/905 1113/1125/902
f 1068/1080/851 1069/1081/843 1101/1113/846 1100/1112/903
f 1055/1067/852 1056/1068/854 1088/1100/879 1087/1099/904
f 1082/1094/853 1051/1063/855 1083/1095/895 1114/1126/905
f 1146/1158/906 1115/1127/907 1147/1159/908 1178/1190/909
f 1091/1103/882 1092/1104/883 1124/1136/910 1123/1135/911
f 1105/1117/876 1106/1118/884 1138/1150/912 1137/1149/520
f 1092/1104/883 1093/1105/885 1125/1137/913 1124/1136/910
f 1106/1118/884 1107/1119/886 1139/1151/914 1138/1150/912
f 1093/1105/885 1094/1106/887 1126/1138/915 1125/1137/913
f 1107/1119/886 1108/1120/888 1140/1152/916 1139/1151/914
f 1094/1106/887 1095/1107/889 1127/1139/917 1126/1138/915
f 1108/1120/888 1109/1121/890 1141/1153/918 1140/1152/916
f 1095/1107/889 1096/1108/891 1128/1140/919 1127/1139/917
f 1109/1121/890 1110/1122/892 1142/1154/920 1141/1153/918
f 1096/1108/891 1097/1109/893 1129/1141/921 1128/1140/919
f 1083/1095/895 1084/1096/894 1116/1128/922 1115/1127/907
f 1110/1122/892 1111/1123/896 1143/1155/923 1142/1154/920
f 1097/1109/893 1098/1110/897 1130/1142/924 1129/1141/921
f 1084/1096/894 1085/1097/898 1117/1129/925 1116/1128/922
f 1111/1123/896 1112/1124/899 1144/1156/926 1143/1155/923
f 1098/1110/897 1099/1111/900 1131/1143/927 1130/1142/924
f 1085/1097/898 1086/1098/901 1118/1130/928 1117/1129/925
f 1112/1124/899 1113/1125/902 1145/1157/929 1144/1156/926
f 1099/1111/900 1100/1112/903 1132/1144/930 1131/1143/927
f 1086/1098/901 1087/1099/904 1119/1131/931 1118/1130/928
f 1113/1125/902 1114/1126/905 1146/1158/906 1145/1157/929
f 1100/1112/903 1101/1113/846 1133/1145/932 1132/1144/930
f 1087/1099/904 1088/1100/879 1120/1132/933 1119/1131/931
f 1114/1126/905 1083/1095/895 1115/1127/907 1146/1158/906
f 1101/1113/846 1102/1114/845 1134/1146/934 1133/1145/932
f 1088/1100/879 1089/1101/878 1121/1133/935 1120/1132/933
f 1102/1114/845 1103/1115/880 1135/1147/936 1134/1146/934
f 1089/1101/878 1090/1102/881 1122/1134/937 1121/1133/935
f 1103/1115/880 1104/1116/875 1136/1148/877 1135/1147/936
f 1090/1102/881 1091/1103/882 1123/1135/911 1122/1134/937
f 1168/1180/938 1169/1181/939 1201/1213/940 1200/1212/941
f 1133/1145/932 1134/1146/934 1166/1178/942 1165/1177/943
f 1120/1132/933 1121/1133/935 1153/1165/944 1152/1164/945
f 1134/1146/934 1135/1147/936 1167/1179/946 1166/1178/942
f 1121/1133/935 1122/1134/937 1154/1166/947 1153/1165/944
f 1135/1147/936 1136/1148/877 1168/1180/938 1167/1179/946
f 1122/1134/937 1123/1135/911 1155/1167/948 1154/1166/947
f 1136/1148/877 1137/1149/520 1169/1181/939 1168/1180/938
f 1123/1135/911 1124/1136/910 1156/1168/949 1155/1167/948
f 1137/1149/520 1138/1150/912 1170/1182/950 1169/1181/939
f 1124/1136/910 1125/1137/913 1157/1169/951 1156/1168/949
f 1138/1150/912 1139/1151/914 1171/1183/952 1170/1182/950
f 1125/1137/913 1126/1138/915 1158/1170/953 1157/1169/951
f 1139/1151/914 1140/1152/916 1172/1184/954 1171/1183/952
f 1126/1138/915 1127/1139/917 1159/1171/955 1158/1170/953
f 1140/1152/916 1141/1153/918 1173/1185/956 1172/1184/954
f 1127/1139/917 1128/1140/919 1160/1172/957 1159/1171/955
f 1141/1153/918 1142/1154/920 1174/1186/958 1173/1185/956
f 1128/1140/919 1129/1141/921 1161/1173/959 1160/1172/957
f 1115/1127/907 1116/1128/922 1148/1160/960 1147/1159/908
f 1142/1154/920 1143/1155/923 1175/1187/961 1174/1186/958
f 1129/1141/921 1130/1142/924 1162/1174/962 1161/1173/959
f 1116/1128/922 1117/1129/925 1149/1161/963 1148/1160/960
f 1143/1155/923 1144/1156/926 1176/1188/964 1175/1187/961
f 1130/1142/924 1131/1143/927 1163/1175/965 1162/1174/962
f 1117/1129/925 1118/1130/928 1150/1162/966 1149/1161/963
f 1144/1156/926 1145/1157/929 1177/1189/967 1176/1188/964
f 1131/1143/927 1132/1144/930 1164/1176/968 1163/1175/965
f 1118/1130/928 1119/1131/931 1151/1163/969 1150/1162/966
f 1145/1157/929 1146/1158/906 1178/1190/909 1177/1189/967
f 1132/1144/930 1133/1145/932 1165/1177/943 1164/1176/968
f 1119/1131/931 1120/1132/933 1152/1164/945 1151/1163/969
f 1203/1215/970 1204/1216/971 1236/1248/972 1235/1247/973
f 1155/1167/948 1156/1168/949 1188/1200/974 1187/1199/975
f 1169/1181/939 1170/1182/950 1202/1214/976 1201/1213/940
f 1156/1168/949 1157/1169/951 1189/1201/977 1188/1200/974
f 1170/1182/950 1171/1183/952 1203/1215/970 1202/1214/976
f 1157/1169/951 1158/1170/953 1190/1202/978 1189/1201/977
f 1171/1183/952 1172/1184/954 1204/1216/971 1203/1215/970
f 1158/1170/953 1159/1171/955 1191/1203/979 1190/1202/978
f 1172/1184/954 1173/1185/956 1205/1217/980 1204/1216/971
f 1159/1171/955 1160/1172/957 1192/1204/981 1191/1203/979
f 1173/1185/956 1174/1186/958 1206/1218/982 1205/1217/980
f 1160/1172/957 1161/1173/959 1193/1205/983 1192/1204/981
f 1147/1159/908 1148/1160/960 1180/1192/984 1179/1191/985
f 1174/1186/958 1175/1187/961 1207/1219/986 1206/1218/982
f 1161/1173/959 1162/1174/962 1194/1206/987 1193/1205/983
f 1148/1160/960 1149/1161/963 1181/1193/988 1180/1192/984
f 1175/1187/961 1176/1188/964 1208/1220/989 1207/1219/986
f 1162/1174/962 1163/1175/965 1195/1207/990 1194/1206/987
f 1149/1161/963 1150/1162/966 1182/1194/991 1181/1193/988
f 1176/1188/964 1177/1189/967 1209/1221/992 1208/1220/989
f 1163/1175/965 1164/1176/968 1196/1208/993 1195/1207/990
f 1150/1162/966 1151/1163/969 1183/1195/994 1182/1194/991
f 1177/1189/967 1178/1190/909 1210/1222/995 1209/1221/992
f 1164/1176/968 1165/1177/943 1197/1209/996 1196/1208/993
f 1151/1163/969 1152/1164/945 1184/1196/997 1183/1195/994
f 1178/1190/909 1147/1159/908 1179/1191/985 1210/1222/995
f 1165/1177/943 1166/1178/942 1198/1210/998 1197/1209/996
f 1152/1164/945 1153/1165/944 1185/1197/999 1184/1196/997
f 1166/1178/942 1167/1179/946 1199/1211/1000 1198/1210/998
f 1153/1165/944 1154/1166/947 1186/1198/1001 1185/1197/999
f 1167/1179/946 1168/1180/938 1200/1212/941 1199/1211/1000
f 1154/1166/947 1155/1167/948 1187/1199/975 1186/1198/1001
f 1211/1223/1002 1212/1224/1003 1244/1256/1004 1243/1255/1005
f 1190/1202/978 1191/1203/979 1223/1235/1006 1222/1234/1007
f 1204/1216/971 1205/1217/980 1237/1249/1008 1236/1248/972
f 1191/1203/979 1192/1204/981 1224/1236/1009 1223/1235/1006
f 1205/1217/980 1206/1218/982 1238/1250/1010 1237/1249/1008
f 1192/1204/981 1193/1205/983 1225/1237/1011 1224/1236/1009
f 1179/1191/985 1180/1192/984 1212/1224/1003 1211/1223/1002
f 1206/1218/982 1207/1219/986 1239/1251/1012 1238/1250/1010
f 1193/1205/983 1194/1206/987 1226/1238/1013 1225/1237/1011
f 1180/1192/984 1181/1193/988 1213/1225/1014 1212/1224/1003
f 1207/1219/986 1208/1220/989 1240/1252/1015 1239/1251/1012
f 1194/1206/987 1195/1207/990 1227/1239/1016 1226/1238/1013
f 1181/1193/988 1182/1194/991 1214/1226/1017 1213/1225/1014
f 1208/1220/989 1209/1221/992 1241/1253/1018 1240/1252/1015
f 1195/1207/990 1196/1208/993 1228/1240/1019 1227/1239/1016
f 1182/1194/991 1183/1195/994 1215/1227/1020 1214/1226/1017
f 1209/1221/992 1210/1222/995 1242/1254/1021 1241/1253/1018
f 1196/1208/993 1197/1209/996 1229/1241/1022 1228/1240/1019
f 1183/1195/994 1184/1196/997 1216/1228/1023 1215/1227/1020
f 1210/1222/995 1179/1191/985 1211/1223/1002 1242/1254/1021
f 1197/1209/996 1198/1210/998 1230/1242/1024 1229/1241/1022
f 1184/1196/997 1185/1197/999 1217/1229/1025 1216/1228/1023
f 1198/1210/998 1199/1211/1000 1231/1243/1026 1230/1242/1024
f 1185/1197/999 1186/1198/1001 1218/1230/1027 1217/1229/1025
f 1199/1211/1000 1200/1212/941 1232/1244/1028 1231/1243/1026
f 1186/1198/1001 1187/1199/975 1219/1231/1029 1218/1230/1027
f 1200/1212/941 1201/1213/940 1233/1245/1030 1232/1244/1028
f 1187/1199/975 1188/1200/974 1220/1232/1031 1219/1231/1029
f 1201/1213/940 1202/1214/976 1234/1246/1032 1233/1245/1030
f 1188/1200/974 1189/1201/977 1221/1233/1033 1220/1232/1031
f 1202/1214/976 1203/1215/970 1235/1247/973 1234/1246/1032
f 1189/1201/977 1190/1202/978 1222/1234/1007 1221/1233/1033
f 1246/1258/1034 1247/1259/1035 1279/1291/1036 1278/1290/1037
f 1238/1250/1010 1239/1251/1012 1271/1283/1038 1270/1282/1039
f 1225/1237/1011 1226/1238/1013 1258/1270/1040 1257/1269/1041
f 1212/1224/1003 1213/1225/1014 1245/1257/1042 1244/1256/1004
f 1239/1251/1012 1240/1252/1015 1272/1284/1043 1271/1283/1038
f 1226/1238/1013 1227/1239/1016 1259/1271/1044 1258/1270/1040
f 1213/1225/1014 1214/1226/1017 1246/1258/1034 1245/1257/1042
f 1240/1252/1015 1241/1253/1018 1273/1285/1045 1272/1284/1043
f 1227/1239/1016 1228/1240/1019 1260/1272/1046 1259/1271/1044
f 1214/1226/1017 1215/1227/1020 1247/1259/1035 1246/1258/1034
f 1241/1253/1018 1242/1254/1021 1274/1286/1047 1273/1285/1045
f 1228/1240/1019 1229/1241/1022 1261/1273/1048 1260/1272/1046
f 1215/1227/1020 1216/1228/1023 1248/1260/1049 1247/1259/1035
f 1242/1254/1021 1211/1223/1002 1243/1255/1005 1274/1286/1047
f 1229/1241/1022 1230/1242/1024 1262/1274/1050 1261/1273/1048
f 1216/1228/1023 1217/1229/1025 1249/1261/1051 1248/1260/1049
f 1230/1242/1024 1231/1243/1026 1263/1275/1052 1262/1274/1050
f 1217/1229/1025 1218/1230/1027 1250/1262/1053 1249/1261/1051
f 1231/1243/1026 1232/1244/1028 1264/1276/1054 1263/1275/1052
f 1218/1230/1027 1219/1231/1029 1251/1263/1055 1250/1262/1053
f 1232/1244/1028 1233/1245/1030 1265/1277/1056 1264/1276/1054
f 1219/1231/1029 1220/1232/1031 1252/1264/1057 1251/1263/1055
f 1233/1245/1030 1234/1246/1032 1266/1278/1058 1265/1277/1056
f 1220/1232/1031 1221/1233/1033 1253/1265/1059 1252/1264/1057
f 1234/1246/1032 1235/1247/973 1267/1279/1060 1266/1278/1058
f 1221/1233/1033 1222/1234/1007 1254/1266/1061 1253/1265/1059
f 1235/1247/973 1236/1248/972 1268/1280/1062 1267/1279/1060
f 1222/1234/1007 1223/1235/1006 1255/1267/1063 1254/1266/1061
f 1236/1248/972 1237/1249/1008 1269/1281/1064 1268/1280/1062
f 1223/1235/1006 1224/1236/1009 1256/1268/1065 1255/1267/1063
f 1237/1249/1008 1238/1250/1010 1270/1282/1039 1269/1281/1064
f 1224/1236/1009 1225/1237/1011 1257/1269/1041 1256/1268/1065
f 1306/1318/1066 1275/1287/1067 1276/1288/1068 1277/1289/1069 1278/1290/1037 1279/1291/1036 1280/1292/1070 1281/1293/1071 1282/1294/1072 1283/1295/1073 1284/1296/1074 1285/1297/1075 1286/1298/1076 1287/1299/1077 1288/1300/1078 1289/1301/1079 1290/1302/1080 1291/1303/1081 1292/1304/1082 1293/1305/1083 1294/1306/1084 1295/1307/1085 1296/1308/1086 1297/1309/1087 1298/1310/1088 1299/1311/1089 1300/1312/1090 1301/1313/1091 1302/1314/1092 1303/1315/1093 1304/1316/1094 1305/1317/1095
f 1273/1285/1045 1274/1286/1047 1306/1318/1066 1305/1317/1095
f 1260/1272/1046 1261/1273/1048 1293/1305/1083 1292/1304/1082
f 1247/1259/1035 1248/1260/1049 1280/1292/1070 1279/1291/1036
f 1274/1286/1047 1243/1255/1005 1275/1287/1067 1306/1318/1066
f 1261/1273/1048 1262/1274/1050 1294/1306/1084 1293/1305/1083
f 1248/1260/1049 1249/1261/1051 1281/1293/1071 1280/1292/1070
f 1262/1274/1050 1263/1275/1052 1295/1307/1085 1294/1306/1084
f 1249/1261/1051 1250/1262/1053 1282/1294/1072 1281/1293/1071
f 1263/1275/1052 1264/1276/1054 1296/1308/1086 1295/1307/1085
f 1250/1262/1053 1251/1263/1055 1283/1295/1073 1282/1294/1072
f 1264/1276/1054 1265/1277/1056 1297/1309/1087 1296/1308/1086
f 1251/1263/1055 1252/1264/1057 1284/1296/1074 1283/1295/1073
f 1265/1277/1056 1266/1278/1058 1298/1310/1088 1297/1309/1087
f 1252/1264/1057 1253/1265/1059 1285/1297/1075 1284/1296/1074
f 1266/1278/1058 1267/1279/1060 1299/1311/1089 1298/1310/1088
f 1253/1265/1059 1254/1266/1061 1286/1298/1076 1285/1297/1075
f 1267/1279/1060 1268/1280/1062 1300/1312/1090 1299/1311/1089
f 1254/1266/1061 1255/1267/1063 1287/1299/1077 1286/1298/1076
f 1268/1280/1062 1269/1281/1064 1301/1313/1091 1300/1312/1090
f 1255/1267/1063 1256/1268/1065 1288/1300/1078 1287/1299/1077
f 1269/1281/1064 1270/1282/1039 1302/1314/1092 1301/1313/1091
f 1256/1268/1065 1257/1269/1041 1289/1301/1079 1288/1300/1078
f 1243/1255/1005 1244/1256/1004 1276/1288/1068 1275/1287/1067
f 1270/1282/1039 1271/1283/1038 1303/1315/1093 1302/1314/1092
f 1257/1269/1041 1258/1270/1040 1290/1302/1080 1289/1301/1079
f 1244/1256/1004 1245/1257/1042 1277/1289/1069 1276/1288/1068
f 1271/1283/1038 1272/1284/1043 1304/1316/1094 1303/1315/1093
f 1258/1270/1040 1259/1271/1044 1291/1303/1081 1290/1302/1080
f 1245/1257/1042 1246/1258/1034 1278/1290/1037 1277/1289/1069
f 1272/1284/1043 1273/1285/1045 1305/1317/1095 1304/1316/1094
f 1259/1271/1044 1260/1272/1046 1292/1304/1082 1291/1303/1081
s 0
f 1321/1333/1096 1308/1320/1096 1310/1322/1096 1322/1335/1096
f 1351/1365/31 1352/1367/31 1354/1371/31 1353/1369/31
f 1353/1370/33 1354/1372/33 1358/1376/33 1357/1375/33
f 1357/1375/12 1358/1376/12 1356/1374/12 1355/1373/12
f 1355/1373/35 1356/1374/35 1352/1368/35 1351/1366/35
f 1358/1376/5 1354/1372/5 1352/1368/5 1356/1374/5
usemtl warehouse_shutters1.METAL
f 1340/1354/1097 1365/1383/1097 1364/1382/1097 1339/1353/1097
f 1325/1339/1098 1319/1331/1098 1320/1332/1098 1324/1338/1098
f 1332/1346/1099 1312/1324/1099 1313/1325/1099 1331/1345/1099
f 1339/1353/1100 1364/1382/1100 1363/1381/1100 1338/1352/1100
f 1324/1338/1101 1320/1332/1101 1344/1358/1101 1323/1337/1101
f 1331/1345/1102 1313/1325/1102 1314/1326/1102 1330/1344/1102
f 1338/1352/1103 1363/1381/1103 1362/1380/1103 1337/1351/1103
f 1349/1363/1104 1372/1390/1104 1368/1386/1104 1343/1357/1104
f 1323/1337/1105 1344/1358/1105 1369/1387/1105 1345/1359/1105
f 1330/1344/1106 1314/1326/1106 1315/1327/1106 1329/1343/1106
f 1345/1359/1107 1369/1387/1107 1370/1388/1107 1346/1360/1107
f 1337/1351/1108 1362/1380/1108 1361/1379/1108 1336/1350/1108
f 1329/1343/1109 1315/1327/1109 1316/1328/1109 1328/1342/1109
f 1336/1350/1110 1361/1379/1110 1360/1378/1110 1335/1349/1110
f 1343/1357/1108 1368/1386/1108 1367/1385/1108 1342/1356/1108
f 1328/1342/1106 1316/1328/1106 1317/1329/1106 1327/1341/1106
f 1335/1349/1111 1360/1378/1111 1359/1377/1111 1334/1348/1111
f 1342/1356/1106 1367/1385/1106 1366/1384/1106 1341/1355/1106
f 1327/1341/1112 1317/1329/1112 1318/1330/1112 1326/1340/1112
f 1334/1348/1113 1359/1377/1113 1311/1323/1113 1333/1347/1113
f 1341/1355/1108 1366/1384/1108 1365/1383/1108 1340/1354/1108
f 1347/1361/5 1321/1334/5 1322/1336/5 1348/1362/5
f 1326/1340/1114 1318/1330/1114 1319/1331/1114 1325/1339/1114
f 1333/1347/1108 1311/1323/1108 1312/1324/1108 1332/1346/1108
f 1346/1360/1115 1370/1388/1115 1371/1389/1115 1348/1362/1115
f 1307/1319/5 1350/1364/5 1349/1363/5 1309/1321/5
f 1373/1391/31 1374/1392/31 1376/1394/31 1375/1393/31
f 1375/1393/1096 1376/1394/1096 1380/1398/1096 1379/1397/1096
f 1379/1397/12 1380/1398/12 1378/1396/12 1377/1395/12
f 1377/1395/5 1378/1396/5 1374/1392/5 1373/1391/5
f 1376/1394/31 1374/1392/31 1383/1401/31 1384/1402/31
f 1375/1393/1116 1379/1397/1116 1385/1403/1116 1381/1399/1116
f 1381/1399/1096 1385/1403/1096 1387/1405/1096 1382/1400/1096
f 1386/1404/1096 1384/1402/1096 1383/1401/1096 1388/1406/1096
f 1374/1392/1117 1378/1396/1117 1388/1406/1117 1383/1401/1117
f 1373/1391/31 1375/1393/31 1381/1399/31 1382/1400/31
f 1379/1397/12 1377/1395/12 1387/1405/12 1385/1403/12
f 1380/1398/1118 1376/1394/1118 1384/1402/1118 1386/1404/1118
f 1377/1395/1119 1373/1391/1119 1382/1400/1119 1387/1405/1119
f 1378/1396/12 1380/1398/12 1386/1404/12 1388/1406/12
